query_idx,query_preview,actor,correct,predicted_id,gold_id,confidence,margin,token_position,token,importance_raw,importance_norm,impact,category,in_stix,in_corpus
0,Stealing files,apt29,True,TA0009,T1005,HIGH,4.276487,0,Stealing,-0.026258,-0.0153,NONE,ATTACK_VOCAB,True,True
0,Stealing files,apt29,True,TA0009,T1005,HIGH,4.276487,1,files,1.713778,1.0,HIGH,ATTACK_VOCAB,True,True
1,then invokes a WMI instance in the rootsecuritycenter namesp,apt29,False,T1518.001,TA0002,LOW,0.082747,0,then,0.093624,0.0425,NONE,STOPWORD,False,False
1,then invokes a WMI instance in the rootsecuritycenter namesp,apt29,False,T1518.001,TA0002,LOW,0.082747,1,invokes,-0.059786,-0.0272,NONE,ATTACK_VOCAB,True,False
1,then invokes a WMI instance in the rootsecuritycenter namesp,apt29,False,T1518.001,TA0002,LOW,0.082747,2,a,0.088771,0.0403,NONE,STOPWORD,False,False
1,then invokes a WMI instance in the rootsecuritycenter namesp,apt29,False,T1518.001,TA0002,LOW,0.082747,3,WMI,-0.072942,-0.0331,NONE,ATTACK_VOCAB,True,True
1,then invokes a WMI instance in the rootsecuritycenter namesp,apt29,False,T1518.001,TA0002,LOW,0.082747,4,instance,0.206548,0.0938,LOW,ATTACK_VOCAB,True,True
1,then invokes a WMI instance in the rootsecuritycenter namesp,apt29,False,T1518.001,TA0002,LOW,0.082747,5,in,0.146378,0.0665,LOW,STOPWORD,False,False
1,then invokes a WMI instance in the rootsecuritycenter namesp,apt29,False,T1518.001,TA0002,LOW,0.082747,6,the,0.101202,0.046,NONE,STOPWORD,False,False
1,then invokes a WMI instance in the rootsecuritycenter namesp,apt29,False,T1518.001,TA0002,LOW,0.082747,7,rootsecuritycenter,-0.079763,-0.0362,NONE,OTHER,False,False
1,then invokes a WMI instance in the rootsecuritycenter namesp,apt29,False,T1518.001,TA0002,LOW,0.082747,8,namespace,-0.015812,-0.0072,NONE,ATTACK_VOCAB,True,True
1,then invokes a WMI instance in the rootsecuritycenter namesp,apt29,False,T1518.001,TA0002,LOW,0.082747,9,to,-0.189654,-0.0862,LOW,STOPWORD,False,False
1,then invokes a WMI instance in the rootsecuritycenter namesp,apt29,False,T1518.001,TA0002,LOW,0.082747,10,identify,2.201207,1.0,HIGH,ATTACK_VOCAB,True,True
1,then invokes a WMI instance in the rootsecuritycenter namesp,apt29,False,T1518.001,TA0002,LOW,0.082747,11,security,0.997996,0.4534,MEDIUM,ATTACK_VOCAB,True,True
1,then invokes a WMI instance in the rootsecuritycenter namesp,apt29,False,T1518.001,TA0002,LOW,0.082747,12,products,0.145973,0.0663,LOW,ATTACK_VOCAB,True,True
1,then invokes a WMI instance in the rootsecuritycenter namesp,apt29,False,T1518.001,TA0002,LOW,0.082747,13,installed,0.077136,0.035,NONE,ATTACK_VOCAB,True,True
1,then invokes a WMI instance in the rootsecuritycenter namesp,apt29,False,T1518.001,TA0002,LOW,0.082747,14,on,0.153393,0.0697,LOW,STOPWORD,False,False
1,then invokes a WMI instance in the rootsecuritycenter namesp,apt29,False,T1518.001,TA0002,LOW,0.082747,15,the,0.07406,0.0336,NONE,STOPWORD,False,False
1,then invokes a WMI instance in the rootsecuritycenter namesp,apt29,False,T1518.001,TA0002,LOW,0.082747,16,system,-0.043132,-0.0196,NONE,ATTACK_VOCAB,True,True
2,The other two attacks contained documents with malicious mac,apt29,False,T1204.002,TA0001,HIGH,1.249305,0,The,0.056248,0.0399,NONE,STOPWORD,False,False
2,The other two attacks contained documents with malicious mac,apt29,False,T1204.002,TA0001,HIGH,1.249305,1,other,0.121282,0.086,LOW,ATTACK_VOCAB,True,True
2,The other two attacks contained documents with malicious mac,apt29,False,T1204.002,TA0001,HIGH,1.249305,2,two,-0.005426,-0.0038,NONE,ATTACK_VOCAB,True,True
2,The other two attacks contained documents with malicious mac,apt29,False,T1204.002,TA0001,HIGH,1.249305,3,attacks,-0.016855,-0.0119,NONE,ATTACK_VOCAB,True,True
2,The other two attacks contained documents with malicious mac,apt29,False,T1204.002,TA0001,HIGH,1.249305,4,contained,0.064527,0.0457,NONE,ATTACK_VOCAB,True,True
2,The other two attacks contained documents with malicious mac,apt29,False,T1204.002,TA0001,HIGH,1.249305,5,documents,1.410769,1.0,HIGH,ATTACK_VOCAB,True,True
2,The other two attacks contained documents with malicious mac,apt29,False,T1204.002,TA0001,HIGH,1.249305,6,with,-0.100721,-0.0714,LOW,STOPWORD,False,False
2,The other two attacks contained documents with malicious mac,apt29,False,T1204.002,TA0001,HIGH,1.249305,7,malicious,1.105823,0.7838,HIGH,ATTACK_VOCAB,True,True
2,The other two attacks contained documents with malicious mac,apt29,False,T1204.002,TA0001,HIGH,1.249305,8,macros,-0.740616,-0.525,HIGH,ATTACK_VOCAB,True,True
2,The other two attacks contained documents with malicious mac,apt29,False,T1204.002,TA0001,HIGH,1.249305,9,embedded,-0.176206,-0.1249,LOW,ATTACK_VOCAB,True,True
2,The other two attacks contained documents with malicious mac,apt29,False,T1204.002,TA0001,HIGH,1.249305,10,within,0.043758,0.031,NONE,ATTACK_VOCAB,True,True
2,The other two attacks contained documents with malicious mac,apt29,False,T1204.002,TA0001,HIGH,1.249305,11,them.,-0.105011,-0.0744,LOW,ATTACK_VOCAB,True,True
3,Ryuk created a registry entry under the Run key using Window,wizardspider,True,T1547.001,T1547,HIGH,5.293683,0,Ryuk,0.175761,0.0876,LOW,ATTACK_VOCAB,True,True
3,Ryuk created a registry entry under the Run key using Window,wizardspider,True,T1547.001,T1547,HIGH,5.293683,1,created,0.238777,0.119,LOW,ATTACK_VOCAB,True,True
3,Ryuk created a registry entry under the Run key using Window,wizardspider,True,T1547.001,T1547,HIGH,5.293683,2,a,0.150334,0.075,LOW,STOPWORD,False,False
3,Ryuk created a registry entry under the Run key using Window,wizardspider,True,T1547.001,T1547,HIGH,5.293683,3,registry,2.005718,1.0,HIGH,ATTACK_VOCAB,True,True
3,Ryuk created a registry entry under the Run key using Window,wizardspider,True,T1547.001,T1547,HIGH,5.293683,4,entry,0.144049,0.0718,LOW,ATTACK_VOCAB,True,True
3,Ryuk created a registry entry under the Run key using Window,wizardspider,True,T1547.001,T1547,HIGH,5.293683,5,under,-0.147923,-0.0738,LOW,ATTACK_VOCAB,True,True
3,Ryuk created a registry entry under the Run key using Window,wizardspider,True,T1547.001,T1547,HIGH,5.293683,6,the,0.051163,0.0255,NONE,STOPWORD,False,False
3,Ryuk created a registry entry under the Run key using Window,wizardspider,True,T1547.001,T1547,HIGH,5.293683,7,Run,1.347708,0.6719,HIGH,ATTACK_VOCAB,True,True
3,Ryuk created a registry entry under the Run key using Window,wizardspider,True,T1547.001,T1547,HIGH,5.293683,8,key,1.215083,0.6058,HIGH,ATTACK_VOCAB,True,True
3,Ryuk created a registry entry under the Run key using Window,wizardspider,True,T1547.001,T1547,HIGH,5.293683,9,using,0.052797,0.0263,NONE,ATTACK_VOCAB,True,True
3,Ryuk created a registry entry under the Run key using Window,wizardspider,True,T1547.001,T1547,HIGH,5.293683,10,Windowscmd.exeshell.,-0.131087,-0.0654,LOW,OTHER,False,False
4,a suspicious email that targeted a government oFcial from Jo,oilrig,False,TA0005,TA0001,HIGH,1.484549,0,a,0.046066,0.0948,LOW,STOPWORD,False,False
4,a suspicious email that targeted a government oFcial from Jo,oilrig,False,TA0005,TA0001,HIGH,1.484549,1,suspicious,0.485691,1.0,HIGH,ATTACK_VOCAB,True,False
4,a suspicious email that targeted a government oFcial from Jo,oilrig,False,TA0005,TA0001,HIGH,1.484549,2,email,-0.224236,-0.4617,MEDIUM,ATTACK_VOCAB,True,True
4,a suspicious email that targeted a government oFcial from Jo,oilrig,False,TA0005,TA0001,HIGH,1.484549,3,that,0.003476,0.0072,NONE,STOPWORD,False,False
4,a suspicious email that targeted a government oFcial from Jo,oilrig,False,TA0005,TA0001,HIGH,1.484549,4,targeted,0.06122,0.126,LOW,ATTACK_VOCAB,True,True
4,a suspicious email that targeted a government oFcial from Jo,oilrig,False,TA0005,TA0001,HIGH,1.484549,5,a,0.050988,0.105,LOW,STOPWORD,False,False
4,a suspicious email that targeted a government oFcial from Jo,oilrig,False,TA0005,TA0001,HIGH,1.484549,6,government,0.155242,0.3196,MEDIUM,ATTACK_VOCAB,True,False
4,a suspicious email that targeted a government oFcial from Jo,oilrig,False,TA0005,TA0001,HIGH,1.484549,7,oFcial,0.027837,0.0573,LOW,OTHER,False,False
4,a suspicious email that targeted a government oFcial from Jo,oilrig,False,TA0005,TA0001,HIGH,1.484549,8,from,0.005179,0.0107,NONE,STOPWORD,False,False
4,a suspicious email that targeted a government oFcial from Jo,oilrig,False,TA0005,TA0001,HIGH,1.484549,9,Jordan's,0.036657,0.0755,LOW,OTHER,False,False
4,a suspicious email that targeted a government oFcial from Jo,oilrig,False,TA0005,TA0001,HIGH,1.484549,10,foreign,0.107063,0.2204,MEDIUM,ATTACK_VOCAB,True,False
4,a suspicious email that targeted a government oFcial from Jo,oilrig,False,TA0005,TA0001,HIGH,1.484549,11,ministry.,0.10485,0.2159,MEDIUM,ATTACK_VOCAB,True,False
4,a suspicious email that targeted a government oFcial from Jo,oilrig,False,TA0005,TA0001,HIGH,1.484549,12,The,0.075987,0.1565,LOW,STOPWORD,False,False
4,a suspicious email that targeted a government oFcial from Jo,oilrig,False,TA0005,TA0001,HIGH,1.484549,13,email,-0.060063,-0.1237,LOW,ATTACK_VOCAB,True,True
4,a suspicious email that targeted a government oFcial from Jo,oilrig,False,TA0005,TA0001,HIGH,1.484549,14,contained,0.113286,0.2332,MEDIUM,ATTACK_VOCAB,True,True
4,a suspicious email that targeted a government oFcial from Jo,oilrig,False,TA0005,TA0001,HIGH,1.484549,15,a,0.052087,0.1072,LOW,STOPWORD,False,False
4,a suspicious email that targeted a government oFcial from Jo,oilrig,False,TA0005,TA0001,HIGH,1.484549,16,malicious,-0.012878,-0.0265,NONE,ATTACK_VOCAB,True,True
4,a suspicious email that targeted a government oFcial from Jo,oilrig,False,TA0005,TA0001,HIGH,1.484549,17,Excel,0.096004,0.1977,LOW,ATTACK_VOCAB,True,True
4,a suspicious email that targeted a government oFcial from Jo,oilrig,False,TA0005,TA0001,HIGH,1.484549,18,document,0.087942,0.1811,LOW,ATTACK_VOCAB,True,True
4,a suspicious email that targeted a government oFcial from Jo,oilrig,False,TA0005,TA0001,HIGH,1.484549,19,that,0.13703,0.2821,MEDIUM,STOPWORD,False,False
4,a suspicious email that targeted a government oFcial from Jo,oilrig,False,TA0005,TA0001,HIGH,1.484549,20,drops,0.306889,0.6319,HIGH,OTHER,False,True
4,a suspicious email that targeted a government oFcial from Jo,oilrig,False,TA0005,TA0001,HIGH,1.484549,21,a,0.028084,0.0578,LOW,STOPWORD,False,False
4,a suspicious email that targeted a government oFcial from Jo,oilrig,False,TA0005,TA0001,HIGH,1.484549,22,new,0.030622,0.063,LOW,ATTACK_VOCAB,True,True
4,a suspicious email that targeted a government oFcial from Jo,oilrig,False,TA0005,TA0001,HIGH,1.484549,23,backdoor,0.164108,0.3379,MEDIUM,ATTACK_VOCAB,True,True
4,a suspicious email that targeted a government oFcial from Jo,oilrig,False,TA0005,TA0001,HIGH,1.484549,24,namedÂ,0.053037,0.1092,LOW,ATTACK_VOCAB,True,True
4,a suspicious email that targeted a government oFcial from Jo,oilrig,False,TA0005,TA0001,HIGH,1.484549,25,Saitama,0.128307,0.2642,MEDIUM,OTHER,False,False
5,PowerShell was also used heavily for the execution of comman,carbanak,True,TA0002,TA0002,HIGH,1.143683,0,PowerShell,0.022107,0.0618,LOW,ATTACK_VOCAB,True,True
5,PowerShell was also used heavily for the execution of comman,carbanak,True,TA0002,TA0002,HIGH,1.143683,1,was,0.01805,0.0505,LOW,STOPWORD,False,False
5,PowerShell was also used heavily for the execution of comman,carbanak,True,TA0002,TA0002,HIGH,1.143683,2,also,0.018882,0.0528,LOW,STOPWORD,False,False
5,PowerShell was also used heavily for the execution of comman,carbanak,True,TA0002,TA0002,HIGH,1.143683,3,used,0.001203,0.0034,NONE,ATTACK_VOCAB,True,True
5,PowerShell was also used heavily for the execution of comman,carbanak,True,TA0002,TA0002,HIGH,1.143683,4,heavily,-0.150717,-0.4215,MEDIUM,ATTACK_VOCAB,True,False
5,PowerShell was also used heavily for the execution of comman,carbanak,True,TA0002,TA0002,HIGH,1.143683,5,for,-0.171871,-0.4807,MEDIUM,STOPWORD,False,False
5,PowerShell was also used heavily for the execution of comman,carbanak,True,TA0002,TA0002,HIGH,1.143683,6,the,-0.07474,-0.209,MEDIUM,STOPWORD,False,False
5,PowerShell was also used heavily for the execution of comman,carbanak,True,TA0002,TA0002,HIGH,1.143683,7,execution,0.077608,0.2171,MEDIUM,ATTACK_VOCAB,True,True
5,PowerShell was also used heavily for the execution of comman,carbanak,True,TA0002,TA0002,HIGH,1.143683,8,of,-0.357535,-1.0,HIGH,STOPWORD,False,False
5,PowerShell was also used heavily for the execution of comman,carbanak,True,TA0002,TA0002,HIGH,1.143683,9,commands,-0.194669,-0.5445,HIGH,ATTACK_VOCAB,True,True
5,PowerShell was also used heavily for the execution of comman,carbanak,True,TA0002,TA0002,HIGH,1.143683,10,and,-0.086276,-0.2413,MEDIUM,STOPWORD,False,False
5,PowerShell was also used heavily for the execution of comman,carbanak,True,TA0002,TA0002,HIGH,1.143683,11,arbitrary,0.03629,0.1015,LOW,ATTACK_VOCAB,True,True
5,PowerShell was also used heavily for the execution of comman,carbanak,True,TA0002,TA0002,HIGH,1.143683,12,script,-0.244502,-0.6839,HIGH,ATTACK_VOCAB,True,True
5,PowerShell was also used heavily for the execution of comman,carbanak,True,TA0002,TA0002,HIGH,1.143683,13,execution,0.102456,0.2866,MEDIUM,ATTACK_VOCAB,True,True
6,This would allow FIN6 to escalate privileges in the system.,fin6,True,TA0004,T1068,HIGH,1.437942,0,This,0.076979,0.0482,NONE,STOPWORD,False,False
6,This would allow FIN6 to escalate privileges in the system.,fin6,True,TA0004,T1068,HIGH,1.437942,1,would,0.039169,0.0245,NONE,STOPWORD,False,False
6,This would allow FIN6 to escalate privileges in the system.,fin6,True,TA0004,T1068,HIGH,1.437942,2,allow,0.180096,0.1127,LOW,ATTACK_VOCAB,True,True
6,This would allow FIN6 to escalate privileges in the system.,fin6,True,TA0004,T1068,HIGH,1.437942,3,FIN6,-0.460124,-0.2879,MEDIUM,ACTOR_NAME,True,True
6,This would allow FIN6 to escalate privileges in the system.,fin6,True,TA0004,T1068,HIGH,1.437942,4,to,0.004976,0.0031,NONE,STOPWORD,False,False
6,This would allow FIN6 to escalate privileges in the system.,fin6,True,TA0004,T1068,HIGH,1.437942,5,escalate,1.598267,1.0,HIGH,ATTACK_VOCAB,True,True
6,This would allow FIN6 to escalate privileges in the system.,fin6,True,TA0004,T1068,HIGH,1.437942,6,privileges,0.928817,0.5811,HIGH,ATTACK_VOCAB,True,True
6,This would allow FIN6 to escalate privileges in the system.,fin6,True,TA0004,T1068,HIGH,1.437942,7,in,-0.00599,-0.0037,NONE,STOPWORD,False,False
6,This would allow FIN6 to escalate privileges in the system.,fin6,True,TA0004,T1068,HIGH,1.437942,8,the,0.02867,0.0179,NONE,STOPWORD,False,False
6,This would allow FIN6 to escalate privileges in the system.,fin6,True,TA0004,T1068,HIGH,1.437942,9,system.,-0.027842,-0.0174,NONE,ATTACK_VOCAB,True,True
7,The Dukes are known for launching their attacks by sending l,apt29,True,T1566.002,TA0001,HIGH,1.455987,0,The,-0.11609,-0.0539,LOW,STOPWORD,False,False
7,The Dukes are known for launching their attacks by sending l,apt29,True,T1566.002,TA0001,HIGH,1.455987,1,Dukes,-0.446716,-0.2075,MEDIUM,ATTACK_VOCAB,True,True
7,The Dukes are known for launching their attacks by sending l,apt29,True,T1566.002,TA0001,HIGH,1.455987,2,are,-0.054001,-0.0251,NONE,STOPWORD,False,False
7,The Dukes are known for launching their attacks by sending l,apt29,True,T1566.002,TA0001,HIGH,1.455987,3,known,-0.059629,-0.0277,NONE,ATTACK_VOCAB,True,True
7,The Dukes are known for launching their attacks by sending l,apt29,True,T1566.002,TA0001,HIGH,1.455987,4,for,-0.088211,-0.041,NONE,STOPWORD,False,False
7,The Dukes are known for launching their attacks by sending l,apt29,True,T1566.002,TA0001,HIGH,1.455987,5,launching,-0.172085,-0.0799,LOW,ATTACK_VOCAB,True,True
7,The Dukes are known for launching their attacks by sending l,apt29,True,T1566.002,TA0001,HIGH,1.455987,6,their,-0.036216,-0.0168,NONE,STOPWORD,False,False
7,The Dukes are known for launching their attacks by sending l,apt29,True,T1566.002,TA0001,HIGH,1.455987,7,attacks,0.150455,0.0699,LOW,ATTACK_VOCAB,True,True
7,The Dukes are known for launching their attacks by sending l,apt29,True,T1566.002,TA0001,HIGH,1.455987,8,by,-0.080649,-0.0375,NONE,STOPWORD,False,False
7,The Dukes are known for launching their attacks by sending l,apt29,True,T1566.002,TA0001,HIGH,1.455987,9,sending,-0.237375,-0.1102,LOW,ATTACK_VOCAB,True,True
7,The Dukes are known for launching their attacks by sending l,apt29,True,T1566.002,TA0001,HIGH,1.455987,10,links,2.153181,1.0,HIGH,ATTACK_VOCAB,True,True
7,The Dukes are known for launching their attacks by sending l,apt29,True,T1566.002,TA0001,HIGH,1.455987,11,to,0.13616,0.0632,LOW,STOPWORD,False,False
7,The Dukes are known for launching their attacks by sending l,apt29,True,T1566.002,TA0001,HIGH,1.455987,12,ZIP,-0.10522,-0.0489,NONE,ATTACK_VOCAB,True,True
7,The Dukes are known for launching their attacks by sending l,apt29,True,T1566.002,TA0001,HIGH,1.455987,13,"files,",0.06834,0.0317,NONE,ATTACK_VOCAB,True,True
7,The Dukes are known for launching their attacks by sending l,apt29,True,T1566.002,TA0001,HIGH,1.455987,14,that,0.030564,0.0142,NONE,STOPWORD,False,False
7,The Dukes are known for launching their attacks by sending l,apt29,True,T1566.002,TA0001,HIGH,1.455987,15,contain,0.083234,0.0387,NONE,ATTACK_VOCAB,True,True
7,The Dukes are known for launching their attacks by sending l,apt29,True,T1566.002,TA0001,HIGH,1.455987,16,malicious,0.142756,0.0663,LOW,ATTACK_VOCAB,True,True
7,The Dukes are known for launching their attacks by sending l,apt29,True,T1566.002,TA0001,HIGH,1.455987,17,"executables,",0.10404,0.0483,NONE,ATTACK_VOCAB,True,True
7,The Dukes are known for launching their attacks by sending l,apt29,True,T1566.002,TA0001,HIGH,1.455987,18,hosted,-0.102991,-0.0478,NONE,ATTACK_VOCAB,True,True
7,The Dukes are known for launching their attacks by sending l,apt29,True,T1566.002,TA0001,HIGH,1.455987,19,on,0.049351,0.0229,NONE,STOPWORD,False,False
7,The Dukes are known for launching their attacks by sending l,apt29,True,T1566.002,TA0001,HIGH,1.455987,20,legitimate,-0.05837,-0.0271,NONE,ATTACK_VOCAB,True,True
7,The Dukes are known for launching their attacks by sending l,apt29,True,T1566.002,TA0001,HIGH,1.455987,21,compromised,-0.032385,-0.015,NONE,ATTACK_VOCAB,True,True
7,The Dukes are known for launching their attacks by sending l,apt29,True,T1566.002,TA0001,HIGH,1.455987,22,web,-0.00121,-0.0006,NONE,ATTACK_VOCAB,True,True
7,The Dukes are known for launching their attacks by sending l,apt29,True,T1566.002,TA0001,HIGH,1.455987,23,servers.,-0.138767,-0.0644,LOW,ATTACK_VOCAB,True,True
8,At first the spreadsheet appeared to be blank. Only once the,oilrig,True,TA0002,TA0002,HIGH,2.82114,0,At,0.067518,0.0528,LOW,STOPWORD,False,False
8,At first the spreadsheet appeared to be blank. Only once the,oilrig,True,TA0002,TA0002,HIGH,2.82114,1,first,0.066523,0.0521,LOW,ATTACK_VOCAB,True,True
8,At first the spreadsheet appeared to be blank. Only once the,oilrig,True,TA0002,TA0002,HIGH,2.82114,2,the,0.083786,0.0656,LOW,STOPWORD,False,False
8,At first the spreadsheet appeared to be blank. Only once the,oilrig,True,TA0002,TA0002,HIGH,2.82114,3,spreadsheet,0.065097,0.0509,LOW,ATTACK_VOCAB,True,True
8,At first the spreadsheet appeared to be blank. Only once the,oilrig,True,TA0002,TA0002,HIGH,2.82114,4,appeared,0.121454,0.0951,LOW,ATTACK_VOCAB,True,False
8,At first the spreadsheet appeared to be blank. Only once the,oilrig,True,TA0002,TA0002,HIGH,2.82114,5,to,0.046504,0.0364,NONE,STOPWORD,False,False
8,At first the spreadsheet appeared to be blank. Only once the,oilrig,True,TA0002,TA0002,HIGH,2.82114,6,be,0.024942,0.0195,NONE,STOPWORD,False,False
8,At first the spreadsheet appeared to be blank. Only once the,oilrig,True,TA0002,TA0002,HIGH,2.82114,7,blank.,-0.126519,-0.099,LOW,ATTACK_VOCAB,True,False
8,At first the spreadsheet appeared to be blank. Only once the,oilrig,True,TA0002,TA0002,HIGH,2.82114,8,Only,0.143633,0.1124,LOW,ATTACK_VOCAB,True,True
8,At first the spreadsheet appeared to be blank. Only once the,oilrig,True,TA0002,TA0002,HIGH,2.82114,9,once,0.0559,0.0438,NONE,ATTACK_VOCAB,True,True
8,At first the spreadsheet appeared to be blank. Only once the,oilrig,True,TA0002,TA0002,HIGH,2.82114,10,the,0.061235,0.0479,NONE,STOPWORD,False,False
8,At first the spreadsheet appeared to be blank. Only once the,oilrig,True,TA0002,TA0002,HIGH,2.82114,11,victim,0.034176,0.0267,NONE,ATTACK_VOCAB,True,True
8,At first the spreadsheet appeared to be blank. Only once the,oilrig,True,TA0002,TA0002,HIGH,2.82114,12,enables,0.063071,0.0494,NONE,ATTACK_VOCAB,True,True
8,At first the spreadsheet appeared to be blank. Only once the,oilrig,True,TA0002,TA0002,HIGH,2.82114,13,"macros,",0.112695,0.0882,LOW,ATTACK_VOCAB,True,True
8,At first the spreadsheet appeared to be blank. Only once the,oilrig,True,TA0002,TA0002,HIGH,2.82114,14,the,0.024235,0.019,NONE,STOPWORD,False,False
8,At first the spreadsheet appeared to be blank. Only once the,oilrig,True,TA0002,TA0002,HIGH,2.82114,15,survey,-0.127094,-0.0995,LOW,OTHER,False,False
8,At first the spreadsheet appeared to be blank. Only once the,oilrig,True,TA0002,TA0002,HIGH,2.82114,16,is,0.052782,0.0413,NONE,STOPWORD,False,False
8,At first the spreadsheet appeared to be blank. Only once the,oilrig,True,TA0002,TA0002,HIGH,2.82114,17,displayed,0.07635,0.0598,LOW,ATTACK_VOCAB,True,True
8,At first the spreadsheet appeared to be blank. Only once the,oilrig,True,TA0002,TA0002,HIGH,2.82114,18,to,0.043931,0.0344,NONE,STOPWORD,False,False
8,At first the spreadsheet appeared to be blank. Only once the,oilrig,True,TA0002,TA0002,HIGH,2.82114,19,the,0.080329,0.0629,LOW,STOPWORD,False,False
8,At first the spreadsheet appeared to be blank. Only once the,oilrig,True,TA0002,TA0002,HIGH,2.82114,20,user,0.01209,0.0095,NONE,ATTACK_VOCAB,True,True
8,At first the spreadsheet appeared to be blank. Only once the,oilrig,True,TA0002,TA0002,HIGH,2.82114,21,and,0.120882,0.0946,LOW,STOPWORD,False,False
8,At first the spreadsheet appeared to be blank. Only once the,oilrig,True,TA0002,TA0002,HIGH,2.82114,22,the,0.097731,0.0765,LOW,STOPWORD,False,False
8,At first the spreadsheet appeared to be blank. Only once the,oilrig,True,TA0002,TA0002,HIGH,2.82114,23,malicious,0.026154,0.0205,NONE,ATTACK_VOCAB,True,True
8,At first the spreadsheet appeared to be blank. Only once the,oilrig,True,TA0002,TA0002,HIGH,2.82114,24,VBA,0.251218,0.1966,LOW,ATTACK_VOCAB,True,True
8,At first the spreadsheet appeared to be blank. Only once the,oilrig,True,TA0002,TA0002,HIGH,2.82114,25,code,0.15088,0.1181,LOW,ATTACK_VOCAB,True,True
8,At first the spreadsheet appeared to be blank. Only once the,oilrig,True,TA0002,TA0002,HIGH,2.82114,26,begins,0.090823,0.0711,LOW,OTHER,False,True
8,At first the spreadsheet appeared to be blank. Only once the,oilrig,True,TA0002,TA0002,HIGH,2.82114,27,to,0.068789,0.0538,LOW,STOPWORD,False,False
8,At first the spreadsheet appeared to be blank. Only once the,oilrig,True,TA0002,TA0002,HIGH,2.82114,28,execute,1.277696,1.0,HIGH,ATTACK_VOCAB,True,True
9,Following is the System information sent to the control serv,carbanak,True,T1082,TA0007,HIGH,2.045121,0,Following,0.008129,0.0047,NONE,ATTACK_VOCAB,True,True
9,Following is the System information sent to the control serv,carbanak,True,T1082,TA0007,HIGH,2.045121,1,is,0.232461,0.1345,LOW,STOPWORD,False,False
9,Following is the System information sent to the control serv,carbanak,True,T1082,TA0007,HIGH,2.045121,2,the,0.088917,0.0514,LOW,STOPWORD,False,False
9,Following is the System information sent to the control serv,carbanak,True,T1082,TA0007,HIGH,2.045121,3,System,0.395708,0.2289,MEDIUM,ATTACK_VOCAB,True,True
9,Following is the System information sent to the control serv,carbanak,True,T1082,TA0007,HIGH,2.045121,4,information,1.728442,1.0,HIGH,ATTACK_VOCAB,True,True
9,Following is the System information sent to the control serv,carbanak,True,T1082,TA0007,HIGH,2.045121,5,sent,-0.071533,-0.0414,NONE,ATTACK_VOCAB,True,True
9,Following is the System information sent to the control serv,carbanak,True,T1082,TA0007,HIGH,2.045121,6,to,0.138482,0.0801,LOW,STOPWORD,False,False
9,Following is the System information sent to the control serv,carbanak,True,T1082,TA0007,HIGH,2.045121,7,the,0.095161,0.0551,LOW,STOPWORD,False,False
9,Following is the System information sent to the control serv,carbanak,True,T1082,TA0007,HIGH,2.045121,8,control,0.049141,0.0284,NONE,ATTACK_VOCAB,True,True
9,Following is the System information sent to the control serv,carbanak,True,T1082,TA0007,HIGH,2.045121,9,server,-0.006223,-0.0036,NONE,ATTACK_VOCAB,True,True
9,Following is the System information sent to the control serv,carbanak,True,T1082,TA0007,HIGH,2.045121,10,when,0.050386,0.0292,NONE,STOPWORD,False,False
9,Following is the System information sent to the control serv,carbanak,True,T1082,TA0007,HIGH,2.045121,11,the,0.061933,0.0358,NONE,STOPWORD,False,False
9,Following is the System information sent to the control serv,carbanak,True,T1082,TA0007,HIGH,2.045121,12,command,0.038311,0.0222,NONE,ATTACK_VOCAB,True,True
9,Following is the System information sent to the control serv,carbanak,True,T1082,TA0007,HIGH,2.045121,13,"""INFO""",0.24703,0.1429,LOW,ATTACK_VOCAB,True,False
9,Following is the System information sent to the control serv,carbanak,True,T1082,TA0007,HIGH,2.045121,14,is,0.110173,0.0637,LOW,STOPWORD,False,False
9,Following is the System information sent to the control serv,carbanak,True,T1082,TA0007,HIGH,2.045121,15,received,0.133302,0.0771,LOW,ATTACK_VOCAB,True,False
9,Following is the System information sent to the control serv,carbanak,True,T1082,TA0007,HIGH,2.045121,16,from,0.091958,0.0532,LOW,STOPWORD,False,False
9,Following is the System information sent to the control serv,carbanak,True,T1082,TA0007,HIGH,2.045121,17,the,0.093656,0.0542,LOW,STOPWORD,False,False
9,Following is the System information sent to the control serv,carbanak,True,T1082,TA0007,HIGH,2.045121,18,attacker.,0.116518,0.0674,LOW,ATTACK_VOCAB,True,True
9,Following is the System information sent to the control serv,carbanak,True,T1082,TA0007,HIGH,2.045121,19,OS,0.051021,0.0295,NONE,ATTACK_VOCAB,True,True
9,Following is the System information sent to the control serv,carbanak,True,T1082,TA0007,HIGH,2.045121,20,Name,0.04285,0.0248,NONE,ATTACK_VOCAB,True,True
9,Following is the System information sent to the control serv,carbanak,True,T1082,TA0007,HIGH,2.045121,21,Version,0.0459,0.0266,NONE,ATTACK_VOCAB,True,True
9,Following is the System information sent to the control serv,carbanak,True,T1082,TA0007,HIGH,2.045121,22,Service,0.015619,0.009,NONE,ATTACK_VOCAB,True,True
9,Following is the System information sent to the control serv,carbanak,True,T1082,TA0007,HIGH,2.045121,23,Pack,0.029358,0.017,NONE,OTHER,False,False
9,Following is the System information sent to the control serv,carbanak,True,T1082,TA0007,HIGH,2.045121,24,OS,0.039041,0.0226,NONE,ATTACK_VOCAB,True,True
9,Following is the System information sent to the control serv,carbanak,True,T1082,TA0007,HIGH,2.045121,25,Manufacturer,0.064512,0.0373,NONE,ATTACK_VOCAB,True,False
9,Following is the System information sent to the control serv,carbanak,True,T1082,TA0007,HIGH,2.045121,26,Windows,0.06342,0.0367,NONE,ATTACK_VOCAB,True,True
9,Following is the System information sent to the control serv,carbanak,True,T1082,TA0007,HIGH,2.045121,27,Directory,0.044253,0.0256,NONE,ATTACK_VOCAB,True,True
9,Following is the System information sent to the control serv,carbanak,True,T1082,TA0007,HIGH,2.045121,28,Locale,0.207625,0.1201,LOW,ATTACK_VOCAB,True,False
9,Following is the System information sent to the control serv,carbanak,True,T1082,TA0007,HIGH,2.045121,29,Available,0.073346,0.0424,NONE,ATTACK_VOCAB,True,True
9,Following is the System information sent to the control serv,carbanak,True,T1082,TA0007,HIGH,2.045121,30,Physical,0.090928,0.0526,LOW,ATTACK_VOCAB,True,True
9,Following is the System information sent to the control serv,carbanak,True,T1082,TA0007,HIGH,2.045121,31,Memory,-0.020268,-0.0117,NONE,ATTACK_VOCAB,True,True
9,Following is the System information sent to the control serv,carbanak,True,T1082,TA0007,HIGH,2.045121,32,Total,-0.038985,-0.0226,NONE,OTHER,False,False
9,Following is the System information sent to the control serv,carbanak,True,T1082,TA0007,HIGH,2.045121,33,Virtual,0.019711,0.0114,NONE,ATTACK_VOCAB,True,True
9,Following is the System information sent to the control serv,carbanak,True,T1082,TA0007,HIGH,2.045121,34,Memory,0.028246,0.0163,NONE,ATTACK_VOCAB,True,True
9,Following is the System information sent to the control serv,carbanak,True,T1082,TA0007,HIGH,2.045121,35,Available,0.004405,0.0025,NONE,ATTACK_VOCAB,True,True
9,Following is the System information sent to the control serv,carbanak,True,T1082,TA0007,HIGH,2.045121,36,Virtual,0.010081,0.0058,NONE,ATTACK_VOCAB,True,True
9,Following is the System information sent to the control serv,carbanak,True,T1082,TA0007,HIGH,2.045121,37,Memory,0.017041,0.0099,NONE,ATTACK_VOCAB,True,True
9,Following is the System information sent to the control serv,carbanak,True,T1082,TA0007,HIGH,2.045121,38,System,0.051624,0.0299,NONE,ATTACK_VOCAB,True,True
9,Following is the System information sent to the control serv,carbanak,True,T1082,TA0007,HIGH,2.045121,39,Name,0.053908,0.0312,NONE,ATTACK_VOCAB,True,True
9,Following is the System information sent to the control serv,carbanak,True,T1082,TA0007,HIGH,2.045121,40,System,0.053321,0.0308,NONE,ATTACK_VOCAB,True,True
9,Following is the System information sent to the control serv,carbanak,True,T1082,TA0007,HIGH,2.045121,41,Manufacturer,0.01545,0.0089,NONE,ATTACK_VOCAB,True,False
9,Following is the System information sent to the control serv,carbanak,True,T1082,TA0007,HIGH,2.045121,42,System,0.072345,0.0419,NONE,ATTACK_VOCAB,True,True
9,Following is the System information sent to the control serv,carbanak,True,T1082,TA0007,HIGH,2.045121,43,Model,0.012079,0.007,NONE,ATTACK_VOCAB,True,True
9,Following is the System information sent to the control serv,carbanak,True,T1082,TA0007,HIGH,2.045121,44,Time,-0.174913,-0.1012,LOW,ATTACK_VOCAB,True,True
9,Following is the System information sent to the control serv,carbanak,True,T1082,TA0007,HIGH,2.045121,45,Zone,-0.041607,-0.0241,NONE,ATTACK_VOCAB,True,True
9,Following is the System information sent to the control serv,carbanak,True,T1082,TA0007,HIGH,2.045121,46,Total,-0.072337,-0.0419,NONE,OTHER,False,False
9,Following is the System information sent to the control serv,carbanak,True,T1082,TA0007,HIGH,2.045121,47,Physical,-0.012916,-0.0075,NONE,ATTACK_VOCAB,True,True
9,Following is the System information sent to the control serv,carbanak,True,T1082,TA0007,HIGH,2.045121,48,Memory,-0.000869,-0.0005,NONE,ATTACK_VOCAB,True,True
9,Following is the System information sent to the control serv,carbanak,True,T1082,TA0007,HIGH,2.045121,49,Processor,0.035996,0.0208,NONE,ATTACK_VOCAB,True,True
9,Following is the System information sent to the control serv,carbanak,True,T1082,TA0007,HIGH,2.045121,50,System,-0.012116,-0.007,NONE,ATTACK_VOCAB,True,True
9,Following is the System information sent to the control serv,carbanak,True,T1082,TA0007,HIGH,2.045121,51,Type,-0.02477,-0.0143,NONE,ATTACK_VOCAB,True,True
9,Following is the System information sent to the control serv,carbanak,True,T1082,TA0007,HIGH,2.045121,52,Processor,0.021878,0.0127,NONE,ATTACK_VOCAB,True,True
9,Following is the System information sent to the control serv,carbanak,True,T1082,TA0007,HIGH,2.045121,53,BIOS,0.08435,0.0488,NONE,ATTACK_VOCAB,True,True
9,Following is the System information sent to the control serv,carbanak,True,T1082,TA0007,HIGH,2.045121,54,Version,-0.010805,-0.0063,NONE,ATTACK_VOCAB,True,True
9,Following is the System information sent to the control serv,carbanak,True,T1082,TA0007,HIGH,2.045121,55,Computer,-0.008302,-0.0048,NONE,ATTACK_VOCAB,True,True
9,Following is the System information sent to the control serv,carbanak,True,T1082,TA0007,HIGH,2.045121,56,name,-0.019874,-0.0115,NONE,ATTACK_VOCAB,True,True
9,Following is the System information sent to the control serv,carbanak,True,T1082,TA0007,HIGH,2.045121,57,Domain,0.004495,0.0026,NONE,ATTACK_VOCAB,True,True
9,Following is the System information sent to the control serv,carbanak,True,T1082,TA0007,HIGH,2.045121,58,User,-0.066377,-0.0384,NONE,ATTACK_VOCAB,True,True
9,Following is the System information sent to the control serv,carbanak,True,T1082,TA0007,HIGH,2.045121,59,name,-0.051152,-0.0296,NONE,ATTACK_VOCAB,True,True
10,"In the months that followed, the Duke group began to target ",apt29,True,TA0001,TA0001,HIGH,1.01257,0,In,-0.033449,-0.0578,LOW,STOPWORD,False,False
10,"In the months that followed, the Duke group began to target ",apt29,True,TA0001,TA0001,HIGH,1.01257,1,the,0.150936,0.2608,MEDIUM,STOPWORD,False,False
10,"In the months that followed, the Duke group began to target ",apt29,True,TA0001,TA0001,HIGH,1.01257,2,months,0.35097,0.6065,HIGH,OTHER,False,False
10,"In the months that followed, the Duke group began to target ",apt29,True,TA0001,TA0001,HIGH,1.01257,3,that,0.131482,0.2272,MEDIUM,STOPWORD,False,False
10,"In the months that followed, the Duke group began to target ",apt29,True,TA0001,TA0001,HIGH,1.01257,4,"followed,",0.217879,0.3765,MEDIUM,ATTACK_VOCAB,True,False
10,"In the months that followed, the Duke group began to target ",apt29,True,TA0001,TA0001,HIGH,1.01257,5,the,0.025119,0.0434,NONE,STOPWORD,False,False
10,"In the months that followed, the Duke group began to target ",apt29,True,TA0001,TA0001,HIGH,1.01257,6,Duke,-0.104034,-0.1798,LOW,OTHER,False,False
10,"In the months that followed, the Duke group began to target ",apt29,True,TA0001,TA0001,HIGH,1.01257,7,group,0.168095,0.2905,MEDIUM,ATTACK_VOCAB,True,True
10,"In the months that followed, the Duke group began to target ",apt29,True,TA0001,TA0001,HIGH,1.01257,8,began,0.473303,0.818,HIGH,ATTACK_VOCAB,True,True
10,"In the months that followed, the Duke group began to target ",apt29,True,TA0001,TA0001,HIGH,1.01257,9,to,-0.142365,-0.246,MEDIUM,STOPWORD,False,False
10,"In the months that followed, the Duke group began to target ",apt29,True,TA0001,TA0001,HIGH,1.01257,10,target,0.558957,0.966,HIGH,ATTACK_VOCAB,True,True
10,"In the months that followed, the Duke group began to target ",apt29,True,TA0001,TA0001,HIGH,1.01257,11,victims,-0.578643,-1.0,HIGH,ATTACK_VOCAB,True,True
10,"In the months that followed, the Duke group began to target ",apt29,True,TA0001,TA0001,HIGH,1.01257,12,with,-0.193872,-0.335,MEDIUM,STOPWORD,False,False
10,"In the months that followed, the Duke group began to target ",apt29,True,TA0001,TA0001,HIGH,1.01257,13,"""O$ce",0.015455,0.0267,NONE,OTHER,False,False
10,"In the months that followed, the Duke group began to target ",apt29,True,TA0001,TA0001,HIGH,1.01257,14,"Monkeys""-",-0.002043,-0.0035,NONE,OTHER,False,True
10,"In the months that followed, the Duke group began to target ",apt29,True,TA0001,TA0001,HIGH,1.01257,15,and,0.00898,0.0155,NONE,STOPWORD,False,False
10,"In the months that followed, the Duke group began to target ",apt29,True,TA0001,TA0001,HIGH,1.01257,16,"""eFax""-themed",0.047477,0.082,LOW,OTHER,False,False
10,"In the months that followed, the Duke group began to target ",apt29,True,TA0001,TA0001,HIGH,1.01257,17,"emails,",-0.135047,-0.2334,MEDIUM,ATTACK_VOCAB,True,True
10,"In the months that followed, the Duke group began to target ",apt29,True,TA0001,TA0001,HIGH,1.01257,18,booby-trapped,0.060144,0.1039,LOW,OTHER,False,False
10,"In the months that followed, the Duke group began to target ",apt29,True,TA0001,TA0001,HIGH,1.01257,19,with,0.016168,0.0279,NONE,STOPWORD,False,False
10,"In the months that followed, the Duke group began to target ",apt29,True,TA0001,TA0001,HIGH,1.01257,20,a,0.006003,0.0104,NONE,STOPWORD,False,False
10,"In the months that followed, the Duke group began to target ",apt29,True,TA0001,TA0001,HIGH,1.01257,21,Cozyduke,-0.043845,-0.0758,LOW,ATTACK_VOCAB,True,True
10,"In the months that followed, the Duke group began to target ",apt29,True,TA0001,TA0001,HIGH,1.01257,22,payload.,0.103292,0.1785,LOW,ATTACK_VOCAB,True,True
11,the actors gather information on systems running SQL Databas,fin6,False,T1082,T1213.002,MEDIUM,0.140957,0,the,0.034783,0.0306,NONE,STOPWORD,False,False
11,the actors gather information on systems running SQL Databas,fin6,False,T1082,T1213.002,MEDIUM,0.140957,1,actors,-0.355761,-0.3131,MEDIUM,ATTACK_VOCAB,True,True
11,the actors gather information on systems running SQL Databas,fin6,False,T1082,T1213.002,MEDIUM,0.140957,2,gather,0.342438,0.3014,MEDIUM,ATTACK_VOCAB,True,True
11,the actors gather information on systems running SQL Databas,fin6,False,T1082,T1213.002,MEDIUM,0.140957,3,information,0.948261,0.8345,HIGH,ATTACK_VOCAB,True,True
11,the actors gather information on systems running SQL Databas,fin6,False,T1082,T1213.002,MEDIUM,0.140957,4,on,0.084418,0.0743,LOW,STOPWORD,False,False
11,the actors gather information on systems running SQL Databas,fin6,False,T1082,T1213.002,MEDIUM,0.140957,5,systems,1.136288,1.0,HIGH,ATTACK_VOCAB,True,True
11,the actors gather information on systems running SQL Databas,fin6,False,T1082,T1213.002,MEDIUM,0.140957,6,running,-0.058807,-0.0518,LOW,ATTACK_VOCAB,True,True
11,the actors gather information on systems running SQL Databas,fin6,False,T1082,T1213.002,MEDIUM,0.140957,7,SQL,-0.04617,-0.0406,NONE,ATTACK_VOCAB,True,True
11,the actors gather information on systems running SQL Databas,fin6,False,T1082,T1213.002,MEDIUM,0.140957,8,Database,-0.043874,-0.0386,NONE,ATTACK_VOCAB,True,True
11,the actors gather information on systems running SQL Databas,fin6,False,T1082,T1213.002,MEDIUM,0.140957,9,Server,-0.082403,-0.0725,LOW,ATTACK_VOCAB,True,True
11,the actors gather information on systems running SQL Databas,fin6,False,T1082,T1213.002,MEDIUM,0.140957,10,instances,-0.03316,-0.0292,NONE,ATTACK_VOCAB,True,False
11,the actors gather information on systems running SQL Databas,fin6,False,T1082,T1213.002,MEDIUM,0.140957,11,and,0.056051,0.0493,NONE,STOPWORD,False,False
11,the actors gather information on systems running SQL Databas,fin6,False,T1082,T1213.002,MEDIUM,0.140957,12,dump,-0.068992,-0.0607,LOW,ATTACK_VOCAB,True,True
11,the actors gather information on systems running SQL Databas,fin6,False,T1082,T1213.002,MEDIUM,0.140957,13,schemas,0.117382,0.1033,LOW,ATTACK_VOCAB,True,False
11,the actors gather information on systems running SQL Databas,fin6,False,T1082,T1213.002,MEDIUM,0.140957,14,for,-0.02992,-0.0263,NONE,STOPWORD,False,False
11,the actors gather information on systems running SQL Databas,fin6,False,T1082,T1213.002,MEDIUM,0.140957,15,multiple,-0.041292,-0.0363,NONE,ATTACK_VOCAB,True,True
11,the actors gather information on systems running SQL Databas,fin6,False,T1082,T1213.002,MEDIUM,0.140957,16,databases,0.015915,0.014,NONE,ATTACK_VOCAB,True,True
11,the actors gather information on systems running SQL Databas,fin6,False,T1082,T1213.002,MEDIUM,0.140957,17,and,-0.025557,-0.0225,NONE,STOPWORD,False,False
11,the actors gather information on systems running SQL Databas,fin6,False,T1082,T1213.002,MEDIUM,0.140957,18,SQL,-0.05074,-0.0447,NONE,ATTACK_VOCAB,True,True
11,the actors gather information on systems running SQL Databas,fin6,False,T1082,T1213.002,MEDIUM,0.140957,19,user,-0.065747,-0.0579,LOW,ATTACK_VOCAB,True,True
11,the actors gather information on systems running SQL Databas,fin6,False,T1082,T1213.002,MEDIUM,0.140957,20,accounts,-0.072273,-0.0636,LOW,ATTACK_VOCAB,True,True
12,A user downloaded a malicious resumethemed Microso# Word doc,fin6,True,TA0002,TA0002,HIGH,4.683682,0,A,-0.031571,-0.0766,LOW,STOPWORD,False,False
12,A user downloaded a malicious resumethemed Microso# Word doc,fin6,True,TA0002,TA0002,HIGH,4.683682,1,user,-0.412308,-1.0,HIGH,ATTACK_VOCAB,True,True
12,A user downloaded a malicious resumethemed Microso# Word doc,fin6,True,TA0002,TA0002,HIGH,4.683682,2,downloaded,0.186657,0.4527,MEDIUM,ATTACK_VOCAB,True,True
12,A user downloaded a malicious resumethemed Microso# Word doc,fin6,True,TA0002,TA0002,HIGH,4.683682,3,a,0.049509,0.1201,LOW,STOPWORD,False,False
12,A user downloaded a malicious resumethemed Microso# Word doc,fin6,True,TA0002,TA0002,HIGH,4.683682,4,malicious,0.154657,0.3751,MEDIUM,ATTACK_VOCAB,True,True
12,A user downloaded a malicious resumethemed Microso# Word doc,fin6,True,TA0002,TA0002,HIGH,4.683682,5,resumethemed,-0.138237,-0.3353,MEDIUM,OTHER,False,False
12,A user downloaded a malicious resumethemed Microso# Word doc,fin6,True,TA0002,TA0002,HIGH,4.683682,6,Microso#,-0.180299,-0.4373,MEDIUM,OTHER,False,True
12,A user downloaded a malicious resumethemed Microso# Word doc,fin6,True,TA0002,TA0002,HIGH,4.683682,7,Word,0.140581,0.341,MEDIUM,ATTACK_VOCAB,True,True
12,A user downloaded a malicious resumethemed Microso# Word doc,fin6,True,TA0002,TA0002,HIGH,4.683682,8,document,0.00771,0.0187,NONE,ATTACK_VOCAB,True,True
12,A user downloaded a malicious resumethemed Microso# Word doc,fin6,True,TA0002,TA0002,HIGH,4.683682,9,that,0.024803,0.0602,LOW,STOPWORD,False,False
12,A user downloaded a malicious resumethemed Microso# Word doc,fin6,True,TA0002,TA0002,HIGH,4.683682,10,contained,-0.168725,-0.4092,MEDIUM,ATTACK_VOCAB,True,True
12,A user downloaded a malicious resumethemed Microso# Word doc,fin6,True,TA0002,TA0002,HIGH,4.683682,11,macros,-0.244379,-0.5927,HIGH,ATTACK_VOCAB,True,True
13,VNC,carbanak,True,TA0011,S0030,HIGH,1.047307,0,VNC,0.0,0.0,NONE,ATTACK_VOCAB,True,True
14,FIN6 generally used either registry run keys,fin6,True,T1547.001,T1547,HIGH,4.543473,0,FIN6,-0.055216,-0.0375,NONE,ACTOR_NAME,True,True
14,FIN6 generally used either registry run keys,fin6,True,T1547.001,T1547,HIGH,4.543473,1,generally,0.059002,0.04,NONE,ATTACK_VOCAB,True,True
14,FIN6 generally used either registry run keys,fin6,True,T1547.001,T1547,HIGH,4.543473,2,used,0.021894,0.0149,NONE,ATTACK_VOCAB,True,True
14,FIN6 generally used either registry run keys,fin6,True,T1547.001,T1547,HIGH,4.543473,3,either,-0.059474,-0.0403,NONE,ATTACK_VOCAB,True,True
14,FIN6 generally used either registry run keys,fin6,True,T1547.001,T1547,HIGH,4.543473,4,registry,1.474269,1.0,HIGH,ATTACK_VOCAB,True,True
14,FIN6 generally used either registry run keys,fin6,True,T1547.001,T1547,HIGH,4.543473,5,run,1.313296,0.8908,HIGH,ATTACK_VOCAB,True,True
14,FIN6 generally used either registry run keys,fin6,True,T1547.001,T1547,HIGH,4.543473,6,keys,0.955681,0.6482,HIGH,ATTACK_VOCAB,True,True
15,thousands of recipients being sent spear-phishing emails tha,apt29,True,T1566.002,T1566,HIGH,0.607289,0,thousands,-0.37472,-0.2913,MEDIUM,ATTACK_VOCAB,True,True
15,thousands of recipients being sent spear-phishing emails tha,apt29,True,T1566.002,T1566,HIGH,0.607289,1,of,-0.15111,-0.1175,LOW,STOPWORD,False,False
15,thousands of recipients being sent spear-phishing emails tha,apt29,True,T1566.002,T1566,HIGH,0.607289,2,recipients,-0.134972,-0.1049,LOW,ATTACK_VOCAB,True,True
15,thousands of recipients being sent spear-phishing emails tha,apt29,True,T1566.002,T1566,HIGH,0.607289,3,being,-0.116745,-0.0908,LOW,ATTACK_VOCAB,True,True
15,thousands of recipients being sent spear-phishing emails tha,apt29,True,T1566.002,T1566,HIGH,0.607289,4,sent,-0.095844,-0.0745,LOW,ATTACK_VOCAB,True,True
15,thousands of recipients being sent spear-phishing emails tha,apt29,True,T1566.002,T1566,HIGH,0.607289,5,spear-phishing,1.286396,1.0,HIGH,ATTACK_VOCAB,True,True
15,thousands of recipients being sent spear-phishing emails tha,apt29,True,T1566.002,T1566,HIGH,0.607289,6,emails,-0.279991,-0.2177,MEDIUM,ATTACK_VOCAB,True,True
15,thousands of recipients being sent spear-phishing emails tha,apt29,True,T1566.002,T1566,HIGH,0.607289,7,that,-0.22697,-0.1764,LOW,STOPWORD,False,False
15,thousands of recipients being sent spear-phishing emails tha,apt29,True,T1566.002,T1566,HIGH,0.607289,8,contained,-0.222915,-0.1733,LOW,ATTACK_VOCAB,True,True
15,thousands of recipients being sent spear-phishing emails tha,apt29,True,T1566.002,T1566,HIGH,0.607289,9,links,1.170462,0.9099,HIGH,ATTACK_VOCAB,True,True
15,thousands of recipients being sent spear-phishing emails tha,apt29,True,T1566.002,T1566,HIGH,0.607289,10,to,0.164845,0.1281,LOW,STOPWORD,False,False
15,thousands of recipients being sent spear-phishing emails tha,apt29,True,T1566.002,T1566,HIGH,0.607289,11,compromised,0.019168,0.0149,NONE,ATTACK_VOCAB,True,True
15,thousands of recipients being sent spear-phishing emails tha,apt29,True,T1566.002,T1566,HIGH,0.607289,12,websites,-0.161369,-0.1254,LOW,ATTACK_VOCAB,True,True
15,thousands of recipients being sent spear-phishing emails tha,apt29,True,T1566.002,T1566,HIGH,0.607289,13,hosting,-0.174985,-0.136,LOW,ATTACK_VOCAB,True,True
15,thousands of recipients being sent spear-phishing emails tha,apt29,True,T1566.002,T1566,HIGH,0.607289,14,CozyDuke,-0.215624,-0.1676,LOW,ATTACK_VOCAB,True,True
16,recreating the JavaScript code,fin7,True,TA0002,TA0002,HIGH,1.119988,0,recreating,0.546949,1.0,HIGH,OTHER,False,False
16,recreating the JavaScript code,fin7,True,TA0002,TA0002,HIGH,1.119988,1,the,0.178251,0.3259,MEDIUM,STOPWORD,False,False
16,recreating the JavaScript code,fin7,True,TA0002,TA0002,HIGH,1.119988,2,JavaScript,0.458495,0.8383,HIGH,ATTACK_VOCAB,True,True
16,recreating the JavaScript code,fin7,True,TA0002,TA0002,HIGH,1.119988,3,code,0.37253,0.6811,HIGH,ATTACK_VOCAB,True,True
17,An actor logged into an internet-facing system via RDP,fin6,True,T1021.001,T1021.001,HIGH,1.837919,0,An,0.161329,0.0436,NONE,STOPWORD,False,False
17,An actor logged into an internet-facing system via RDP,fin6,True,T1021.001,T1021.001,HIGH,1.837919,1,actor,-0.159305,-0.043,NONE,ATTACK_VOCAB,True,True
17,An actor logged into an internet-facing system via RDP,fin6,True,T1021.001,T1021.001,HIGH,1.837919,2,logged,-0.048144,-0.013,NONE,ATTACK_VOCAB,True,True
17,An actor logged into an internet-facing system via RDP,fin6,True,T1021.001,T1021.001,HIGH,1.837919,3,into,0.243052,0.0657,LOW,STOPWORD,False,False
17,An actor logged into an internet-facing system via RDP,fin6,True,T1021.001,T1021.001,HIGH,1.837919,4,an,0.116325,0.0314,NONE,STOPWORD,False,False
17,An actor logged into an internet-facing system via RDP,fin6,True,T1021.001,T1021.001,HIGH,1.837919,5,internet-facing,0.07094,0.0192,NONE,OTHER,False,False
17,An actor logged into an internet-facing system via RDP,fin6,True,T1021.001,T1021.001,HIGH,1.837919,6,system,0.113256,0.0306,NONE,ATTACK_VOCAB,True,True
17,An actor logged into an internet-facing system via RDP,fin6,True,T1021.001,T1021.001,HIGH,1.837919,7,via,1.572855,0.4249,MEDIUM,STOPWORD,False,False
17,An actor logged into an internet-facing system via RDP,fin6,True,T1021.001,T1021.001,HIGH,1.837919,8,RDP,3.701516,1.0,HIGH,ATTACK_VOCAB,True,True
18,"SandWorm repeatedly accessed and browsed Vles, ran malicious",sandworm,True,TA0007,TA0007,HIGH,0.611846,0,SandWorm,-0.312454,-0.3113,MEDIUM,ACTOR_NAME,True,True
18,"SandWorm repeatedly accessed and browsed Vles, ran malicious",sandworm,True,TA0007,TA0007,HIGH,0.611846,1,repeatedly,-0.162136,-0.1615,LOW,ATTACK_VOCAB,True,True
18,"SandWorm repeatedly accessed and browsed Vles, ran malicious",sandworm,True,TA0007,TA0007,HIGH,0.611846,2,accessed,0.323964,0.3228,MEDIUM,ATTACK_VOCAB,True,False
18,"SandWorm repeatedly accessed and browsed Vles, ran malicious",sandworm,True,TA0007,TA0007,HIGH,0.611846,3,and,0.298485,0.2974,MEDIUM,STOPWORD,False,False
18,"SandWorm repeatedly accessed and browsed Vles, ran malicious",sandworm,True,TA0007,TA0007,HIGH,0.611846,4,browsed,1.003678,1.0,HIGH,OTHER,False,False
18,"SandWorm repeatedly accessed and browsed Vles, ran malicious",sandworm,True,TA0007,TA0007,HIGH,0.611846,5,"Vles,",0.959272,0.9558,HIGH,OTHER,False,False
18,"SandWorm repeatedly accessed and browsed Vles, ran malicious",sandworm,True,TA0007,TA0007,HIGH,0.611846,6,ran,-0.140377,-0.1399,LOW,OTHER,False,False
18,"SandWorm repeatedly accessed and browsed Vles, ran malicious",sandworm,True,TA0007,TA0007,HIGH,0.611846,7,malicious,-0.439828,-0.4382,MEDIUM,ATTACK_VOCAB,True,True
18,"SandWorm repeatedly accessed and browsed Vles, ran malicious",sandworm,True,TA0007,TA0007,HIGH,0.611846,8,"scripts,",0.323469,0.3223,MEDIUM,ATTACK_VOCAB,True,True
18,"SandWorm repeatedly accessed and browsed Vles, ran malicious",sandworm,True,TA0007,TA0007,HIGH,0.611846,9,and,0.221881,0.2211,MEDIUM,STOPWORD,False,False
18,"SandWorm repeatedly accessed and browsed Vles, ran malicious",sandworm,True,TA0007,TA0007,HIGH,0.611846,10,searched,0.824271,0.8213,HIGH,ATTACK_VOCAB,True,True
18,"SandWorm repeatedly accessed and browsed Vles, ran malicious",sandworm,True,TA0007,TA0007,HIGH,0.611846,11,compromised,0.003117,0.0031,NONE,ATTACK_VOCAB,True,True
18,"SandWorm repeatedly accessed and browsed Vles, ran malicious",sandworm,True,TA0007,TA0007,HIGH,0.611846,12,machines,0.31428,0.3131,MEDIUM,ATTACK_VOCAB,True,True
18,"SandWorm repeatedly accessed and browsed Vles, ran malicious",sandworm,True,TA0007,TA0007,HIGH,0.611846,13,for,0.294331,0.2933,MEDIUM,STOPWORD,False,False
18,"SandWorm repeatedly accessed and browsed Vles, ran malicious",sandworm,True,TA0007,TA0007,HIGH,0.611846,14,credential,0.0194,0.0193,NONE,ATTACK_VOCAB,True,True
18,"SandWorm repeatedly accessed and browsed Vles, ran malicious",sandworm,True,TA0007,TA0007,HIGH,0.611846,15,Vles,0.420042,0.4185,MEDIUM,OTHER,False,False
19,It was also used to download several other reconnaissance to,carbanak,True,T1105,T1105,HIGH,6.933406,0,It,-0.019281,-0.0033,NONE,STOPWORD,False,False
19,It was also used to download several other reconnaissance to,carbanak,True,T1105,T1105,HIGH,6.933406,1,was,-0.084872,-0.0145,NONE,STOPWORD,False,False
19,It was also used to download several other reconnaissance to,carbanak,True,T1105,T1105,HIGH,6.933406,2,also,0.028883,0.0049,NONE,STOPWORD,False,False
19,It was also used to download several other reconnaissance to,carbanak,True,T1105,T1105,HIGH,6.933406,3,used,0.079244,0.0136,NONE,ATTACK_VOCAB,True,True
19,It was also used to download several other reconnaissance to,carbanak,True,T1105,T1105,HIGH,6.933406,4,to,0.103018,0.0176,NONE,STOPWORD,False,False
19,It was also used to download several other reconnaissance to,carbanak,True,T1105,T1105,HIGH,6.933406,5,download,5.842937,1.0,HIGH,ATTACK_VOCAB,True,True
19,It was also used to download several other reconnaissance to,carbanak,True,T1105,T1105,HIGH,6.933406,6,several,0.027318,0.0047,NONE,ATTACK_VOCAB,True,True
19,It was also used to download several other reconnaissance to,carbanak,True,T1105,T1105,HIGH,6.933406,7,other,0.099402,0.017,NONE,ATTACK_VOCAB,True,True
19,It was also used to download several other reconnaissance to,carbanak,True,T1105,T1105,HIGH,6.933406,8,reconnaissance,-0.158899,-0.0272,NONE,ATTACK_VOCAB,True,True
19,It was also used to download several other reconnaissance to,carbanak,True,T1105,T1105,HIGH,6.933406,9,tools,0.703233,0.1204,LOW,ATTACK_VOCAB,True,True
19,It was also used to download several other reconnaissance to,carbanak,True,T1105,T1105,HIGH,6.933406,10,to,-0.04336,-0.0074,NONE,STOPWORD,False,False
19,It was also used to download several other reconnaissance to,carbanak,True,T1105,T1105,HIGH,6.933406,11,map,-0.68075,-0.1165,LOW,ATTACK_VOCAB,True,True
19,It was also used to download several other reconnaissance to,carbanak,True,T1105,T1105,HIGH,6.933406,12,out,-0.107904,-0.0185,NONE,ATTACK_VOCAB,True,True
19,It was also used to download several other reconnaissance to,carbanak,True,T1105,T1105,HIGH,6.933406,13,the,-0.102919,-0.0176,NONE,STOPWORD,False,False
19,It was also used to download several other reconnaissance to,carbanak,True,T1105,T1105,HIGH,6.933406,14,network.,-0.351202,-0.0601,LOW,ATTACK_VOCAB,True,True
20,the backdoor was embedded as a packed payload in another exe,carbanak,True,TA0002,T1204.001,HIGH,3.427477,0,the,-0.07766,-0.1821,LOW,STOPWORD,False,False
20,the backdoor was embedded as a packed payload in another exe,carbanak,True,TA0002,T1204.001,HIGH,3.427477,1,backdoor,-0.019117,-0.0448,NONE,ATTACK_VOCAB,True,True
20,the backdoor was embedded as a packed payload in another exe,carbanak,True,TA0002,T1204.001,HIGH,3.427477,2,was,-0.009943,-0.0233,NONE,STOPWORD,False,False
20,the backdoor was embedded as a packed payload in another exe,carbanak,True,TA0002,T1204.001,HIGH,3.427477,3,embedded,-0.021986,-0.0516,LOW,ATTACK_VOCAB,True,True
20,the backdoor was embedded as a packed payload in another exe,carbanak,True,TA0002,T1204.001,HIGH,3.427477,4,as,-0.194449,-0.456,MEDIUM,STOPWORD,False,False
20,the backdoor was embedded as a packed payload in another exe,carbanak,True,TA0002,T1204.001,HIGH,3.427477,5,a,-0.123509,-0.2896,MEDIUM,STOPWORD,False,False
20,the backdoor was embedded as a packed payload in another exe,carbanak,True,TA0002,T1204.001,HIGH,3.427477,6,packed,-0.426412,-1.0,HIGH,ATTACK_VOCAB,True,True
20,the backdoor was embedded as a packed payload in another exe,carbanak,True,TA0002,T1204.001,HIGH,3.427477,7,payload,-0.150482,-0.3529,MEDIUM,ATTACK_VOCAB,True,True
20,the backdoor was embedded as a packed payload in another exe,carbanak,True,TA0002,T1204.001,HIGH,3.427477,8,in,-0.14914,-0.3498,MEDIUM,STOPWORD,False,False
20,the backdoor was embedded as a packed payload in another exe,carbanak,True,TA0002,T1204.001,HIGH,3.427477,9,another,-0.044505,-0.1044,LOW,ATTACK_VOCAB,True,True
20,the backdoor was embedded as a packed payload in another exe,carbanak,True,TA0002,T1204.001,HIGH,3.427477,10,executable,0.006463,0.0152,NONE,ATTACK_VOCAB,True,True
20,the backdoor was embedded as a packed payload in another exe,carbanak,True,TA0002,T1204.001,HIGH,3.427477,11,or,-0.130219,-0.3054,MEDIUM,STOPWORD,False,False
20,the backdoor was embedded as a packed payload in another exe,carbanak,True,TA0002,T1204.001,HIGH,3.427477,12,in,-0.142793,-0.3349,MEDIUM,STOPWORD,False,False
20,the backdoor was embedded as a packed payload in another exe,carbanak,True,TA0002,T1204.001,HIGH,3.427477,13,a,-0.139385,-0.3269,MEDIUM,STOPWORD,False,False
20,the backdoor was embedded as a packed payload in another exe,carbanak,True,TA0002,T1204.001,HIGH,3.427477,14,weaponized,-0.050309,-0.118,LOW,ATTACK_VOCAB,True,True
20,the backdoor was embedded as a packed payload in another exe,carbanak,True,TA0002,T1204.001,HIGH,3.427477,15,document,-0.025355,-0.0595,LOW,ATTACK_VOCAB,True,True
20,the backdoor was embedded as a packed payload in another exe,carbanak,True,TA0002,T1204.001,HIGH,3.427477,16,#le,-0.019596,-0.046,NONE,OTHER,False,False
20,the backdoor was embedded as a packed payload in another exe,carbanak,True,TA0002,T1204.001,HIGH,3.427477,17,of,-0.125685,-0.2948,MEDIUM,STOPWORD,False,False
20,the backdoor was embedded as a packed payload in another exe,carbanak,True,TA0002,T1204.001,HIGH,3.427477,18,some,-0.146326,-0.3432,MEDIUM,STOPWORD,False,False
20,the backdoor was embedded as a packed payload in another exe,carbanak,True,TA0002,T1204.001,HIGH,3.427477,19,kind,-0.166656,-0.3908,MEDIUM,ATTACK_VOCAB,True,False
21,This shortcut file contains PowerShell commands that conduct,apt29,True,TA0005,T1497,HIGH,0.938957,0,This,0.113564,0.3705,MEDIUM,STOPWORD,False,False
21,This shortcut file contains PowerShell commands that conduct,apt29,True,TA0005,T1497,HIGH,0.938957,1,shortcut,-0.037576,-0.1226,LOW,ATTACK_VOCAB,True,True
21,This shortcut file contains PowerShell commands that conduct,apt29,True,TA0005,T1497,HIGH,0.938957,2,file,0.056732,0.1851,LOW,ATTACK_VOCAB,True,True
21,This shortcut file contains PowerShell commands that conduct,apt29,True,TA0005,T1497,HIGH,0.938957,3,contains,0.00313,0.0102,NONE,ATTACK_VOCAB,True,True
21,This shortcut file contains PowerShell commands that conduct,apt29,True,TA0005,T1497,HIGH,0.938957,4,PowerShell,-0.0007,-0.0023,NONE,ATTACK_VOCAB,True,True
21,This shortcut file contains PowerShell commands that conduct,apt29,True,TA0005,T1497,HIGH,0.938957,5,commands,0.07853,0.2562,MEDIUM,ATTACK_VOCAB,True,True
21,This shortcut file contains PowerShell commands that conduct,apt29,True,TA0005,T1497,HIGH,0.938957,6,that,0.090127,0.294,MEDIUM,STOPWORD,False,False
21,This shortcut file contains PowerShell commands that conduct,apt29,True,TA0005,T1497,HIGH,0.938957,7,conduct,0.196917,0.6424,HIGH,ATTACK_VOCAB,True,True
21,This shortcut file contains PowerShell commands that conduct,apt29,True,TA0005,T1497,HIGH,0.938957,8,anti-VM,0.306536,1.0,HIGH,OTHER,False,False
21,This shortcut file contains PowerShell commands that conduct,apt29,True,TA0005,T1497,HIGH,0.938957,9,"checks,",0.245531,0.801,HIGH,ATTACK_VOCAB,True,True
21,This shortcut file contains PowerShell commands that conduct,apt29,True,TA0005,T1497,HIGH,0.938957,10,drop,0.070571,0.2302,MEDIUM,ATTACK_VOCAB,True,True
21,This shortcut file contains PowerShell commands that conduct,apt29,True,TA0005,T1497,HIGH,0.938957,11,a,0.087249,0.2846,MEDIUM,STOPWORD,False,False
21,This shortcut file contains PowerShell commands that conduct,apt29,True,TA0005,T1497,HIGH,0.938957,12,"backdoor,",0.067954,0.2217,MEDIUM,ATTACK_VOCAB,True,True
21,This shortcut file contains PowerShell commands that conduct,apt29,True,TA0005,T1497,HIGH,0.938957,13,and,0.092729,0.3025,MEDIUM,STOPWORD,False,False
21,This shortcut file contains PowerShell commands that conduct,apt29,True,TA0005,T1497,HIGH,0.938957,14,launch,-0.015414,-0.0503,LOW,ATTACK_VOCAB,True,True
21,This shortcut file contains PowerShell commands that conduct,apt29,True,TA0005,T1497,HIGH,0.938957,15,a,0.062239,0.203,MEDIUM,STOPWORD,False,False
21,This shortcut file contains PowerShell commands that conduct,apt29,True,TA0005,T1497,HIGH,0.938957,16,clean,0.13622,0.4444,MEDIUM,ATTACK_VOCAB,True,False
21,This shortcut file contains PowerShell commands that conduct,apt29,True,TA0005,T1497,HIGH,0.938957,17,decoy,0.013443,0.0439,NONE,OTHER,False,True
21,This shortcut file contains PowerShell commands that conduct,apt29,True,TA0005,T1497,HIGH,0.938957,18,document.,-0.070267,-0.2292,MEDIUM,ATTACK_VOCAB,True,True
22,stealing system information,carbanak,True,TA0009,T1005,HIGH,1.566671,0,stealing,1.061859,0.5793,HIGH,ATTACK_VOCAB,True,True
22,stealing system information,carbanak,True,TA0009,T1005,HIGH,1.566671,1,system,-0.33463,-0.1826,LOW,ATTACK_VOCAB,True,True
22,stealing system information,carbanak,True,TA0009,T1005,HIGH,1.566671,2,information,1.832857,1.0,HIGH,ATTACK_VOCAB,True,True
23,"The sho""cut #le was cra&ed to execute a PowerShell command t",apt29,True,TA0002,TA0002,HIGH,1.968752,0,The,-0.033303,-0.1463,LOW,STOPWORD,False,False
23,"The sho""cut #le was cra&ed to execute a PowerShell command t",apt29,True,TA0002,TA0002,HIGH,1.968752,1,"sho""cut",-0.005292,-0.0233,NONE,OTHER,False,False
23,"The sho""cut #le was cra&ed to execute a PowerShell command t",apt29,True,TA0002,TA0002,HIGH,1.968752,2,#le,0.011545,0.0507,LOW,OTHER,False,False
23,"The sho""cut #le was cra&ed to execute a PowerShell command t",apt29,True,TA0002,TA0002,HIGH,1.968752,3,was,-0.083148,-0.3653,MEDIUM,STOPWORD,False,False
23,"The sho""cut #le was cra&ed to execute a PowerShell command t",apt29,True,TA0002,TA0002,HIGH,1.968752,4,cra&ed,-0.048451,-0.2129,MEDIUM,OTHER,False,False
23,"The sho""cut #le was cra&ed to execute a PowerShell command t",apt29,True,TA0002,TA0002,HIGH,1.968752,5,to,-0.118109,-0.5189,HIGH,STOPWORD,False,False
23,"The sho""cut #le was cra&ed to execute a PowerShell command t",apt29,True,TA0002,TA0002,HIGH,1.968752,6,execute,-0.005461,-0.024,NONE,ATTACK_VOCAB,True,True
23,"The sho""cut #le was cra&ed to execute a PowerShell command t",apt29,True,TA0002,TA0002,HIGH,1.968752,7,a,0.066677,0.293,MEDIUM,STOPWORD,False,False
23,"The sho""cut #le was cra&ed to execute a PowerShell command t",apt29,True,TA0002,TA0002,HIGH,1.968752,8,PowerShell,0.076216,0.3349,MEDIUM,ATTACK_VOCAB,True,True
23,"The sho""cut #le was cra&ed to execute a PowerShell command t",apt29,True,TA0002,TA0002,HIGH,1.968752,9,command,0.151054,0.6637,HIGH,ATTACK_VOCAB,True,True
23,"The sho""cut #le was cra&ed to execute a PowerShell command t",apt29,True,TA0002,TA0002,HIGH,1.968752,10,that,-0.021901,-0.0962,LOW,STOPWORD,False,False
23,"The sho""cut #le was cra&ed to execute a PowerShell command t",apt29,True,TA0002,TA0002,HIGH,1.968752,11,"read,",0.047304,0.2078,MEDIUM,ATTACK_VOCAB,True,True
23,"The sho""cut #le was cra&ed to execute a PowerShell command t",apt29,True,TA0002,TA0002,HIGH,1.968752,12,"decoded,",-0.125297,-0.5505,HIGH,ATTACK_VOCAB,True,True
23,"The sho""cut #le was cra&ed to execute a PowerShell command t",apt29,True,TA0002,TA0002,HIGH,1.968752,13,and,-0.087317,-0.3836,MEDIUM,STOPWORD,False,False
23,"The sho""cut #le was cra&ed to execute a PowerShell command t",apt29,True,TA0002,TA0002,HIGH,1.968752,14,executed,0.227597,1.0,HIGH,ATTACK_VOCAB,True,True
23,"The sho""cut #le was cra&ed to execute a PowerShell command t",apt29,True,TA0002,TA0002,HIGH,1.968752,15,additional,0.124454,0.5468,HIGH,ATTACK_VOCAB,True,True
23,"The sho""cut #le was cra&ed to execute a PowerShell command t",apt29,True,TA0002,TA0002,HIGH,1.968752,16,code,-0.026416,-0.1161,LOW,ATTACK_VOCAB,True,True
23,"The sho""cut #le was cra&ed to execute a PowerShell command t",apt29,True,TA0002,TA0002,HIGH,1.968752,17,from,-0.040864,-0.1795,LOW,STOPWORD,False,False
23,"The sho""cut #le was cra&ed to execute a PowerShell command t",apt29,True,TA0002,TA0002,HIGH,1.968752,18,within,-0.026733,-0.1175,LOW,ATTACK_VOCAB,True,True
23,"The sho""cut #le was cra&ed to execute a PowerShell command t",apt29,True,TA0002,TA0002,HIGH,1.968752,19,the,-0.023942,-0.1052,LOW,STOPWORD,False,False
23,"The sho""cut #le was cra&ed to execute a PowerShell command t",apt29,True,TA0002,TA0002,HIGH,1.968752,20,"sho""cut",-0.060626,-0.2664,MEDIUM,OTHER,False,False
23,"The sho""cut #le was cra&ed to execute a PowerShell command t",apt29,True,TA0002,TA0002,HIGH,1.968752,21,#le.,-0.064628,-0.284,MEDIUM,OTHER,False,False
24,"The batch script then copies itself to ""pp.txt"", also under ",fin7,True,TA0002,TA0002,MEDIUM,0.291241,0,The,-0.095991,-0.4622,MEDIUM,STOPWORD,False,False
24,"The batch script then copies itself to ""pp.txt"", also under ",fin7,True,TA0002,TA0002,MEDIUM,0.291241,1,batch,0.098239,0.473,MEDIUM,ATTACK_VOCAB,True,True
24,"The batch script then copies itself to ""pp.txt"", also under ",fin7,True,TA0002,TA0002,MEDIUM,0.291241,2,script,0.083807,0.4035,MEDIUM,ATTACK_VOCAB,True,True
24,"The batch script then copies itself to ""pp.txt"", also under ",fin7,True,TA0002,TA0002,MEDIUM,0.291241,3,then,-0.092546,-0.4456,MEDIUM,STOPWORD,False,False
24,"The batch script then copies itself to ""pp.txt"", also under ",fin7,True,TA0002,TA0002,MEDIUM,0.291241,4,copies,-0.116858,-0.5627,HIGH,ATTACK_VOCAB,True,True
24,"The batch script then copies itself to ""pp.txt"", also under ",fin7,True,TA0002,TA0002,MEDIUM,0.291241,5,itself,-0.108691,-0.5234,HIGH,ATTACK_VOCAB,True,True
24,"The batch script then copies itself to ""pp.txt"", also under ",fin7,True,TA0002,TA0002,MEDIUM,0.291241,6,to,-0.207681,-1.0,HIGH,STOPWORD,False,False
24,"The batch script then copies itself to ""pp.txt"", also under ",fin7,True,TA0002,TA0002,MEDIUM,0.291241,7,"""pp.txt"",",-0.201038,-0.968,HIGH,OTHER,False,False
24,"The batch script then copies itself to ""pp.txt"", also under ",fin7,True,TA0002,TA0002,MEDIUM,0.291241,8,also,-0.168707,-0.8123,HIGH,STOPWORD,False,False
24,"The batch script then copies itself to ""pp.txt"", also under ",fin7,True,TA0002,TA0002,MEDIUM,0.291241,9,under,-0.062321,-0.3001,MEDIUM,ATTACK_VOCAB,True,True
24,"The batch script then copies itself to ""pp.txt"", also under ",fin7,True,TA0002,TA0002,MEDIUM,0.291241,10,the,-0.148019,-0.7127,HIGH,STOPWORD,False,False
24,"The batch script then copies itself to ""pp.txt"", also under ",fin7,True,TA0002,TA0002,MEDIUM,0.291241,11,current,-0.147834,-0.7118,HIGH,ATTACK_VOCAB,True,True
24,"The batch script then copies itself to ""pp.txt"", also under ",fin7,True,TA0002,TA0002,MEDIUM,0.291241,12,user's,-0.162038,-0.7802,HIGH,ATTACK_VOCAB,True,True
24,"The batch script then copies itself to ""pp.txt"", also under ",fin7,True,TA0002,TA0002,MEDIUM,0.291241,13,home,-0.168881,-0.8132,HIGH,ATTACK_VOCAB,True,True
24,"The batch script then copies itself to ""pp.txt"", also under ",fin7,True,TA0002,TA0002,MEDIUM,0.291241,14,"directory,",-0.102066,-0.4915,MEDIUM,ATTACK_VOCAB,True,True
24,"The batch script then copies itself to ""pp.txt"", also under ",fin7,True,TA0002,TA0002,MEDIUM,0.291241,15,before,-0.109404,-0.5268,HIGH,STOPWORD,False,False
24,"The batch script then copies itself to ""pp.txt"", also under ",fin7,True,TA0002,TA0002,MEDIUM,0.291241,16,running,-0.119172,-0.5738,HIGH,ATTACK_VOCAB,True,True
24,"The batch script then copies itself to ""pp.txt"", also under ",fin7,True,TA0002,TA0002,MEDIUM,0.291241,17,WScript,-0.149082,-0.7178,HIGH,OTHER,False,False
24,"The batch script then copies itself to ""pp.txt"", also under ",fin7,True,TA0002,TA0002,MEDIUM,0.291241,18,using,-0.152894,-0.7362,HIGH,ATTACK_VOCAB,True,True
24,"The batch script then copies itself to ""pp.txt"", also under ",fin7,True,TA0002,TA0002,MEDIUM,0.291241,19,the,-0.052765,-0.2541,MEDIUM,STOPWORD,False,False
24,"The batch script then copies itself to ""pp.txt"", also under ",fin7,True,TA0002,TA0002,MEDIUM,0.291241,20,JScript,-0.107367,-0.517,HIGH,ATTACK_VOCAB,True,True
24,"The batch script then copies itself to ""pp.txt"", also under ",fin7,True,TA0002,TA0002,MEDIUM,0.291241,21,engine,-0.085361,-0.411,MEDIUM,ATTACK_VOCAB,True,True
24,"The batch script then copies itself to ""pp.txt"", also under ",fin7,True,TA0002,TA0002,MEDIUM,0.291241,22,on,-0.069879,-0.3365,MEDIUM,STOPWORD,False,False
24,"The batch script then copies itself to ""pp.txt"", also under ",fin7,True,TA0002,TA0002,MEDIUM,0.291241,23,the,-0.052518,-0.2529,MEDIUM,STOPWORD,False,False
24,"The batch script then copies itself to ""pp.txt"", also under ",fin7,True,TA0002,TA0002,MEDIUM,0.291241,24,file,-0.16237,-0.7818,HIGH,ATTACK_VOCAB,True,True
25,"These URLs provide access to the C2s,",apt29,True,TA0011,T1071.001,HIGH,0.76246,0,These,-0.025283,-0.0259,NONE,STOPWORD,False,False
25,"These URLs provide access to the C2s,",apt29,True,TA0011,T1071.001,HIGH,0.76246,1,URLs,-0.111324,-0.1143,LOW,ATTACK_VOCAB,True,True
25,"These URLs provide access to the C2s,",apt29,True,TA0011,T1071.001,HIGH,0.76246,2,provide,-0.232372,-0.2385,MEDIUM,ATTACK_VOCAB,True,True
25,"These URLs provide access to the C2s,",apt29,True,TA0011,T1071.001,HIGH,0.76246,3,access,-0.28116,-0.2886,MEDIUM,ATTACK_VOCAB,True,True
25,"These URLs provide access to the C2s,",apt29,True,TA0011,T1071.001,HIGH,0.76246,4,to,-0.237907,-0.2442,MEDIUM,STOPWORD,False,False
25,"These URLs provide access to the C2s,",apt29,True,TA0011,T1071.001,HIGH,0.76246,5,the,0.023846,0.0245,NONE,STOPWORD,False,False
25,"These URLs provide access to the C2s,",apt29,True,TA0011,T1071.001,HIGH,0.76246,6,"C2s,",0.974353,1.0,HIGH,OTHER,False,False
26,16:48 â€“ one of the employees opened the document within th,carbanak,True,TA0002,TA0002,HIGH,0.898894,0,16:48,-0.17858,-0.4479,MEDIUM,OTHER,False,False
26,16:48 â€“ one of the employees opened the document within th,carbanak,True,TA0002,TA0002,HIGH,0.898894,1,â€“,-0.243866,-0.6117,HIGH,OTHER,False,False
26,16:48 â€“ one of the employees opened the document within th,carbanak,True,TA0002,TA0002,HIGH,0.898894,2,one,0.071723,0.1799,LOW,ATTACK_VOCAB,True,True
26,16:48 â€“ one of the employees opened the document within th,carbanak,True,TA0002,TA0002,HIGH,0.898894,3,of,0.204345,0.5126,HIGH,STOPWORD,False,False
26,16:48 â€“ one of the employees opened the document within th,carbanak,True,TA0002,TA0002,HIGH,0.898894,4,the,0.043311,0.1086,LOW,STOPWORD,False,False
26,16:48 â€“ one of the employees opened the document within th,carbanak,True,TA0002,TA0002,HIGH,0.898894,5,employees,-0.33997,-0.8528,HIGH,ATTACK_VOCAB,True,True
26,16:48 â€“ one of the employees opened the document within th,carbanak,True,TA0002,TA0002,HIGH,0.898894,6,opened,0.084609,0.2122,MEDIUM,ATTACK_VOCAB,True,True
26,16:48 â€“ one of the employees opened the document within th,carbanak,True,TA0002,TA0002,HIGH,0.898894,7,the,0.033208,0.0833,LOW,STOPWORD,False,False
26,16:48 â€“ one of the employees opened the document within th,carbanak,True,TA0002,TA0002,HIGH,0.898894,8,document,0.255997,0.6421,HIGH,ATTACK_VOCAB,True,True
26,16:48 â€“ one of the employees opened the document within th,carbanak,True,TA0002,TA0002,HIGH,0.898894,9,within,0.040067,0.1005,LOW,ATTACK_VOCAB,True,True
26,16:48 â€“ one of the employees opened the document within th,carbanak,True,TA0002,TA0002,HIGH,0.898894,10,the,0.058441,0.1466,LOW,STOPWORD,False,False
26,16:48 â€“ one of the employees opened the document within th,carbanak,True,TA0002,TA0002,HIGH,0.898894,11,spear-phishing,-0.045102,-0.1131,LOW,ATTACK_VOCAB,True,True
26,16:48 â€“ one of the employees opened the document within th,carbanak,True,TA0002,TA0002,HIGH,0.898894,12,email,-0.21762,-0.5459,HIGH,ATTACK_VOCAB,True,True
26,16:48 â€“ one of the employees opened the document within th,carbanak,True,TA0002,TA0002,HIGH,0.898894,13,16:49,-0.109694,-0.2752,MEDIUM,OTHER,False,False
26,16:48 â€“ one of the employees opened the document within th,carbanak,True,TA0002,TA0002,HIGH,0.898894,14,â€“,-0.152313,-0.3821,MEDIUM,OTHER,False,False
26,16:48 â€“ one of the employees opened the document within th,carbanak,True,TA0002,TA0002,HIGH,0.898894,15,a,-0.090447,-0.2269,MEDIUM,STOPWORD,False,False
26,16:48 â€“ one of the employees opened the document within th,carbanak,True,TA0002,TA0002,HIGH,0.898894,16,second,-0.127258,-0.3192,MEDIUM,ATTACK_VOCAB,True,True
26,16:48 â€“ one of the employees opened the document within th,carbanak,True,TA0002,TA0002,HIGH,0.898894,17,employee,-0.244738,-0.6139,HIGH,ATTACK_VOCAB,True,True
26,16:48 â€“ one of the employees opened the document within th,carbanak,True,TA0002,TA0002,HIGH,0.898894,18,opened,-0.189523,-0.4754,MEDIUM,ATTACK_VOCAB,True,True
26,16:48 â€“ one of the employees opened the document within th,carbanak,True,TA0002,TA0002,HIGH,0.898894,19,the,-0.084706,-0.2125,MEDIUM,STOPWORD,False,False
26,16:48 â€“ one of the employees opened the document within th,carbanak,True,TA0002,TA0002,HIGH,0.898894,20,same,-0.144837,-0.3633,MEDIUM,ATTACK_VOCAB,True,True
26,16:48 â€“ one of the employees opened the document within th,carbanak,True,TA0002,TA0002,HIGH,0.898894,21,tainted,-0.398663,-1.0,HIGH,ATTACK_VOCAB,True,False
26,16:48 â€“ one of the employees opened the document within th,carbanak,True,TA0002,TA0002,HIGH,0.898894,22,document,-0.042611,-0.1069,LOW,ATTACK_VOCAB,True,True
27,injects into new process,carbanak,True,T1055,S0030,HIGH,2.079738,0,injects,3.617885,1.0,HIGH,ATTACK_VOCAB,True,True
27,injects into new process,carbanak,True,T1055,S0030,HIGH,2.079738,1,into,-0.038337,-0.0106,NONE,STOPWORD,False,False
27,injects into new process,carbanak,True,T1055,S0030,HIGH,2.079738,2,new,-0.567029,-0.1567,LOW,ATTACK_VOCAB,True,True
27,injects into new process,carbanak,True,T1055,S0030,HIGH,2.079738,3,process,1.670998,0.4619,MEDIUM,ATTACK_VOCAB,True,True
28,The information collected by the malware is automatically up,apt29,True,TA0010,T1048,HIGH,0.364672,0,The,0.16553,0.0741,LOW,STOPWORD,False,False
28,The information collected by the malware is automatically up,apt29,True,TA0010,T1048,HIGH,0.364672,1,information,-0.543246,-0.2431,MEDIUM,ATTACK_VOCAB,True,True
28,The information collected by the malware is automatically up,apt29,True,TA0010,T1048,HIGH,0.364672,2,collected,-0.069947,-0.0313,NONE,ATTACK_VOCAB,True,True
28,The information collected by the malware is automatically up,apt29,True,TA0010,T1048,HIGH,0.364672,3,by,0.095594,0.0428,NONE,STOPWORD,False,False
28,The information collected by the malware is automatically up,apt29,True,TA0010,T1048,HIGH,0.364672,4,the,0.014267,0.0064,NONE,STOPWORD,False,False
28,The information collected by the malware is automatically up,apt29,True,TA0010,T1048,HIGH,0.364672,5,malware,0.029431,0.0132,NONE,ATTACK_VOCAB,True,True
28,The information collected by the malware is automatically up,apt29,True,TA0010,T1048,HIGH,0.364672,6,is,0.016579,0.0074,NONE,STOPWORD,False,False
28,The information collected by the malware is automatically up,apt29,True,TA0010,T1048,HIGH,0.364672,7,automatically,-0.334641,-0.1497,LOW,ATTACK_VOCAB,True,True
28,The information collected by the malware is automatically up,apt29,True,TA0010,T1048,HIGH,0.364672,8,uploaded,2.23479,1.0,HIGH,ATTACK_VOCAB,True,True
28,The information collected by the malware is automatically up,apt29,True,TA0010,T1048,HIGH,0.364672,9,to,0.243485,0.109,LOW,STOPWORD,False,False
28,The information collected by the malware is automatically up,apt29,True,TA0010,T1048,HIGH,0.364672,10,remote,-0.461556,-0.2065,MEDIUM,ATTACK_VOCAB,True,True
28,The information collected by the malware is automatically up,apt29,True,TA0010,T1048,HIGH,0.364672,11,servers,-0.02894,-0.0129,NONE,ATTACK_VOCAB,True,True
28,The information collected by the malware is automatically up,apt29,True,TA0010,T1048,HIGH,0.364672,12,via,-0.384264,-0.1719,LOW,STOPWORD,False,False
28,The information collected by the malware is automatically up,apt29,True,TA0010,T1048,HIGH,0.364672,13,FTP,-1.056183,-0.4726,MEDIUM,ATTACK_VOCAB,True,True
29,Stealing clipboard contents,apt29,True,T1115,TA0009,HIGH,0.355196,0,Stealing,-0.624355,-0.0664,LOW,ATTACK_VOCAB,True,True
29,Stealing clipboard contents,apt29,True,T1115,TA0009,HIGH,0.355196,1,clipboard,9.405734,1.0,HIGH,ATTACK_VOCAB,True,True
29,Stealing clipboard contents,apt29,True,T1115,TA0009,HIGH,0.355196,2,contents,0.898005,0.0955,LOW,ATTACK_VOCAB,True,True
30,execute the EXE via WMI,fin7,False,TA0011,T1047,HIGH,0.579554,0,execute,0.538147,1.0,HIGH,ATTACK_VOCAB,True,True
30,execute the EXE via WMI,fin7,False,TA0011,T1047,HIGH,0.579554,1,the,0.298663,0.555,HIGH,STOPWORD,False,False
30,execute the EXE via WMI,fin7,False,TA0011,T1047,HIGH,0.579554,2,EXE,0.208512,0.3875,MEDIUM,ATTACK_VOCAB,True,True
30,execute the EXE via WMI,fin7,False,TA0011,T1047,HIGH,0.579554,3,via,0.084257,0.1566,LOW,STOPWORD,False,False
30,execute the EXE via WMI,fin7,False,TA0011,T1047,HIGH,0.579554,4,WMI,0.418502,0.7777,HIGH,ATTACK_VOCAB,True,True
31,this actor sends out phony $ash videos directly as email att,apt29,True,T1566.001,TA0001,HIGH,1.169487,0,this,0.034012,0.0407,NONE,STOPWORD,False,False
31,this actor sends out phony $ash videos directly as email att,apt29,True,T1566.001,TA0001,HIGH,1.169487,1,actor,-0.051012,-0.061,LOW,ATTACK_VOCAB,True,True
31,this actor sends out phony $ash videos directly as email att,apt29,True,T1566.001,TA0001,HIGH,1.169487,2,sends,-0.031114,-0.0372,NONE,ATTACK_VOCAB,True,True
31,this actor sends out phony $ash videos directly as email att,apt29,True,T1566.001,TA0001,HIGH,1.169487,3,out,0.116938,0.1398,LOW,ATTACK_VOCAB,True,True
31,this actor sends out phony $ash videos directly as email att,apt29,True,T1566.001,TA0001,HIGH,1.169487,4,phony,-0.147546,-0.1764,LOW,OTHER,False,False
31,this actor sends out phony $ash videos directly as email att,apt29,True,T1566.001,TA0001,HIGH,1.169487,5,$ash,-0.224063,-0.2679,MEDIUM,OTHER,False,False
31,this actor sends out phony $ash videos directly as email att,apt29,True,T1566.001,TA0001,HIGH,1.169487,6,videos,0.233229,0.2788,MEDIUM,ATTACK_VOCAB,True,True
31,this actor sends out phony $ash videos directly as email att,apt29,True,T1566.001,TA0001,HIGH,1.169487,7,directly,0.020685,0.0247,NONE,ATTACK_VOCAB,True,True
31,this actor sends out phony $ash videos directly as email att,apt29,True,T1566.001,TA0001,HIGH,1.169487,8,as,-0.085194,-0.1019,LOW,STOPWORD,False,False
31,this actor sends out phony $ash videos directly as email att,apt29,True,T1566.001,TA0001,HIGH,1.169487,9,email,-0.133653,-0.1598,LOW,ATTACK_VOCAB,True,True
31,this actor sends out phony $ash videos directly as email att,apt29,True,T1566.001,TA0001,HIGH,1.169487,10,attachments,0.836446,1.0,HIGH,ATTACK_VOCAB,True,True
32,"Trickbot,",wizardspider,True,S0266,S0266,HIGH,5.099613,0,"Trickbot,",0.0,0.0,NONE,ATTACK_VOCAB,True,True
33,Ammyy Admin tool,carbanak,True,TA0011,TA0011,HIGH,5.26061,0,Ammyy,-0.083268,-0.2236,MEDIUM,ATTACK_VOCAB,True,True
33,Ammyy Admin tool,carbanak,True,TA0011,TA0011,HIGH,5.26061,1,Admin,0.372458,1.0,HIGH,ATTACK_VOCAB,True,True
33,Ammyy Admin tool,carbanak,True,TA0011,TA0011,HIGH,5.26061,2,tool,0.349104,0.9373,HIGH,ATTACK_VOCAB,True,True
34,GeminiDuke primarily collects information on the victim comp,apt29,True,S0049,TA0007,MEDIUM,0.258837,0,GeminiDuke,8.656038,1.0,HIGH,ATTACK_VOCAB,True,True
34,GeminiDuke primarily collects information on the victim comp,apt29,True,S0049,TA0007,MEDIUM,0.258837,1,primarily,0.069059,0.008,NONE,ATTACK_VOCAB,True,True
34,GeminiDuke primarily collects information on the victim comp,apt29,True,S0049,TA0007,MEDIUM,0.258837,2,collects,-0.149175,-0.0172,NONE,ATTACK_VOCAB,True,True
34,GeminiDuke primarily collects information on the victim comp,apt29,True,S0049,TA0007,MEDIUM,0.258837,3,information,-0.230022,-0.0266,NONE,ATTACK_VOCAB,True,True
34,GeminiDuke primarily collects information on the victim comp,apt29,True,S0049,TA0007,MEDIUM,0.258837,4,on,0.11679,0.0135,NONE,STOPWORD,False,False
34,GeminiDuke primarily collects information on the victim comp,apt29,True,S0049,TA0007,MEDIUM,0.258837,5,the,-0.061053,-0.0071,NONE,STOPWORD,False,False
34,GeminiDuke primarily collects information on the victim comp,apt29,True,S0049,TA0007,MEDIUM,0.258837,6,victim,0.018317,0.0021,NONE,ATTACK_VOCAB,True,True
34,GeminiDuke primarily collects information on the victim comp,apt29,True,S0049,TA0007,MEDIUM,0.258837,7,computer's,-0.233275,-0.0269,NONE,ATTACK_VOCAB,True,True
34,GeminiDuke primarily collects information on the victim comp,apt29,True,S0049,TA0007,MEDIUM,0.258837,8,configuration,-0.02213,-0.0026,NONE,ATTACK_VOCAB,True,True
35,self-delete the malware from the system,apt29,True,TA0005,T1070,HIGH,2.882571,0,self-delete,1.909932,1.0,HIGH,OTHER,False,False
35,self-delete the malware from the system,apt29,True,TA0005,T1070,HIGH,2.882571,1,the,-0.038267,-0.02,NONE,STOPWORD,False,False
35,self-delete the malware from the system,apt29,True,TA0005,T1070,HIGH,2.882571,2,malware,0.332167,0.1739,LOW,ATTACK_VOCAB,True,True
35,self-delete the malware from the system,apt29,True,TA0005,T1070,HIGH,2.882571,3,from,0.190082,0.0995,LOW,STOPWORD,False,False
35,self-delete the malware from the system,apt29,True,TA0005,T1070,HIGH,2.882571,4,the,0.166481,0.0872,LOW,STOPWORD,False,False
35,self-delete the malware from the system,apt29,True,TA0005,T1070,HIGH,2.882571,5,system,-0.013956,-0.0073,NONE,ATTACK_VOCAB,True,True
36,The code collects information about the system and xml forma,apt29,True,T1082,TA0007,HIGH,0.363781,0,The,-0.003112,-0.0008,NONE,STOPWORD,False,False
36,The code collects information about the system and xml forma,apt29,True,T1082,TA0007,HIGH,0.363781,1,code,-0.071093,-0.0189,NONE,ATTACK_VOCAB,True,True
36,The code collects information about the system and xml forma,apt29,True,T1082,TA0007,HIGH,0.363781,2,collects,0.744418,0.1979,LOW,ATTACK_VOCAB,True,True
36,The code collects information about the system and xml forma,apt29,True,T1082,TA0007,HIGH,0.363781,3,information,0.75914,0.2018,MEDIUM,ATTACK_VOCAB,True,True
36,The code collects information about the system and xml forma,apt29,True,T1082,TA0007,HIGH,0.363781,4,about,-0.195434,-0.052,LOW,ATTACK_VOCAB,True,True
36,The code collects information about the system and xml forma,apt29,True,T1082,TA0007,HIGH,0.363781,5,the,-0.228163,-0.0607,LOW,STOPWORD,False,False
36,The code collects information about the system and xml forma,apt29,True,T1082,TA0007,HIGH,0.363781,6,system,3.761541,1.0,HIGH,ATTACK_VOCAB,True,True
36,The code collects information about the system and xml forma,apt29,True,T1082,TA0007,HIGH,0.363781,7,and,0.096558,0.0257,NONE,STOPWORD,False,False
36,The code collects information about the system and xml forma,apt29,True,T1082,TA0007,HIGH,0.363781,8,xml,-0.321904,-0.0856,LOW,ATTACK_VOCAB,True,True
36,The code collects information about the system and xml forma,apt29,True,T1082,TA0007,HIGH,0.363781,9,formats,-0.274967,-0.0731,LOW,ATTACK_VOCAB,True,True
36,The code collects information about the system and xml forma,apt29,True,T1082,TA0007,HIGH,0.363781,10,this,-0.094517,-0.0251,NONE,STOPWORD,False,False
36,The code collects information about the system and xml forma,apt29,True,T1082,TA0007,HIGH,0.363781,11,data,-0.197235,-0.0524,LOW,ATTACK_VOCAB,True,True
36,The code collects information about the system and xml forma,apt29,True,T1082,TA0007,HIGH,0.363781,12,prior,-0.055803,-0.0148,NONE,ATTACK_VOCAB,True,True
36,The code collects information about the system and xml forma,apt29,True,T1082,TA0007,HIGH,0.363781,13,to,-0.168441,-0.0448,NONE,STOPWORD,False,False
36,The code collects information about the system and xml forma,apt29,True,T1082,TA0007,HIGH,0.363781,14,encryption,-0.478206,-0.1271,LOW,ATTACK_VOCAB,True,True
36,The code collects information about the system and xml forma,apt29,True,T1082,TA0007,HIGH,0.363781,15,for,-0.153524,-0.0408,NONE,STOPWORD,False,False
36,The code collects information about the system and xml forma,apt29,True,T1082,TA0007,HIGH,0.363781,16,proper,-0.063886,-0.017,NONE,ATTACK_VOCAB,True,True
36,The code collects information about the system and xml forma,apt29,True,T1082,TA0007,HIGH,0.363781,17,parsing,-0.321018,-0.0853,LOW,ATTACK_VOCAB,True,False
37,The malware extracts the command by looking for an HTTP div ,oilrig,True,TA0011,T1102,HIGH,5.742638,0,The,0.045365,0.0301,NONE,STOPWORD,False,False
37,The malware extracts the command by looking for an HTTP div ,oilrig,True,TA0011,T1102,HIGH,5.742638,1,malware,0.44139,0.2928,MEDIUM,ATTACK_VOCAB,True,True
37,The malware extracts the command by looking for an HTTP div ,oilrig,True,TA0011,T1102,HIGH,5.742638,2,extracts,0.197969,0.1313,LOW,ATTACK_VOCAB,True,True
37,The malware extracts the command by looking for an HTTP div ,oilrig,True,TA0011,T1102,HIGH,5.742638,3,the,-0.055053,-0.0365,NONE,STOPWORD,False,False
37,The malware extracts the command by looking for an HTTP div ,oilrig,True,TA0011,T1102,HIGH,5.742638,4,command,1.507362,1.0,HIGH,ATTACK_VOCAB,True,True
37,The malware extracts the command by looking for an HTTP div ,oilrig,True,TA0011,T1102,HIGH,5.742638,5,by,-0.051579,-0.0342,NONE,STOPWORD,False,False
37,The malware extracts the command by looking for an HTTP div ,oilrig,True,TA0011,T1102,HIGH,5.742638,6,looking,-0.128598,-0.0853,LOW,ATTACK_VOCAB,True,True
37,The malware extracts the command by looking for an HTTP div ,oilrig,True,TA0011,T1102,HIGH,5.742638,7,for,0.093901,0.0623,LOW,STOPWORD,False,False
37,The malware extracts the command by looking for an HTTP div ,oilrig,True,TA0011,T1102,HIGH,5.742638,8,an,0.059747,0.0396,NONE,STOPWORD,False,False
37,The malware extracts the command by looking for an HTTP div ,oilrig,True,TA0011,T1102,HIGH,5.742638,9,HTTP,-0.213496,-0.1416,LOW,ATTACK_VOCAB,True,True
37,The malware extracts the command by looking for an HTTP div ,oilrig,True,TA0011,T1102,HIGH,5.742638,10,div,0.136471,0.0905,LOW,OTHER,False,False
37,The malware extracts the command by looking for an HTTP div ,oilrig,True,TA0011,T1102,HIGH,5.742638,11,element,0.067068,0.0445,NONE,ATTACK_VOCAB,True,False
38,"The malware then appends a script extension (php, bml, or cg",carbanak,True,TA0005,TA0005,HIGH,3.083417,0,The,0.203171,0.8497,HIGH,STOPWORD,False,False
38,"The malware then appends a script extension (php, bml, or cg",carbanak,True,TA0005,TA0005,HIGH,3.083417,1,malware,0.121826,0.5095,HIGH,ATTACK_VOCAB,True,True
38,"The malware then appends a script extension (php, bml, or cg",carbanak,True,TA0005,TA0005,HIGH,3.083417,2,then,0.146865,0.6142,HIGH,STOPWORD,False,False
38,"The malware then appends a script extension (php, bml, or cg",carbanak,True,TA0005,TA0005,HIGH,3.083417,3,appends,-0.06034,-0.2524,MEDIUM,OTHER,False,False
38,"The malware then appends a script extension (php, bml, or cg",carbanak,True,TA0005,TA0005,HIGH,3.083417,4,a,0.132057,0.5523,HIGH,STOPWORD,False,False
38,"The malware then appends a script extension (php, bml, or cg",carbanak,True,TA0005,TA0005,HIGH,3.083417,5,script,0.035754,0.1495,LOW,ATTACK_VOCAB,True,True
38,"The malware then appends a script extension (php, bml, or cg",carbanak,True,TA0005,TA0005,HIGH,3.083417,6,extension,0.169285,0.708,HIGH,ATTACK_VOCAB,True,True
38,"The malware then appends a script extension (php, bml, or cg",carbanak,True,TA0005,TA0005,HIGH,3.083417,7,"(php,",-0.107524,-0.4497,MEDIUM,ATTACK_VOCAB,True,False
38,"The malware then appends a script extension (php, bml, or cg",carbanak,True,TA0005,TA0005,HIGH,3.083417,8,"bml,",-0.073977,-0.3094,MEDIUM,OTHER,False,False
38,"The malware then appends a script extension (php, bml, or cg",carbanak,True,TA0005,TA0005,HIGH,3.083417,9,or,0.170907,0.7148,HIGH,STOPWORD,False,False
38,"The malware then appends a script extension (php, bml, or cg",carbanak,True,TA0005,TA0005,HIGH,3.083417,10,cgi),-0.058179,-0.2433,MEDIUM,OTHER,False,False
38,"The malware then appends a script extension (php, bml, or cg",carbanak,True,TA0005,TA0005,HIGH,3.083417,11,with,0.149622,0.6258,HIGH,STOPWORD,False,False
38,"The malware then appends a script extension (php, bml, or cg",carbanak,True,TA0005,TA0005,HIGH,3.083417,12,a,0.175801,0.7353,HIGH,STOPWORD,False,False
38,"The malware then appends a script extension (php, bml, or cg",carbanak,True,TA0005,TA0005,HIGH,3.083417,13,random,0.188753,0.7894,HIGH,ATTACK_VOCAB,True,True
38,"The malware then appends a script extension (php, bml, or cg",carbanak,True,TA0005,TA0005,HIGH,3.083417,14,number,0.18669,0.7808,HIGH,ATTACK_VOCAB,True,True
38,"The malware then appends a script extension (php, bml, or cg",carbanak,True,TA0005,TA0005,HIGH,3.083417,15,of,0.134551,0.5627,HIGH,STOPWORD,False,False
38,"The malware then appends a script extension (php, bml, or cg",carbanak,True,TA0005,TA0005,HIGH,3.083417,16,random,0.165587,0.6925,HIGH,ATTACK_VOCAB,True,True
38,"The malware then appends a script extension (php, bml, or cg",carbanak,True,TA0005,TA0005,HIGH,3.083417,17,parameters,0.205723,0.8604,HIGH,ATTACK_VOCAB,True,True
38,"The malware then appends a script extension (php, bml, or cg",carbanak,True,TA0005,TA0005,HIGH,3.083417,18,or,0.096014,0.4016,MEDIUM,STOPWORD,False,False
38,"The malware then appends a script extension (php, bml, or cg",carbanak,True,TA0005,TA0005,HIGH,3.083417,19,a,0.148716,0.622,HIGH,STOPWORD,False,False
38,"The malware then appends a script extension (php, bml, or cg",carbanak,True,TA0005,TA0005,HIGH,3.083417,20,#le,-0.014736,-0.0616,LOW,OTHER,False,False
38,"The malware then appends a script extension (php, bml, or cg",carbanak,True,TA0005,TA0005,HIGH,3.083417,21,extension,0.111353,0.4657,MEDIUM,ATTACK_VOCAB,True,True
38,"The malware then appends a script extension (php, bml, or cg",carbanak,True,TA0005,TA0005,HIGH,3.083417,22,from,0.138072,0.5775,HIGH,STOPWORD,False,False
38,"The malware then appends a script extension (php, bml, or cg",carbanak,True,TA0005,TA0005,HIGH,3.083417,23,the,0.133107,0.5567,HIGH,STOPWORD,False,False
38,"The malware then appends a script extension (php, bml, or cg",carbanak,True,TA0005,TA0005,HIGH,3.083417,24,following,0.149096,0.6236,HIGH,ATTACK_VOCAB,True,True
38,"The malware then appends a script extension (php, bml, or cg",carbanak,True,TA0005,TA0005,HIGH,3.083417,25,list,0.10314,0.4314,MEDIUM,ATTACK_VOCAB,True,True
38,"The malware then appends a script extension (php, bml, or cg",carbanak,True,TA0005,TA0005,HIGH,3.083417,26,with,0.090259,0.3775,MEDIUM,STOPWORD,False,False
38,"The malware then appends a script extension (php, bml, or cg",carbanak,True,TA0005,TA0005,HIGH,3.083417,27,no,0.227292,0.9506,HIGH,STOPWORD,False,False
38,"The malware then appends a script extension (php, bml, or cg",carbanak,True,TA0005,TA0005,HIGH,3.083417,28,parameters:,0.150853,0.6309,HIGH,ATTACK_VOCAB,True,True
38,"The malware then appends a script extension (php, bml, or cg",carbanak,True,TA0005,TA0005,HIGH,3.083417,29,"gif,",-0.135971,-0.5687,HIGH,ATTACK_VOCAB,True,True
38,"The malware then appends a script extension (php, bml, or cg",carbanak,True,TA0005,TA0005,HIGH,3.083417,30,"jpg,",-0.239103,-1.0,HIGH,ATTACK_VOCAB,True,True
38,"The malware then appends a script extension (php, bml, or cg",carbanak,True,TA0005,TA0005,HIGH,3.083417,31,"png,",-0.126117,-0.5275,HIGH,ATTACK_VOCAB,True,True
38,"The malware then appends a script extension (php, bml, or cg",carbanak,True,TA0005,TA0005,HIGH,3.083417,32,"htm,",-0.155255,-0.6493,HIGH,OTHER,False,False
38,"The malware then appends a script extension (php, bml, or cg",carbanak,True,TA0005,TA0005,HIGH,3.083417,33,"html,",-0.093706,-0.3919,MEDIUM,ATTACK_VOCAB,True,True
38,"The malware then appends a script extension (php, bml, or cg",carbanak,True,TA0005,TA0005,HIGH,3.083417,34,php,0.034524,0.1444,LOW,ATTACK_VOCAB,True,False
39,Metasploit and PowerShell to move laterally and deploy malwa,fin6,True,TA0008,T1072,HIGH,2.065235,0,Metasploit,-0.248278,-0.0639,LOW,ATTACK_VOCAB,True,True
39,Metasploit and PowerShell to move laterally and deploy malwa,fin6,True,TA0008,T1072,HIGH,2.065235,1,and,0.099061,0.0255,NONE,STOPWORD,False,False
39,Metasploit and PowerShell to move laterally and deploy malwa,fin6,True,TA0008,T1072,HIGH,2.065235,2,PowerShell,-0.25693,-0.0661,LOW,ATTACK_VOCAB,True,True
39,Metasploit and PowerShell to move laterally and deploy malwa,fin6,True,TA0008,T1072,HIGH,2.065235,3,to,-0.114111,-0.0294,NONE,STOPWORD,False,False
39,Metasploit and PowerShell to move laterally and deploy malwa,fin6,True,TA0008,T1072,HIGH,2.065235,4,move,1.329574,0.3421,MEDIUM,ATTACK_VOCAB,True,True
39,Metasploit and PowerShell to move laterally and deploy malwa,fin6,True,TA0008,T1072,HIGH,2.065235,5,laterally,3.887025,1.0,HIGH,ATTACK_VOCAB,True,True
39,Metasploit and PowerShell to move laterally and deploy malwa,fin6,True,TA0008,T1072,HIGH,2.065235,6,and,0.100505,0.0259,NONE,STOPWORD,False,False
39,Metasploit and PowerShell to move laterally and deploy malwa,fin6,True,TA0008,T1072,HIGH,2.065235,7,deploy,-0.055021,-0.0142,NONE,ATTACK_VOCAB,True,True
39,Metasploit and PowerShell to move laterally and deploy malwa,fin6,True,TA0008,T1072,HIGH,2.065235,8,malware.,-0.125909,-0.0324,NONE,ATTACK_VOCAB,True,True
40,Carbanak is a backdoor used by the attackers to compromise t,carbanak,True,S0030,S0030,HIGH,4.362315,0,Carbanak,5.553878,1.0,HIGH,ACTOR_NAME,True,True
40,Carbanak is a backdoor used by the attackers to compromise t,carbanak,True,S0030,S0030,HIGH,4.362315,1,is,-0.39838,-0.0717,LOW,STOPWORD,False,False
40,Carbanak is a backdoor used by the attackers to compromise t,carbanak,True,S0030,S0030,HIGH,4.362315,2,a,-0.381243,-0.0686,LOW,STOPWORD,False,False
40,Carbanak is a backdoor used by the attackers to compromise t,carbanak,True,S0030,S0030,HIGH,4.362315,3,backdoor,-1.07969,-0.1944,LOW,ATTACK_VOCAB,True,True
40,Carbanak is a backdoor used by the attackers to compromise t,carbanak,True,S0030,S0030,HIGH,4.362315,4,used,-0.24101,-0.0434,NONE,ATTACK_VOCAB,True,True
40,Carbanak is a backdoor used by the attackers to compromise t,carbanak,True,S0030,S0030,HIGH,4.362315,5,by,-0.266794,-0.048,NONE,STOPWORD,False,False
40,Carbanak is a backdoor used by the attackers to compromise t,carbanak,True,S0030,S0030,HIGH,4.362315,6,the,-0.358398,-0.0645,LOW,STOPWORD,False,False
40,Carbanak is a backdoor used by the attackers to compromise t,carbanak,True,S0030,S0030,HIGH,4.362315,7,attackers,-0.431593,-0.0777,LOW,ATTACK_VOCAB,True,True
40,Carbanak is a backdoor used by the attackers to compromise t,carbanak,True,S0030,S0030,HIGH,4.362315,8,to,-0.404737,-0.0729,LOW,STOPWORD,False,False
40,Carbanak is a backdoor used by the attackers to compromise t,carbanak,True,S0030,S0030,HIGH,4.362315,9,compromise,-0.569068,-0.1025,LOW,ATTACK_VOCAB,True,True
40,Carbanak is a backdoor used by the attackers to compromise t,carbanak,True,S0030,S0030,HIGH,4.362315,10,the,-0.472592,-0.0851,LOW,STOPWORD,False,False
40,Carbanak is a backdoor used by the attackers to compromise t,carbanak,True,S0030,S0030,HIGH,4.362315,11,victim's,-0.820448,-0.1477,LOW,ATTACK_VOCAB,True,True
40,Carbanak is a backdoor used by the attackers to compromise t,carbanak,True,S0030,S0030,HIGH,4.362315,12,machine,-0.451005,-0.0812,LOW,ATTACK_VOCAB,True,True
40,Carbanak is a backdoor used by the attackers to compromise t,carbanak,True,S0030,S0030,HIGH,4.362315,13,once,-0.470414,-0.0847,LOW,ATTACK_VOCAB,True,True
40,Carbanak is a backdoor used by the attackers to compromise t,carbanak,True,S0030,S0030,HIGH,4.362315,14,the,-0.417511,-0.0752,LOW,STOPWORD,False,False
40,Carbanak is a backdoor used by the attackers to compromise t,carbanak,True,S0030,S0030,HIGH,4.362315,15,"exploit,",-0.677123,-0.1219,LOW,ATTACK_VOCAB,True,True
40,Carbanak is a backdoor used by the attackers to compromise t,carbanak,True,S0030,S0030,HIGH,4.362315,16,either,-0.438863,-0.079,LOW,ATTACK_VOCAB,True,True
40,Carbanak is a backdoor used by the attackers to compromise t,carbanak,True,S0030,S0030,HIGH,4.362315,17,in,-0.488731,-0.088,LOW,STOPWORD,False,False
40,Carbanak is a backdoor used by the attackers to compromise t,carbanak,True,S0030,S0030,HIGH,4.362315,18,the,-0.477618,-0.086,LOW,STOPWORD,False,False
40,Carbanak is a backdoor used by the attackers to compromise t,carbanak,True,S0030,S0030,HIGH,4.362315,19,spear,-0.470746,-0.0848,LOW,ATTACK_VOCAB,True,True
40,Carbanak is a backdoor used by the attackers to compromise t,carbanak,True,S0030,S0030,HIGH,4.362315,20,phishing,-0.520961,-0.0938,LOW,ATTACK_VOCAB,True,True
40,Carbanak is a backdoor used by the attackers to compromise t,carbanak,True,S0030,S0030,HIGH,4.362315,21,email,-0.450521,-0.0811,LOW,ATTACK_VOCAB,True,True
40,Carbanak is a backdoor used by the attackers to compromise t,carbanak,True,S0030,S0030,HIGH,4.362315,22,or,-0.429767,-0.0774,LOW,STOPWORD,False,False
40,Carbanak is a backdoor used by the attackers to compromise t,carbanak,True,S0030,S0030,HIGH,4.362315,23,exploit,-0.534263,-0.0962,LOW,ATTACK_VOCAB,True,True
40,Carbanak is a backdoor used by the attackers to compromise t,carbanak,True,S0030,S0030,HIGH,4.362315,24,"kit,",-0.739387,-0.1331,LOW,OTHER,False,False
40,Carbanak is a backdoor used by the attackers to compromise t,carbanak,True,S0030,S0030,HIGH,4.362315,25,successfully,-0.54742,-0.0986,LOW,ATTACK_VOCAB,True,True
40,Carbanak is a backdoor used by the attackers to compromise t,carbanak,True,S0030,S0030,HIGH,4.362315,26,executes,-0.967943,-0.1743,LOW,ATTACK_VOCAB,True,True
40,Carbanak is a backdoor used by the attackers to compromise t,carbanak,True,S0030,S0030,HIGH,4.362315,27,its,-0.622882,-0.1122,LOW,STOPWORD,False,False
40,Carbanak is a backdoor used by the attackers to compromise t,carbanak,True,S0030,S0030,HIGH,4.362315,28,payload,-0.713661,-0.1285,LOW,ATTACK_VOCAB,True,True
41,the attacker leveraged in-memory attacks by injecting malici,fin6,True,T1055,TA0004,HIGH,0.728081,0,the,0.084954,0.0288,NONE,STOPWORD,False,False
41,the attacker leveraged in-memory attacks by injecting malici,fin6,True,T1055,TA0004,HIGH,0.728081,1,attacker,0.080594,0.0273,NONE,ATTACK_VOCAB,True,True
41,the attacker leveraged in-memory attacks by injecting malici,fin6,True,T1055,TA0004,HIGH,0.728081,2,leveraged,-0.017752,-0.006,NONE,ATTACK_VOCAB,True,True
41,the attacker leveraged in-memory attacks by injecting malici,fin6,True,T1055,TA0004,HIGH,0.728081,3,in-memory,-0.028663,-0.0097,NONE,OTHER,False,False
41,the attacker leveraged in-memory attacks by injecting malici,fin6,True,T1055,TA0004,HIGH,0.728081,4,attacks,0.01483,0.005,NONE,ATTACK_VOCAB,True,True
41,the attacker leveraged in-memory attacks by injecting malici,fin6,True,T1055,TA0004,HIGH,0.728081,5,by,0.141257,0.0479,NONE,STOPWORD,False,False
41,the attacker leveraged in-memory attacks by injecting malici,fin6,True,T1055,TA0004,HIGH,0.728081,6,injecting,1.810365,0.6139,HIGH,ATTACK_VOCAB,True,False
41,the attacker leveraged in-memory attacks by injecting malici,fin6,True,T1055,TA0004,HIGH,0.728081,7,malicious,-0.110411,-0.0374,NONE,ATTACK_VOCAB,True,True
41,the attacker leveraged in-memory attacks by injecting malici,fin6,True,T1055,TA0004,HIGH,0.728081,8,"code,",0.042452,0.0144,NONE,ATTACK_VOCAB,True,True
41,the attacker leveraged in-memory attacks by injecting malici,fin6,True,T1055,TA0004,HIGH,0.728081,9,in,0.042538,0.0144,NONE,STOPWORD,False,False
41,the attacker leveraged in-memory attacks by injecting malici,fin6,True,T1055,TA0004,HIGH,0.728081,10,this,0.023931,0.0081,NONE,STOPWORD,False,False
41,the attacker leveraged in-memory attacks by injecting malici,fin6,True,T1055,TA0004,HIGH,0.728081,11,case,0.014934,0.0051,NONE,ATTACK_VOCAB,True,True
41,the attacker leveraged in-memory attacks by injecting malici,fin6,True,T1055,TA0004,HIGH,0.728081,12,"Mimikatz,",-0.245381,-0.0832,LOW,ATTACK_VOCAB,True,True
41,the attacker leveraged in-memory attacks by injecting malici,fin6,True,T1055,TA0004,HIGH,0.728081,13,into,-0.09603,-0.0326,NONE,STOPWORD,False,False
41,the attacker leveraged in-memory attacks by injecting malici,fin6,True,T1055,TA0004,HIGH,0.728081,14,legitimate,-0.198715,-0.0674,LOW,ATTACK_VOCAB,True,True
41,the attacker leveraged in-memory attacks by injecting malici,fin6,True,T1055,TA0004,HIGH,0.728081,15,system,0.109952,0.0373,NONE,ATTACK_VOCAB,True,True
41,the attacker leveraged in-memory attacks by injecting malici,fin6,True,T1055,TA0004,HIGH,0.728081,16,processes,2.9488,1.0,HIGH,ATTACK_VOCAB,True,True
42,used exploits,carbanak,True,T1203,TA0002,HIGH,0.587938,0,used,-0.169233,-0.0345,NONE,ATTACK_VOCAB,True,True
42,used exploits,carbanak,True,T1203,TA0002,HIGH,0.587938,1,exploits,4.904374,1.0,HIGH,ATTACK_VOCAB,True,True
43,The JScript loader file is highly obfuscated and decodes the,fin6,True,T1140,TA0005,HIGH,0.526771,0,The,0.01536,0.0165,NONE,STOPWORD,False,False
43,The JScript loader file is highly obfuscated and decodes the,fin6,True,T1140,TA0005,HIGH,0.526771,1,JScript,0.020106,0.0217,NONE,ATTACK_VOCAB,True,True
43,The JScript loader file is highly obfuscated and decodes the,fin6,True,T1140,TA0005,HIGH,0.526771,2,loader,0.189981,0.2046,MEDIUM,ATTACK_VOCAB,True,True
43,The JScript loader file is highly obfuscated and decodes the,fin6,True,T1140,TA0005,HIGH,0.526771,3,file,0.35884,0.3865,MEDIUM,ATTACK_VOCAB,True,True
43,The JScript loader file is highly obfuscated and decodes the,fin6,True,T1140,TA0005,HIGH,0.526771,4,is,0.041351,0.0445,NONE,STOPWORD,False,False
43,The JScript loader file is highly obfuscated and decodes the,fin6,True,T1140,TA0005,HIGH,0.526771,5,highly,-0.089628,-0.0965,LOW,ATTACK_VOCAB,True,False
43,The JScript loader file is highly obfuscated and decodes the,fin6,True,T1140,TA0005,HIGH,0.526771,6,obfuscated,0.928452,1.0,HIGH,ATTACK_VOCAB,True,True
43,The JScript loader file is highly obfuscated and decodes the,fin6,True,T1140,TA0005,HIGH,0.526771,7,and,0.052138,0.0562,LOW,STOPWORD,False,False
43,The JScript loader file is highly obfuscated and decodes the,fin6,True,T1140,TA0005,HIGH,0.526771,8,decodes,0.616501,0.664,HIGH,OTHER,False,False
43,The JScript loader file is highly obfuscated and decodes the,fin6,True,T1140,TA0005,HIGH,0.526771,9,the,0.012677,0.0137,NONE,STOPWORD,False,False
43,The JScript loader file is highly obfuscated and decodes the,fin6,True,T1140,TA0005,HIGH,0.526771,10,More_eggs,0.207044,0.223,MEDIUM,OTHER,False,False
43,The JScript loader file is highly obfuscated and decodes the,fin6,True,T1140,TA0005,HIGH,0.526771,11,backdoor,0.136603,0.1471,LOW,ATTACK_VOCAB,True,True
43,The JScript loader file is highly obfuscated and decodes the,fin6,True,T1140,TA0005,HIGH,0.526771,12,in,0.039264,0.0423,NONE,STOPWORD,False,False
43,The JScript loader file is highly obfuscated and decodes the,fin6,True,T1140,TA0005,HIGH,0.526771,13,a,-0.004932,-0.0053,NONE,STOPWORD,False,False
43,The JScript loader file is highly obfuscated and decodes the,fin6,True,T1140,TA0005,HIGH,0.526771,14,variety,-0.04543,-0.0489,NONE,ATTACK_VOCAB,True,True
43,The JScript loader file is highly obfuscated and decodes the,fin6,True,T1140,TA0005,HIGH,0.526771,15,of,0.034918,0.0376,NONE,STOPWORD,False,False
43,The JScript loader file is highly obfuscated and decodes the,fin6,True,T1140,TA0005,HIGH,0.526771,16,"ways,",0.176854,0.1905,LOW,ATTACK_VOCAB,True,True
43,The JScript loader file is highly obfuscated and decodes the,fin6,True,T1140,TA0005,HIGH,0.526771,17,including,0.029459,0.0317,NONE,STOPWORD,False,False
43,The JScript loader file is highly obfuscated and decodes the,fin6,True,T1140,TA0005,HIGH,0.526771,18,RC4,-0.062409,-0.0672,LOW,ATTACK_VOCAB,True,True
43,The JScript loader file is highly obfuscated and decodes the,fin6,True,T1140,TA0005,HIGH,0.526771,19,decryption,0.312127,0.3362,MEDIUM,ATTACK_VOCAB,True,True
44,The initial document was probably sent within the Baltic reg,fin7,True,TA0001,TA0001,HIGH,3.227975,0,The,-0.038698,-0.0156,NONE,STOPWORD,False,False
44,The initial document was probably sent within the Baltic reg,fin7,True,TA0001,TA0001,HIGH,3.227975,1,initial,2.473176,1.0,HIGH,ATTACK_VOCAB,True,True
44,The initial document was probably sent within the Baltic reg,fin7,True,TA0001,TA0001,HIGH,3.227975,2,document,0.033317,0.0135,NONE,ATTACK_VOCAB,True,True
44,The initial document was probably sent within the Baltic reg,fin7,True,TA0001,TA0001,HIGH,3.227975,3,was,-0.020366,-0.0082,NONE,STOPWORD,False,False
44,The initial document was probably sent within the Baltic reg,fin7,True,TA0001,TA0001,HIGH,3.227975,4,probably,-0.011964,-0.0048,NONE,OTHER,False,False
44,The initial document was probably sent within the Baltic reg,fin7,True,TA0001,TA0001,HIGH,3.227975,5,sent,0.060148,0.0243,NONE,ATTACK_VOCAB,True,True
44,The initial document was probably sent within the Baltic reg,fin7,True,TA0001,TA0001,HIGH,3.227975,6,within,0.123288,0.0498,NONE,ATTACK_VOCAB,True,True
44,The initial document was probably sent within the Baltic reg,fin7,True,TA0001,TA0001,HIGH,3.227975,7,the,0.019372,0.0078,NONE,STOPWORD,False,False
44,The initial document was probably sent within the Baltic reg,fin7,True,TA0001,TA0001,HIGH,3.227975,8,Baltic,-0.007501,-0.003,NONE,OTHER,False,False
44,The initial document was probably sent within the Baltic reg,fin7,True,TA0001,TA0001,HIGH,3.227975,9,region,-0.114548,-0.0463,NONE,ATTACK_VOCAB,True,False
44,The initial document was probably sent within the Baltic reg,fin7,True,TA0001,TA0001,HIGH,3.227975,10,(or,0.298884,0.1209,LOW,STOPWORD,False,False
44,The initial document was probably sent within the Baltic reg,fin7,True,TA0001,TA0001,HIGH,3.227975,11,tested,0.057351,0.0232,NONE,OTHER,False,False
44,The initial document was probably sent within the Baltic reg,fin7,True,TA0001,TA0001,HIGH,3.227975,12,there).,0.459249,0.1857,LOW,STOPWORD,False,False
44,The initial document was probably sent within the Baltic reg,fin7,True,TA0001,TA0001,HIGH,3.227975,13,It,0.069989,0.0283,NONE,STOPWORD,False,False
44,The initial document was probably sent within the Baltic reg,fin7,True,TA0001,TA0001,HIGH,3.227975,14,was,-0.003696,-0.0015,NONE,STOPWORD,False,False
44,The initial document was probably sent within the Baltic reg,fin7,True,TA0001,TA0001,HIGH,3.227975,15,submitted,0.040308,0.0163,NONE,OTHER,False,False
44,The initial document was probably sent within the Baltic reg,fin7,True,TA0001,TA0001,HIGH,3.227975,16,to,0.099941,0.0404,NONE,STOPWORD,False,False
44,The initial document was probably sent within the Baltic reg,fin7,True,TA0001,TA0001,HIGH,3.227975,17,VirusTotal,0.262931,0.1063,LOW,ATTACK_VOCAB,True,True
44,The initial document was probably sent within the Baltic reg,fin7,True,TA0001,TA0001,HIGH,3.227975,18,from,-0.017676,-0.0071,NONE,STOPWORD,False,False
44,The initial document was probably sent within the Baltic reg,fin7,True,TA0001,TA0001,HIGH,3.227975,19,Latvia.,0.149607,0.0605,LOW,ATTACK_VOCAB,True,False
44,The initial document was probably sent within the Baltic reg,fin7,True,TA0001,TA0001,HIGH,3.227975,20,The,0.065278,0.0264,NONE,STOPWORD,False,False
44,The initial document was probably sent within the Baltic reg,fin7,True,TA0001,TA0001,HIGH,3.227975,21,name,-0.035998,-0.0146,NONE,ATTACK_VOCAB,True,True
44,The initial document was probably sent within the Baltic reg,fin7,True,TA0001,TA0001,HIGH,3.227975,22,of,0.079838,0.0323,NONE,STOPWORD,False,False
44,The initial document was probably sent within the Baltic reg,fin7,True,TA0001,TA0001,HIGH,3.227975,23,the,0.0776,0.0314,NONE,STOPWORD,False,False
44,The initial document was probably sent within the Baltic reg,fin7,True,TA0001,TA0001,HIGH,3.227975,24,document,0.032418,0.0131,NONE,ATTACK_VOCAB,True,True
44,The initial document was probably sent within the Baltic reg,fin7,True,TA0001,TA0001,HIGH,3.227975,25,translated,-0.003883,-0.0016,NONE,OTHER,False,False
44,The initial document was probably sent within the Baltic reg,fin7,True,TA0001,TA0001,HIGH,3.227975,26,from,0.063933,0.0259,NONE,STOPWORD,False,False
44,The initial document was probably sent within the Baltic reg,fin7,True,TA0001,TA0001,HIGH,3.227975,27,Russian,0.084649,0.0342,NONE,ATTACK_VOCAB,True,False
44,The initial document was probably sent within the Baltic reg,fin7,True,TA0001,TA0001,HIGH,3.227975,28,is,0.035775,0.0145,NONE,STOPWORD,False,False
44,The initial document was probably sent within the Baltic reg,fin7,True,TA0001,TA0001,HIGH,3.227975,29,"""new",0.233833,0.0945,LOW,ATTACK_VOCAB,True,True
44,The initial document was probably sent within the Baltic reg,fin7,True,TA0001,TA0001,HIGH,3.227975,30,"questioner"".",0.287041,0.1161,LOW,OTHER,False,False
44,The initial document was probably sent within the Baltic reg,fin7,True,TA0001,TA0001,HIGH,3.227975,31,It,0.081102,0.0328,NONE,STOPWORD,False,False
44,The initial document was probably sent within the Baltic reg,fin7,True,TA0001,TA0001,HIGH,3.227975,32,is,0.055997,0.0226,NONE,STOPWORD,False,False
44,The initial document was probably sent within the Baltic reg,fin7,True,TA0001,TA0001,HIGH,3.227975,33,password-protected,0.246505,0.0997,LOW,OTHER,False,False
44,The initial document was probably sent within the Baltic reg,fin7,True,TA0001,TA0001,HIGH,3.227975,34,with,0.067225,0.0272,NONE,STOPWORD,False,False
44,The initial document was probably sent within the Baltic reg,fin7,True,TA0001,TA0001,HIGH,3.227975,35,the,-0.027519,-0.0111,NONE,STOPWORD,False,False
44,The initial document was probably sent within the Baltic reg,fin7,True,TA0001,TA0001,HIGH,3.227975,36,password:,0.105241,0.0426,NONE,ATTACK_VOCAB,True,True
44,The initial document was probably sent within the Baltic reg,fin7,True,TA0001,TA0001,HIGH,3.227975,37,"""goodmorning"".",0.015558,0.0063,NONE,OTHER,False,False
45,to determine if it has more than 30 GB of free space. If the,oilrig,False,T1005,T1030,HIGH,0.776047,0,to,0.173875,0.0355,NONE,STOPWORD,False,False
45,to determine if it has more than 30 GB of free space. If the,oilrig,False,T1005,T1030,HIGH,0.776047,1,determine,0.061003,0.0124,NONE,ATTACK_VOCAB,True,True
45,to determine if it has more than 30 GB of free space. If the,oilrig,False,T1005,T1030,HIGH,0.776047,2,if,0.128479,0.0262,NONE,STOPWORD,False,False
45,to determine if it has more than 30 GB of free space. If the,oilrig,False,T1005,T1030,HIGH,0.776047,3,it,0.15457,0.0315,NONE,STOPWORD,False,False
45,to determine if it has more than 30 GB of free space. If the,oilrig,False,T1005,T1030,HIGH,0.776047,4,has,0.15117,0.0308,NONE,STOPWORD,False,False
45,to determine if it has more than 30 GB of free space. If the,oilrig,False,T1005,T1030,HIGH,0.776047,5,more,0.110185,0.0225,NONE,ATTACK_VOCAB,True,True
45,to determine if it has more than 30 GB of free space. If the,oilrig,False,T1005,T1030,HIGH,0.776047,6,than,0.119535,0.0244,NONE,STOPWORD,False,False
45,to determine if it has more than 30 GB of free space. If the,oilrig,False,T1005,T1030,HIGH,0.776047,7,30,0.094023,0.0192,NONE,OTHER,False,False
45,to determine if it has more than 30 GB of free space. If the,oilrig,False,T1005,T1030,HIGH,0.776047,8,GB,0.097843,0.02,NONE,OTHER,False,False
45,to determine if it has more than 30 GB of free space. If the,oilrig,False,T1005,T1030,HIGH,0.776047,9,of,0.180235,0.0368,NONE,STOPWORD,False,False
45,to determine if it has more than 30 GB of free space. If the,oilrig,False,T1005,T1030,HIGH,0.776047,10,free,0.134807,0.0275,NONE,ATTACK_VOCAB,True,True
45,to determine if it has more than 30 GB of free space. If the,oilrig,False,T1005,T1030,HIGH,0.776047,11,space.,0.235923,0.0481,NONE,ATTACK_VOCAB,True,True
45,to determine if it has more than 30 GB of free space. If the,oilrig,False,T1005,T1030,HIGH,0.776047,12,If,0.150923,0.0308,NONE,STOPWORD,False,False
45,to determine if it has more than 30 GB of free space. If the,oilrig,False,T1005,T1030,HIGH,0.776047,13,the,0.125794,0.0257,NONE,STOPWORD,False,False
45,to determine if it has more than 30 GB of free space. If the,oilrig,False,T1005,T1030,HIGH,0.776047,14,server,0.212524,0.0434,NONE,ATTACK_VOCAB,True,True
45,to determine if it has more than 30 GB of free space. If the,oilrig,False,T1005,T1030,HIGH,0.776047,15,has,0.063403,0.0129,NONE,STOPWORD,False,False
45,to determine if it has more than 30 GB of free space. If the,oilrig,False,T1005,T1030,HIGH,0.776047,16,less,0.150549,0.0307,NONE,ATTACK_VOCAB,True,True
45,to determine if it has more than 30 GB of free space. If the,oilrig,False,T1005,T1030,HIGH,0.776047,17,than,0.121716,0.0248,NONE,STOPWORD,False,False
45,to determine if it has more than 30 GB of free space. If the,oilrig,False,T1005,T1030,HIGH,0.776047,18,30,0.126114,0.0257,NONE,OTHER,False,False
45,to determine if it has more than 30 GB of free space. If the,oilrig,False,T1005,T1030,HIGH,0.776047,19,GB,0.152143,0.031,NONE,OTHER,False,False
45,to determine if it has more than 30 GB of free space. If the,oilrig,False,T1005,T1030,HIGH,0.776047,20,of,0.12921,0.0264,NONE,STOPWORD,False,False
45,to determine if it has more than 30 GB of free space. If the,oilrig,False,T1005,T1030,HIGH,0.776047,21,free,0.159559,0.0326,NONE,ATTACK_VOCAB,True,True
45,to determine if it has more than 30 GB of free space. If the,oilrig,False,T1005,T1030,HIGH,0.776047,22,space,0.133452,0.0272,NONE,ATTACK_VOCAB,True,True
45,to determine if it has more than 30 GB of free space. If the,oilrig,False,T1005,T1030,HIGH,0.776047,23,the,0.120997,0.0247,NONE,STOPWORD,False,False
45,to determine if it has more than 30 GB of free space. If the,oilrig,False,T1005,T1030,HIGH,0.776047,24,webshell,0.197549,0.0403,NONE,ATTACK_VOCAB,True,True
45,to determine if it has more than 30 GB of free space. If the,oilrig,False,T1005,T1030,HIGH,0.776047,25,will,0.133508,0.0272,NONE,STOPWORD,False,False
45,to determine if it has more than 30 GB of free space. If the,oilrig,False,T1005,T1030,HIGH,0.776047,26,not,0.101942,0.0208,NONE,STOPWORD,False,False
45,to determine if it has more than 30 GB of free space. If the,oilrig,False,T1005,T1030,HIGH,0.776047,27,perform,0.115757,0.0236,NONE,ATTACK_VOCAB,True,True
45,to determine if it has more than 30 GB of free space. If the,oilrig,False,T1005,T1030,HIGH,0.776047,28,the,0.178039,0.0363,NONE,STOPWORD,False,False
45,to determine if it has more than 30 GB of free space. If the,oilrig,False,T1005,T1030,HIGH,0.776047,29,"activity,",0.236818,0.0483,NONE,ATTACK_VOCAB,True,True
45,to determine if it has more than 30 GB of free space. If the,oilrig,False,T1005,T1030,HIGH,0.776047,30,which,0.177546,0.0362,NONE,STOPWORD,False,False
45,to determine if it has more than 30 GB of free space. If the,oilrig,False,T1005,T1030,HIGH,0.776047,31,indicates,0.170144,0.0347,NONE,ATTACK_VOCAB,True,False
45,to determine if it has more than 30 GB of free space. If the,oilrig,False,T1005,T1030,HIGH,0.776047,32,that,0.1785,0.0364,NONE,STOPWORD,False,False
45,to determine if it has more than 30 GB of free space. If the,oilrig,False,T1005,T1030,HIGH,0.776047,33,the,0.181114,0.037,NONE,STOPWORD,False,False
45,to determine if it has more than 30 GB of free space. If the,oilrig,False,T1005,T1030,HIGH,0.776047,34,developer,0.09125,0.0186,NONE,ATTACK_VOCAB,True,True
45,to determine if it has more than 30 GB of free space. If the,oilrig,False,T1005,T1030,HIGH,0.776047,35,of,0.1501,0.0306,NONE,STOPWORD,False,False
45,to determine if it has more than 30 GB of free space. If the,oilrig,False,T1005,T1030,HIGH,0.776047,36,the,0.142573,0.0291,NONE,STOPWORD,False,False
45,to determine if it has more than 30 GB of free space. If the,oilrig,False,T1005,T1030,HIGH,0.776047,37,webshell,0.309244,0.0631,LOW,ATTACK_VOCAB,True,True
45,to determine if it has more than 30 GB of free space. If the,oilrig,False,T1005,T1030,HIGH,0.776047,38,expects,0.145971,0.0298,NONE,OTHER,False,False
45,to determine if it has more than 30 GB of free space. If the,oilrig,False,T1005,T1030,HIGH,0.776047,39,a,0.246645,0.0503,LOW,STOPWORD,False,False
45,to determine if it has more than 30 GB of free space. If the,oilrig,False,T1005,T1030,HIGH,0.776047,40,high,0.149753,0.0306,NONE,ATTACK_VOCAB,True,True
45,to determine if it has more than 30 GB of free space. If the,oilrig,False,T1005,T1030,HIGH,0.776047,41,volume,0.057513,0.0117,NONE,ATTACK_VOCAB,True,True
45,to determine if it has more than 30 GB of free space. If the,oilrig,False,T1005,T1030,HIGH,0.776047,42,of,0.138044,0.0282,NONE,STOPWORD,False,False
45,to determine if it has more than 30 GB of free space. If the,oilrig,False,T1005,T1030,HIGH,0.776047,43,data,4.901385,1.0,HIGH,ATTACK_VOCAB,True,True
45,to determine if it has more than 30 GB of free space. If the,oilrig,False,T1005,T1030,HIGH,0.776047,44,downloaded,0.059536,0.0121,NONE,ATTACK_VOCAB,True,True
45,to determine if it has more than 30 GB of free space. If the,oilrig,False,T1005,T1030,HIGH,0.776047,45,from,0.889418,0.1815,LOW,STOPWORD,False,False
45,to determine if it has more than 30 GB of free space. If the,oilrig,False,T1005,T1030,HIGH,0.776047,46,the,0.250275,0.0511,LOW,STOPWORD,False,False
45,to determine if it has more than 30 GB of free space. If the,oilrig,False,T1005,T1030,HIGH,0.776047,47,victim,0.087329,0.0178,NONE,ATTACK_VOCAB,True,True
45,to determine if it has more than 30 GB of free space. If the,oilrig,False,T1005,T1030,HIGH,0.776047,48,network,0.513599,0.1048,LOW,ATTACK_VOCAB,True,True
46,"The  {~random}  file  names  are  not  really random,  but  ",carbanak,True,TA0002,TA0002,HIGH,0.676127,0,The,0.117478,0.2305,MEDIUM,STOPWORD,False,False
46,"The  {~random}  file  names  are  not  really random,  but  ",carbanak,True,TA0002,TA0002,HIGH,0.676127,1,{~random},0.150085,0.2945,MEDIUM,ATTACK_VOCAB,True,True
46,"The  {~random}  file  names  are  not  really random,  but  ",carbanak,True,TA0002,TA0002,HIGH,0.676127,2,file,0.05165,0.1013,LOW,ATTACK_VOCAB,True,True
46,"The  {~random}  file  names  are  not  really random,  but  ",carbanak,True,TA0002,TA0002,HIGH,0.676127,3,names,0.030278,0.0594,LOW,ATTACK_VOCAB,True,True
46,"The  {~random}  file  names  are  not  really random,  but  ",carbanak,True,TA0002,TA0002,HIGH,0.676127,4,are,0.04997,0.098,LOW,STOPWORD,False,False
46,"The  {~random}  file  names  are  not  really random,  but  ",carbanak,True,TA0002,TA0002,HIGH,0.676127,5,not,0.094028,0.1845,LOW,STOPWORD,False,False
46,"The  {~random}  file  names  are  not  really random,  but  ",carbanak,True,TA0002,TA0002,HIGH,0.676127,6,really,0.07346,0.1441,LOW,OTHER,False,False
46,"The  {~random}  file  names  are  not  really random,  but  ",carbanak,True,TA0002,TA0002,HIGH,0.676127,7,"random,",0.059849,0.1174,LOW,ATTACK_VOCAB,True,True
46,"The  {~random}  file  names  are  not  really random,  but  ",carbanak,True,TA0002,TA0002,HIGH,0.676127,8,but,0.071158,0.1396,LOW,STOPWORD,False,False
46,"The  {~random}  file  names  are  not  really random,  but  ",carbanak,True,TA0002,TA0002,HIGH,0.676127,9,instead,0.157406,0.3088,MEDIUM,ATTACK_VOCAB,True,True
46,"The  {~random}  file  names  are  not  really random,  but  ",carbanak,True,TA0002,TA0002,HIGH,0.676127,10,a,0.095859,0.1881,LOW,STOPWORD,False,False
46,"The  {~random}  file  names  are  not  really random,  but  ",carbanak,True,TA0002,TA0002,HIGH,0.676127,11,base64,0.072926,0.1431,LOW,ATTACK_VOCAB,True,True
46,"The  {~random}  file  names  are  not  really random,  but  ",carbanak,True,TA0002,TA0002,HIGH,0.676127,12,combination,0.465366,0.913,HIGH,ATTACK_VOCAB,True,True
46,"The  {~random}  file  names  are  not  really random,  but  ",carbanak,True,TA0002,TA0002,HIGH,0.676127,13,of,0.199944,0.3923,MEDIUM,STOPWORD,False,False
46,"The  {~random}  file  names  are  not  really random,  but  ",carbanak,True,TA0002,TA0002,HIGH,0.676127,14,the,0.158659,0.3113,MEDIUM,STOPWORD,False,False
46,"The  {~random}  file  names  are  not  really random,  but  ",carbanak,True,TA0002,TA0002,HIGH,0.676127,15,victim's,-0.210364,-0.4127,MEDIUM,ATTACK_VOCAB,True,True
46,"The  {~random}  file  names  are  not  really random,  but  ",carbanak,True,TA0002,TA0002,HIGH,0.676127,16,system,0.009092,0.0178,NONE,ATTACK_VOCAB,True,True
46,"The  {~random}  file  names  are  not  really random,  but  ",carbanak,True,TA0002,TA0002,HIGH,0.676127,17,volume,0.036788,0.0722,LOW,ATTACK_VOCAB,True,True
46,"The  {~random}  file  names  are  not  really random,  but  ",carbanak,True,TA0002,TA0002,HIGH,0.676127,18,serial,0.009933,0.0195,NONE,ATTACK_VOCAB,True,True
46,"The  {~random}  file  names  are  not  really random,  but  ",carbanak,True,TA0002,TA0002,HIGH,0.676127,19,number,-0.181975,-0.357,MEDIUM,ATTACK_VOCAB,True,True
46,"The  {~random}  file  names  are  not  really random,  but  ",carbanak,True,TA0002,TA0002,HIGH,0.676127,20,and,-0.057895,-0.1136,LOW,STOPWORD,False,False
46,"The  {~random}  file  names  are  not  really random,  but  ",carbanak,True,TA0002,TA0002,HIGH,0.676127,21,MAC,-0.084395,-0.1656,LOW,ATTACK_VOCAB,True,True
46,"The  {~random}  file  names  are  not  really random,  but  ",carbanak,True,TA0002,TA0002,HIGH,0.676127,22,"address,",-0.509696,-1.0,HIGH,ATTACK_VOCAB,True,True
46,"The  {~random}  file  names  are  not  really random,  but  ",carbanak,True,TA0002,TA0002,HIGH,0.676127,23,which,0.054749,0.1074,LOW,STOPWORD,False,False
46,"The  {~random}  file  names  are  not  really random,  but  ",carbanak,True,TA0002,TA0002,HIGH,0.676127,24,are,0.041367,0.0812,LOW,STOPWORD,False,False
46,"The  {~random}  file  names  are  not  really random,  but  ",carbanak,True,TA0002,TA0002,HIGH,0.676127,25,obtained,0.101436,0.199,LOW,ATTACK_VOCAB,True,True
46,"The  {~random}  file  names  are  not  really random,  but  ",carbanak,True,TA0002,TA0002,HIGH,0.676127,26,by,0.337595,0.6623,HIGH,STOPWORD,False,False
46,"The  {~random}  file  names  are  not  really random,  but  ",carbanak,True,TA0002,TA0002,HIGH,0.676127,27,queries,-0.304186,-0.5968,HIGH,ATTACK_VOCAB,True,True
46,"The  {~random}  file  names  are  not  really random,  but  ",carbanak,True,TA0002,TA0002,HIGH,0.676127,28,to,0.108149,0.2122,MEDIUM,STOPWORD,False,False
46,"The  {~random}  file  names  are  not  really random,  but  ",carbanak,True,TA0002,TA0002,HIGH,0.676127,29,the,0.014873,0.0292,NONE,STOPWORD,False,False
46,"The  {~random}  file  names  are  not  really random,  but  ",carbanak,True,TA0002,TA0002,HIGH,0.676127,30,system's,-0.014799,-0.029,NONE,ATTACK_VOCAB,True,True
46,"The  {~random}  file  names  are  not  really random,  but  ",carbanak,True,TA0002,TA0002,HIGH,0.676127,31,WMI,-0.05232,-0.1027,LOW,ATTACK_VOCAB,True,True
46,"The  {~random}  file  names  are  not  really random,  but  ",carbanak,True,TA0002,TA0002,HIGH,0.676127,32,Service,0.071529,0.1403,LOW,ATTACK_VOCAB,True,True
47,The command consisted of a byte array containing a base64 en,fin6,True,TA0005,T1027,HIGH,0.847965,0,The,0.178346,0.682,HIGH,STOPWORD,False,False
47,The command consisted of a byte array containing a base64 en,fin6,True,TA0005,T1027,HIGH,0.847965,1,command,0.167201,0.6394,HIGH,ATTACK_VOCAB,True,True
47,The command consisted of a byte array containing a base64 en,fin6,True,TA0005,T1027,HIGH,0.847965,2,consisted,-0.217649,-0.8323,HIGH,OTHER,False,False
47,The command consisted of a byte array containing a base64 en,fin6,True,TA0005,T1027,HIGH,0.847965,3,of,-0.039102,-0.1495,LOW,STOPWORD,False,False
47,The command consisted of a byte array containing a base64 en,fin6,True,TA0005,T1027,HIGH,0.847965,4,a,-0.015091,-0.0577,LOW,STOPWORD,False,False
47,The command consisted of a byte array containing a base64 en,fin6,True,TA0005,T1027,HIGH,0.847965,5,byte,0.183409,0.7014,HIGH,ATTACK_VOCAB,True,True
47,The command consisted of a byte array containing a base64 en,fin6,True,TA0005,T1027,HIGH,0.847965,6,array,0.094998,0.3633,MEDIUM,ATTACK_VOCAB,True,True
47,The command consisted of a byte array containing a base64 en,fin6,True,TA0005,T1027,HIGH,0.847965,7,containing,-0.074085,-0.2833,MEDIUM,ATTACK_VOCAB,True,True
47,The command consisted of a byte array containing a base64 en,fin6,True,TA0005,T1027,HIGH,0.847965,8,a,0.02165,0.0828,LOW,STOPWORD,False,False
47,The command consisted of a byte array containing a base64 en,fin6,True,TA0005,T1027,HIGH,0.847965,9,base64,-0.222957,-0.8526,HIGH,ATTACK_VOCAB,True,True
47,The command consisted of a byte array containing a base64 en,fin6,True,TA0005,T1027,HIGH,0.847965,10,encoded,-0.041558,-0.1589,LOW,ATTACK_VOCAB,True,True
47,The command consisted of a byte array containing a base64 en,fin6,True,TA0005,T1027,HIGH,0.847965,11,payload,0.261498,1.0,HIGH,ATTACK_VOCAB,True,True
48,"The first-stage DLL, cyzfc.dat, is created by the PowerShell",apt29,True,T1055.001,T1055.001,HIGH,0.342012,0,The,-0.0236,-0.0234,NONE,STOPWORD,False,False
48,"The first-stage DLL, cyzfc.dat, is created by the PowerShell",apt29,True,T1055.001,T1055.001,HIGH,0.342012,1,first-stage,0.023534,0.0233,NONE,OTHER,False,False
48,"The first-stage DLL, cyzfc.dat, is created by the PowerShell",apt29,True,T1055.001,T1055.001,HIGH,0.342012,2,"DLL,",0.764683,0.7566,HIGH,ATTACK_VOCAB,True,True
48,"The first-stage DLL, cyzfc.dat, is created by the PowerShell",apt29,True,T1055.001,T1055.001,HIGH,0.342012,3,"cyzfc.dat,",-0.064592,-0.0639,LOW,OTHER,False,False
48,"The first-stage DLL, cyzfc.dat, is created by the PowerShell",apt29,True,T1055.001,T1055.001,HIGH,0.342012,4,is,-0.018565,-0.0184,NONE,STOPWORD,False,False
48,"The first-stage DLL, cyzfc.dat, is created by the PowerShell",apt29,True,T1055.001,T1055.001,HIGH,0.342012,5,created,0.048678,0.0482,NONE,ATTACK_VOCAB,True,True
48,"The first-stage DLL, cyzfc.dat, is created by the PowerShell",apt29,True,T1055.001,T1055.001,HIGH,0.342012,6,by,0.158362,0.1567,LOW,STOPWORD,False,False
48,"The first-stage DLL, cyzfc.dat, is created by the PowerShell",apt29,True,T1055.001,T1055.001,HIGH,0.342012,7,the,0.061399,0.0607,LOW,STOPWORD,False,False
48,"The first-stage DLL, cyzfc.dat, is created by the PowerShell",apt29,True,T1055.001,T1055.001,HIGH,0.342012,8,PowerShell,-0.055089,-0.0545,LOW,ATTACK_VOCAB,True,True
48,"The first-stage DLL, cyzfc.dat, is created by the PowerShell",apt29,True,T1055.001,T1055.001,HIGH,0.342012,9,script,-0.053809,-0.0532,LOW,ATTACK_VOCAB,True,True
48,"The first-stage DLL, cyzfc.dat, is created by the PowerShell",apt29,True,T1055.001,T1055.001,HIGH,0.342012,10,in,-0.011331,-0.0112,NONE,STOPWORD,False,False
48,"The first-stage DLL, cyzfc.dat, is created by the PowerShell",apt29,True,T1055.001,T1055.001,HIGH,0.342012,11,the,0.00553,0.0055,NONE,STOPWORD,False,False
48,"The first-stage DLL, cyzfc.dat, is created by the PowerShell",apt29,True,T1055.001,T1055.001,HIGH,0.342012,12,path,-0.02048,-0.0203,NONE,ATTACK_VOCAB,True,True
48,"The first-stage DLL, cyzfc.dat, is created by the PowerShell",apt29,True,T1055.001,T1055.001,HIGH,0.342012,13,%AppData%\Local\cyzfc.dat.,-0.01569,-0.0155,NONE,OTHER,False,False
48,"The first-stage DLL, cyzfc.dat, is created by the PowerShell",apt29,True,T1055.001,T1055.001,HIGH,0.342012,14,It,-0.005356,-0.0053,NONE,STOPWORD,False,False
48,"The first-stage DLL, cyzfc.dat, is created by the PowerShell",apt29,True,T1055.001,T1055.001,HIGH,0.342012,15,is,-0.012214,-0.0121,NONE,STOPWORD,False,False
48,"The first-stage DLL, cyzfc.dat, is created by the PowerShell",apt29,True,T1055.001,T1055.001,HIGH,0.342012,16,a,-0.018657,-0.0185,NONE,STOPWORD,False,False
48,"The first-stage DLL, cyzfc.dat, is created by the PowerShell",apt29,True,T1055.001,T1055.001,HIGH,0.342012,17,64-bit,0.129306,0.1279,LOW,OTHER,False,False
48,"The first-stage DLL, cyzfc.dat, is created by the PowerShell",apt29,True,T1055.001,T1055.001,HIGH,0.342012,18,DLL,1.010689,1.0,HIGH,ATTACK_VOCAB,True,True
48,"The first-stage DLL, cyzfc.dat, is created by the PowerShell",apt29,True,T1055.001,T1055.001,HIGH,0.342012,19,that,-0.007631,-0.0076,NONE,STOPWORD,False,False
48,"The first-stage DLL, cyzfc.dat, is created by the PowerShell",apt29,True,T1055.001,T1055.001,HIGH,0.342012,20,exports,0.053494,0.0529,LOW,ATTACK_VOCAB,True,False
48,"The first-stage DLL, cyzfc.dat, is created by the PowerShell",apt29,True,T1055.001,T1055.001,HIGH,0.342012,21,one,0.00415,0.0041,NONE,ATTACK_VOCAB,True,True
48,"The first-stage DLL, cyzfc.dat, is created by the PowerShell",apt29,True,T1055.001,T1055.001,HIGH,0.342012,22,function:,0.025903,0.0256,NONE,ATTACK_VOCAB,True,True
48,"The first-stage DLL, cyzfc.dat, is created by the PowerShell",apt29,True,T1055.001,T1055.001,HIGH,0.342012,23,PointFunctionCall.,-0.21351,-0.2113,MEDIUM,OTHER,False,False
49,This module mainly relies on WMI and Windows objects to deli,fin7,True,T1047,TA0002,HIGH,1.072463,0,This,0.1982,0.0437,NONE,STOPWORD,False,False
49,This module mainly relies on WMI and Windows objects to deli,fin7,True,T1047,TA0002,HIGH,1.072463,1,module,0.000111,0.0,NONE,ATTACK_VOCAB,True,True
49,This module mainly relies on WMI and Windows objects to deli,fin7,True,T1047,TA0002,HIGH,1.072463,2,mainly,0.147222,0.0325,NONE,STOPWORD,False,False
49,This module mainly relies on WMI and Windows objects to deli,fin7,True,T1047,TA0002,HIGH,1.072463,3,relies,0.656137,0.1446,LOW,ATTACK_VOCAB,True,True
49,This module mainly relies on WMI and Windows objects to deli,fin7,True,T1047,TA0002,HIGH,1.072463,4,on,-0.042131,-0.0093,NONE,STOPWORD,False,False
49,This module mainly relies on WMI and Windows objects to deli,fin7,True,T1047,TA0002,HIGH,1.072463,5,WMI,4.53626,1.0,HIGH,ATTACK_VOCAB,True,True
49,This module mainly relies on WMI and Windows objects to deli,fin7,True,T1047,TA0002,HIGH,1.072463,6,and,0.158865,0.035,NONE,STOPWORD,False,False
49,This module mainly relies on WMI and Windows objects to deli,fin7,True,T1047,TA0002,HIGH,1.072463,7,Windows,-0.040596,-0.0089,NONE,ATTACK_VOCAB,True,True
49,This module mainly relies on WMI and Windows objects to deli,fin7,True,T1047,TA0002,HIGH,1.072463,8,objects,-0.067881,-0.015,NONE,ATTACK_VOCAB,True,True
49,This module mainly relies on WMI and Windows objects to deli,fin7,True,T1047,TA0002,HIGH,1.072463,9,to,-0.064361,-0.0142,NONE,STOPWORD,False,False
49,This module mainly relies on WMI and Windows objects to deli,fin7,True,T1047,TA0002,HIGH,1.072463,10,deliver,-0.339538,-0.0748,LOW,ATTACK_VOCAB,True,True
49,This module mainly relies on WMI and Windows objects to deli,fin7,True,T1047,TA0002,HIGH,1.072463,11,results,0.109609,0.0242,NONE,ATTACK_VOCAB,True,True
50,Carbanak injects its code into svchost.exe.,carbanak,True,S0030,S0030,MEDIUM,0.273344,0,Carbanak,6.80243,1.0,HIGH,ACTOR_NAME,True,True
50,Carbanak injects its code into svchost.exe.,carbanak,True,S0030,S0030,MEDIUM,0.273344,1,injects,-0.62599,-0.092,LOW,ATTACK_VOCAB,True,True
50,Carbanak injects its code into svchost.exe.,carbanak,True,S0030,S0030,MEDIUM,0.273344,2,its,-0.039289,-0.0058,NONE,STOPWORD,False,False
50,Carbanak injects its code into svchost.exe.,carbanak,True,S0030,S0030,MEDIUM,0.273344,3,code,-0.131235,-0.0193,NONE,ATTACK_VOCAB,True,True
50,Carbanak injects its code into svchost.exe.,carbanak,True,S0030,S0030,MEDIUM,0.273344,4,into,0.045478,0.0067,NONE,STOPWORD,False,False
50,Carbanak injects its code into svchost.exe.,carbanak,True,S0030,S0030,MEDIUM,0.273344,5,svchost.exe.,-0.244519,-0.0359,NONE,OTHER,False,False
51,"Stealing usernames and passwords from browsers, instant mess",apt29,True,TA0006,T1555,HIGH,0.987658,0,Stealing,-0.25616,-0.1175,LOW,ATTACK_VOCAB,True,True
51,"Stealing usernames and passwords from browsers, instant mess",apt29,True,TA0006,T1555,HIGH,0.987658,1,usernames,-0.233934,-0.1073,LOW,ATTACK_VOCAB,True,True
51,"Stealing usernames and passwords from browsers, instant mess",apt29,True,TA0006,T1555,HIGH,0.987658,2,and,-0.600903,-0.2756,MEDIUM,STOPWORD,False,False
51,"Stealing usernames and passwords from browsers, instant mess",apt29,True,TA0006,T1555,HIGH,0.987658,3,passwords,2.180442,1.0,HIGH,ATTACK_VOCAB,True,True
51,"Stealing usernames and passwords from browsers, instant mess",apt29,True,TA0006,T1555,HIGH,0.987658,4,from,0.03644,0.0167,NONE,STOPWORD,False,False
51,"Stealing usernames and passwords from browsers, instant mess",apt29,True,TA0006,T1555,HIGH,0.987658,5,"browsers,",-0.19764,-0.0906,LOW,ATTACK_VOCAB,True,True
51,"Stealing usernames and passwords from browsers, instant mess",apt29,True,TA0006,T1555,HIGH,0.987658,6,instant,-0.001108,-0.0005,NONE,ATTACK_VOCAB,True,False
51,"Stealing usernames and passwords from browsers, instant mess",apt29,True,TA0006,T1555,HIGH,0.987658,7,messengers,-0.083575,-0.0383,NONE,ATTACK_VOCAB,True,False
51,"Stealing usernames and passwords from browsers, instant mess",apt29,True,TA0006,T1555,HIGH,0.987658,8,and,-0.116592,-0.0535,LOW,STOPWORD,False,False
51,"Stealing usernames and passwords from browsers, instant mess",apt29,True,TA0006,T1555,HIGH,0.987658,9,email,-0.120585,-0.0553,LOW,ATTACK_VOCAB,True,True
51,"Stealing usernames and passwords from browsers, instant mess",apt29,True,TA0006,T1555,HIGH,0.987658,10,clients,-0.077226,-0.0354,NONE,ATTACK_VOCAB,True,True
52,"Carbanak copies itself into ""%system32%\com"" with the name """,carbanak,True,S0030,S0030,HIGH,0.488381,0,Carbanak,6.440387,1.0,HIGH,ACTOR_NAME,True,True
52,"Carbanak copies itself into ""%system32%\com"" with the name """,carbanak,True,S0030,S0030,HIGH,0.488381,1,copies,-0.382036,-0.0593,LOW,ATTACK_VOCAB,True,True
52,"Carbanak copies itself into ""%system32%\com"" with the name """,carbanak,True,S0030,S0030,HIGH,0.488381,2,itself,-0.141818,-0.022,NONE,ATTACK_VOCAB,True,True
52,"Carbanak copies itself into ""%system32%\com"" with the name """,carbanak,True,S0030,S0030,HIGH,0.488381,3,into,-0.265475,-0.0412,NONE,STOPWORD,False,False
52,"Carbanak copies itself into ""%system32%\com"" with the name """,carbanak,True,S0030,S0030,HIGH,0.488381,4,"""%system32%\com""",-0.167549,-0.026,NONE,OTHER,False,False
52,"Carbanak copies itself into ""%system32%\com"" with the name """,carbanak,True,S0030,S0030,HIGH,0.488381,5,with,-0.040807,-0.0063,NONE,STOPWORD,False,False
52,"Carbanak copies itself into ""%system32%\com"" with the name """,carbanak,True,S0030,S0030,HIGH,0.488381,6,the,-0.15781,-0.0245,NONE,STOPWORD,False,False
52,"Carbanak copies itself into ""%system32%\com"" with the name """,carbanak,True,S0030,S0030,HIGH,0.488381,7,name,-0.249176,-0.0387,NONE,ATTACK_VOCAB,True,True
52,"Carbanak copies itself into ""%system32%\com"" with the name """,carbanak,True,S0030,S0030,HIGH,0.488381,8,"""svchost.exe""",-0.412296,-0.064,LOW,OTHER,False,False
53,pushing attack scripts down to compromised computers,fin7,True,TA0011,T1105,HIGH,4.857948,0,pushing,0.010413,0.021,NONE,ATTACK_VOCAB,True,False
53,pushing attack scripts down to compromised computers,fin7,True,TA0011,T1105,HIGH,4.857948,1,attack,-0.069402,-0.1401,LOW,ATTACK_VOCAB,True,True
53,pushing attack scripts down to compromised computers,fin7,True,TA0011,T1105,HIGH,4.857948,2,scripts,0.495536,1.0,HIGH,ATTACK_VOCAB,True,True
53,pushing attack scripts down to compromised computers,fin7,True,TA0011,T1105,HIGH,4.857948,3,down,-0.200518,-0.4046,MEDIUM,ATTACK_VOCAB,True,True
53,pushing attack scripts down to compromised computers,fin7,True,TA0011,T1105,HIGH,4.857948,4,to,0.026103,0.0527,LOW,STOPWORD,False,False
53,pushing attack scripts down to compromised computers,fin7,True,TA0011,T1105,HIGH,4.857948,5,compromised,0.039422,0.0796,LOW,ATTACK_VOCAB,True,True
53,pushing attack scripts down to compromised computers,fin7,True,TA0011,T1105,HIGH,4.857948,6,computers,0.160595,0.3241,MEDIUM,ATTACK_VOCAB,True,True
54,tainted documents,carbanak,False,TA0004,TA0001,HIGH,0.410188,0,tainted,0.827506,1.0,HIGH,ATTACK_VOCAB,True,False
54,tainted documents,carbanak,False,TA0004,TA0001,HIGH,0.410188,1,documents,0.036381,0.044,NONE,ATTACK_VOCAB,True,True
55,phishing emails that included weaponized Microsoft Excel att,oilrig,True,T1566.001,TA0001,HIGH,1.554397,0,phishing,0.675199,0.5591,HIGH,ATTACK_VOCAB,True,True
55,phishing emails that included weaponized Microsoft Excel att,oilrig,True,T1566.001,TA0001,HIGH,1.554397,1,emails,-0.073785,-0.0611,LOW,ATTACK_VOCAB,True,True
55,phishing emails that included weaponized Microsoft Excel att,oilrig,True,T1566.001,TA0001,HIGH,1.554397,2,that,-0.140364,-0.1162,LOW,STOPWORD,False,False
55,phishing emails that included weaponized Microsoft Excel att,oilrig,True,T1566.001,TA0001,HIGH,1.554397,3,included,-0.133462,-0.1105,LOW,ATTACK_VOCAB,True,True
55,phishing emails that included weaponized Microsoft Excel att,oilrig,True,T1566.001,TA0001,HIGH,1.554397,4,weaponized,0.162153,0.1343,LOW,ATTACK_VOCAB,True,True
55,phishing emails that included weaponized Microsoft Excel att,oilrig,True,T1566.001,TA0001,HIGH,1.554397,5,Microsoft,-0.330764,-0.2739,MEDIUM,ATTACK_VOCAB,True,True
55,phishing emails that included weaponized Microsoft Excel att,oilrig,True,T1566.001,TA0001,HIGH,1.554397,6,Excel,-0.437022,-0.3619,MEDIUM,ATTACK_VOCAB,True,True
55,phishing emails that included weaponized Microsoft Excel att,oilrig,True,T1566.001,TA0001,HIGH,1.554397,7,attachments,1.207594,1.0,HIGH,ATTACK_VOCAB,True,True
56,it has also commonly been used in conjunction with CosmicDuk,apt29,True,S0048,S0051,HIGH,0.332196,0,it,0.255363,0.0564,LOW,STOPWORD,False,False
56,it has also commonly been used in conjunction with CosmicDuk,apt29,True,S0048,S0051,HIGH,0.332196,1,has,0.481055,0.1062,LOW,STOPWORD,False,False
56,it has also commonly been used in conjunction with CosmicDuk,apt29,True,S0048,S0051,HIGH,0.332196,2,also,0.420143,0.0928,LOW,STOPWORD,False,False
56,it has also commonly been used in conjunction with CosmicDuk,apt29,True,S0048,S0051,HIGH,0.332196,3,commonly,0.405703,0.0896,LOW,ATTACK_VOCAB,True,True
56,it has also commonly been used in conjunction with CosmicDuk,apt29,True,S0048,S0051,HIGH,0.332196,4,been,0.466589,0.103,LOW,STOPWORD,False,False
56,it has also commonly been used in conjunction with CosmicDuk,apt29,True,S0048,S0051,HIGH,0.332196,5,used,0.409206,0.0904,LOW,ATTACK_VOCAB,True,True
56,it has also commonly been used in conjunction with CosmicDuk,apt29,True,S0048,S0051,HIGH,0.332196,6,in,0.679278,0.15,LOW,STOPWORD,False,False
56,it has also commonly been used in conjunction with CosmicDuk,apt29,True,S0048,S0051,HIGH,0.332196,7,conjunction,0.028688,0.0063,NONE,ATTACK_VOCAB,True,True
56,it has also commonly been used in conjunction with CosmicDuk,apt29,True,S0048,S0051,HIGH,0.332196,8,with,0.215837,0.0477,NONE,STOPWORD,False,False
56,it has also commonly been used in conjunction with CosmicDuk,apt29,True,S0048,S0051,HIGH,0.332196,9,CosmicDuke,0.468748,0.1035,LOW,ATTACK_VOCAB,True,True
56,it has also commonly been used in conjunction with CosmicDuk,apt29,True,S0048,S0051,HIGH,0.332196,10,and,0.535718,0.1183,LOW,STOPWORD,False,False
56,it has also commonly been used in conjunction with CosmicDuk,apt29,True,S0048,S0051,HIGH,0.332196,11,PinchDuke,4.528214,1.0,HIGH,ATTACK_VOCAB,True,True
57,Multiple built-in Windows commands were used to enable netwo,fin6,False,T1059.003,TA0007,HIGH,0.596521,0,Multiple,-0.377775,-0.0732,LOW,ATTACK_VOCAB,True,True
57,Multiple built-in Windows commands were used to enable netwo,fin6,False,T1059.003,TA0007,HIGH,0.596521,1,built-in,-0.010728,-0.0021,NONE,OTHER,False,False
57,Multiple built-in Windows commands were used to enable netwo,fin6,False,T1059.003,TA0007,HIGH,0.596521,2,Windows,1.909882,0.3699,MEDIUM,ATTACK_VOCAB,True,True
57,Multiple built-in Windows commands were used to enable netwo,fin6,False,T1059.003,TA0007,HIGH,0.596521,3,commands,5.162691,1.0,HIGH,ATTACK_VOCAB,True,True
57,Multiple built-in Windows commands were used to enable netwo,fin6,False,T1059.003,TA0007,HIGH,0.596521,4,were,-0.177626,-0.0344,NONE,STOPWORD,False,False
57,Multiple built-in Windows commands were used to enable netwo,fin6,False,T1059.003,TA0007,HIGH,0.596521,5,used,0.345973,0.067,LOW,ATTACK_VOCAB,True,True
57,Multiple built-in Windows commands were used to enable netwo,fin6,False,T1059.003,TA0007,HIGH,0.596521,6,to,0.414207,0.0802,LOW,STOPWORD,False,False
57,Multiple built-in Windows commands were used to enable netwo,fin6,False,T1059.003,TA0007,HIGH,0.596521,7,enable,-0.330249,-0.064,LOW,ATTACK_VOCAB,True,True
57,Multiple built-in Windows commands were used to enable netwo,fin6,False,T1059.003,TA0007,HIGH,0.596521,8,"network,",-0.29931,-0.058,LOW,ATTACK_VOCAB,True,True
57,Multiple built-in Windows commands were used to enable netwo,fin6,False,T1059.003,TA0007,HIGH,0.596521,9,"account,",-0.103289,-0.02,NONE,ATTACK_VOCAB,True,True
57,Multiple built-in Windows commands were used to enable netwo,fin6,False,T1059.003,TA0007,HIGH,0.596521,10,and,-0.024027,-0.0047,NONE,STOPWORD,False,False
57,Multiple built-in Windows commands were used to enable netwo,fin6,False,T1059.003,TA0007,HIGH,0.596521,11,host,-0.153825,-0.0298,NONE,ATTACK_VOCAB,True,True
57,Multiple built-in Windows commands were used to enable netwo,fin6,False,T1059.003,TA0007,HIGH,0.596521,12,reconnaissance,-0.399961,-0.0775,LOW,ATTACK_VOCAB,True,True
57,Multiple built-in Windows commands were used to enable netwo,fin6,False,T1059.003,TA0007,HIGH,0.596521,13,of,-0.31211,-0.0605,LOW,STOPWORD,False,False
57,Multiple built-in Windows commands were used to enable netwo,fin6,False,T1059.003,TA0007,HIGH,0.596521,14,the,-0.165903,-0.0321,NONE,STOPWORD,False,False
57,Multiple built-in Windows commands were used to enable netwo,fin6,False,T1059.003,TA0007,HIGH,0.596521,15,impacted,-0.285458,-0.0553,LOW,OTHER,False,True
57,Multiple built-in Windows commands were used to enable netwo,fin6,False,T1059.003,TA0007,HIGH,0.596521,16,"environment,",-0.114708,-0.0222,NONE,ATTACK_VOCAB,True,True
58,FIN6 used an alternative extraction method to upload payment,fin6,True,TA0010,T1048,HIGH,0.553831,0,FIN6,-0.134526,-0.0446,NONE,ACTOR_NAME,True,True
58,FIN6 used an alternative extraction method to upload payment,fin6,True,TA0010,T1048,HIGH,0.553831,1,used,-0.095396,-0.0317,NONE,ATTACK_VOCAB,True,True
58,FIN6 used an alternative extraction method to upload payment,fin6,True,TA0010,T1048,HIGH,0.553831,2,an,-0.104117,-0.0345,NONE,STOPWORD,False,False
58,FIN6 used an alternative extraction method to upload payment,fin6,True,TA0010,T1048,HIGH,0.553831,3,alternative,-0.296737,-0.0985,LOW,ATTACK_VOCAB,True,True
58,FIN6 used an alternative extraction method to upload payment,fin6,True,TA0010,T1048,HIGH,0.553831,4,extraction,-0.095063,-0.0315,NONE,OTHER,False,False
58,FIN6 used an alternative extraction method to upload payment,fin6,True,TA0010,T1048,HIGH,0.553831,5,method,0.22154,0.0735,LOW,ATTACK_VOCAB,True,True
58,FIN6 used an alternative extraction method to upload payment,fin6,True,TA0010,T1048,HIGH,0.553831,6,to,0.137167,0.0455,NONE,STOPWORD,False,False
58,FIN6 used an alternative extraction method to upload payment,fin6,True,TA0010,T1048,HIGH,0.553831,7,upload,3.013773,1.0,HIGH,ATTACK_VOCAB,True,True
58,FIN6 used an alternative extraction method to upload payment,fin6,True,TA0010,T1048,HIGH,0.553831,8,payment,-0.044299,-0.0147,NONE,ATTACK_VOCAB,True,True
58,FIN6 used an alternative extraction method to upload payment,fin6,True,TA0010,T1048,HIGH,0.553831,9,card,0.061572,0.0204,NONE,ATTACK_VOCAB,True,True
58,FIN6 used an alternative extraction method to upload payment,fin6,True,TA0010,T1048,HIGH,0.553831,10,data,0.874705,0.2902,MEDIUM,ATTACK_VOCAB,True,True
58,FIN6 used an alternative extraction method to upload payment,fin6,True,TA0010,T1048,HIGH,0.553831,11,to,0.104813,0.0348,NONE,STOPWORD,False,False
58,FIN6 used an alternative extraction method to upload payment,fin6,True,TA0010,T1048,HIGH,0.553831,12,a,0.083377,0.0277,NONE,STOPWORD,False,False
58,FIN6 used an alternative extraction method to upload payment,fin6,True,TA0010,T1048,HIGH,0.553831,13,public,0.041681,0.0138,NONE,ATTACK_VOCAB,True,True
58,FIN6 used an alternative extraction method to upload payment,fin6,True,TA0010,T1048,HIGH,0.553831,14,file,0.083372,0.0277,NONE,ATTACK_VOCAB,True,True
58,FIN6 used an alternative extraction method to upload payment,fin6,True,TA0010,T1048,HIGH,0.553831,15,sharing,-0.151559,-0.0503,LOW,ATTACK_VOCAB,True,True
58,FIN6 used an alternative extraction method to upload payment,fin6,True,TA0010,T1048,HIGH,0.553831,16,service.,-0.011111,-0.0037,NONE,ATTACK_VOCAB,True,True
59,even the earliest known GeminiDuke samples encrypted any str,apt29,True,T1027,T1027,LOW,0.020917,0,even,0.202904,0.0707,LOW,ATTACK_VOCAB,True,True
59,even the earliest known GeminiDuke samples encrypted any str,apt29,True,T1027,T1027,LOW,0.020917,1,the,0.00217,0.0008,NONE,STOPWORD,False,False
59,even the earliest known GeminiDuke samples encrypted any str,apt29,True,T1027,T1027,LOW,0.020917,2,earliest,-0.122474,-0.0427,NONE,ATTACK_VOCAB,True,False
59,even the earliest known GeminiDuke samples encrypted any str,apt29,True,T1027,T1027,LOW,0.020917,3,known,-0.032101,-0.0112,NONE,ATTACK_VOCAB,True,True
59,even the earliest known GeminiDuke samples encrypted any str,apt29,True,T1027,T1027,LOW,0.020917,4,GeminiDuke,0.086341,0.0301,NONE,ATTACK_VOCAB,True,True
59,even the earliest known GeminiDuke samples encrypted any str,apt29,True,T1027,T1027,LOW,0.020917,5,samples,0.030163,0.0105,NONE,ATTACK_VOCAB,True,True
59,even the earliest known GeminiDuke samples encrypted any str,apt29,True,T1027,T1027,LOW,0.020917,6,encrypted,2.868988,1.0,HIGH,ATTACK_VOCAB,True,True
59,even the earliest known GeminiDuke samples encrypted any str,apt29,True,T1027,T1027,LOW,0.020917,7,any,0.143325,0.05,NONE,STOPWORD,False,False
59,even the earliest known GeminiDuke samples encrypted any str,apt29,True,T1027,T1027,LOW,0.020917,8,strings,5.2e-05,0.0,NONE,ATTACK_VOCAB,True,True
59,even the earliest known GeminiDuke samples encrypted any str,apt29,True,T1027,T1027,LOW,0.020917,9,that,0.063774,0.0222,NONE,STOPWORD,False,False
59,even the earliest known GeminiDuke samples encrypted any str,apt29,True,T1027,T1027,LOW,0.020917,10,might,-0.060166,-0.021,NONE,STOPWORD,False,False
59,even the earliest known GeminiDuke samples encrypted any str,apt29,True,T1027,T1027,LOW,0.020917,11,have,-0.030567,-0.0107,NONE,STOPWORD,False,False
59,even the earliest known GeminiDuke samples encrypted any str,apt29,True,T1027,T1027,LOW,0.020917,12,given,-0.02555,-0.0089,NONE,ATTACK_VOCAB,True,True
59,even the earliest known GeminiDuke samples encrypted any str,apt29,True,T1027,T1027,LOW,0.020917,13,away,-0.030473,-0.0106,NONE,OTHER,False,False
59,even the earliest known GeminiDuke samples encrypted any str,apt29,True,T1027,T1027,LOW,0.020917,14,the,-0.02487,-0.0087,NONE,STOPWORD,False,False
59,even the earliest known GeminiDuke samples encrypted any str,apt29,True,T1027,T1027,LOW,0.020917,15,malware's,0.203432,0.0709,LOW,OTHER,False,False
59,even the earliest known GeminiDuke samples encrypted any str,apt29,True,T1027,T1027,LOW,0.020917,16,true,-0.006048,-0.0021,NONE,ATTACK_VOCAB,True,False
59,even the earliest known GeminiDuke samples encrypted any str,apt29,True,T1027,T1027,LOW,0.020917,17,nature.,0.002861,0.001,NONE,ATTACK_VOCAB,True,False
60,The Macros contain several anti-VM checks designed to avoid ,apt29,True,TA0005,TA0005,HIGH,2.012858,0,The,0.137621,0.5138,HIGH,STOPWORD,False,False
60,The Macros contain several anti-VM checks designed to avoid ,apt29,True,TA0005,TA0005,HIGH,2.012858,1,Macros,-0.040956,-0.1529,LOW,ATTACK_VOCAB,True,True
60,The Macros contain several anti-VM checks designed to avoid ,apt29,True,TA0005,TA0005,HIGH,2.012858,2,contain,0.064459,0.2407,MEDIUM,ATTACK_VOCAB,True,True
60,The Macros contain several anti-VM checks designed to avoid ,apt29,True,TA0005,TA0005,HIGH,2.012858,3,several,0.086925,0.3246,MEDIUM,ATTACK_VOCAB,True,True
60,The Macros contain several anti-VM checks designed to avoid ,apt29,True,TA0005,TA0005,HIGH,2.012858,4,anti-VM,0.267827,1.0,HIGH,OTHER,False,False
60,The Macros contain several anti-VM checks designed to avoid ,apt29,True,TA0005,TA0005,HIGH,2.012858,5,checks,0.138286,0.5163,HIGH,ATTACK_VOCAB,True,True
60,The Macros contain several anti-VM checks designed to avoid ,apt29,True,TA0005,TA0005,HIGH,2.012858,6,designed,0.044471,0.166,LOW,ATTACK_VOCAB,True,True
60,The Macros contain several anti-VM checks designed to avoid ,apt29,True,TA0005,TA0005,HIGH,2.012858,7,to,0.099423,0.3712,MEDIUM,STOPWORD,False,False
60,The Macros contain several anti-VM checks designed to avoid ,apt29,True,TA0005,TA0005,HIGH,2.012858,8,avoid,0.097954,0.3657,MEDIUM,ATTACK_VOCAB,True,True
60,The Macros contain several anti-VM checks designed to avoid ,apt29,True,TA0005,TA0005,HIGH,2.012858,9,executing,-0.067626,-0.2525,MEDIUM,ATTACK_VOCAB,True,True
60,The Macros contain several anti-VM checks designed to avoid ,apt29,True,TA0005,TA0005,HIGH,2.012858,10,in,0.029631,0.1106,LOW,STOPWORD,False,False
60,The Macros contain several anti-VM checks designed to avoid ,apt29,True,TA0005,TA0005,HIGH,2.012858,11,virtualized,0.058484,0.2184,MEDIUM,ATTACK_VOCAB,True,False
60,The Macros contain several anti-VM checks designed to avoid ,apt29,True,TA0005,TA0005,HIGH,2.012858,12,environments.,0.013835,0.0517,LOW,ATTACK_VOCAB,True,True
61,An actor collected directory listings from %le servers acros,fin6,True,T1083,TA0007,HIGH,0.719611,0,An,-0.041996,-0.0324,NONE,STOPWORD,False,False
61,An actor collected directory listings from %le servers acros,fin6,True,T1083,TA0007,HIGH,0.719611,1,actor,-0.173476,-0.1337,LOW,ATTACK_VOCAB,True,True
61,An actor collected directory listings from %le servers acros,fin6,True,T1083,TA0007,HIGH,0.719611,2,collected,0.987412,0.761,HIGH,ATTACK_VOCAB,True,True
61,An actor collected directory listings from %le servers acros,fin6,True,T1083,TA0007,HIGH,0.719611,3,directory,1.297498,1.0,HIGH,ATTACK_VOCAB,True,True
61,An actor collected directory listings from %le servers acros,fin6,True,T1083,TA0007,HIGH,0.719611,4,listings,0.203172,0.1566,LOW,ATTACK_VOCAB,True,False
61,An actor collected directory listings from %le servers acros,fin6,True,T1083,TA0007,HIGH,0.719611,5,from,0.103705,0.0799,LOW,STOPWORD,False,False
61,An actor collected directory listings from %le servers acros,fin6,True,T1083,TA0007,HIGH,0.719611,6,%le,-0.222215,-0.1713,LOW,OTHER,False,False
61,An actor collected directory listings from %le servers acros,fin6,True,T1083,TA0007,HIGH,0.719611,7,servers,-0.028854,-0.0222,NONE,ATTACK_VOCAB,True,True
61,An actor collected directory listings from %le servers acros,fin6,True,T1083,TA0007,HIGH,0.719611,8,across,-0.057819,-0.0446,NONE,STOPWORD,False,False
61,An actor collected directory listings from %le servers acros,fin6,True,T1083,TA0007,HIGH,0.719611,9,an,-0.000891,-0.0007,NONE,STOPWORD,False,False
61,An actor collected directory listings from %le servers acros,fin6,True,T1083,TA0007,HIGH,0.719611,10,impacted,-0.042447,-0.0327,NONE,OTHER,False,True
61,An actor collected directory listings from %le servers acros,fin6,True,T1083,TA0007,HIGH,0.719611,11,environment,-0.155509,-0.1199,LOW,ATTACK_VOCAB,True,True
62,they launched multiple attacks using spearphishing email (ha,oilrig,True,T1566.001,TA0001,HIGH,0.390416,0,they,-0.0567,-0.058,LOW,STOPWORD,False,False
62,they launched multiple attacks using spearphishing email (ha,oilrig,True,T1566.001,TA0001,HIGH,0.390416,1,launched,-0.040266,-0.0412,NONE,ATTACK_VOCAB,True,True
62,they launched multiple attacks using spearphishing email (ha,oilrig,True,T1566.001,TA0001,HIGH,0.390416,2,multiple,-0.100945,-0.1032,LOW,ATTACK_VOCAB,True,True
62,they launched multiple attacks using spearphishing email (ha,oilrig,True,T1566.001,TA0001,HIGH,0.390416,3,attacks,-0.136322,-0.1393,LOW,ATTACK_VOCAB,True,True
62,they launched multiple attacks using spearphishing email (ha,oilrig,True,T1566.001,TA0001,HIGH,0.390416,4,using,-0.060733,-0.0621,LOW,ATTACK_VOCAB,True,True
62,they launched multiple attacks using spearphishing email (ha,oilrig,True,T1566.001,TA0001,HIGH,0.390416,5,spearphishing,0.978307,1.0,HIGH,ATTACK_VOCAB,True,True
62,they launched multiple attacks using spearphishing email (ha,oilrig,True,T1566.001,TA0001,HIGH,0.390416,6,email,-0.01575,-0.0161,NONE,ATTACK_VOCAB,True,True
62,they launched multiple attacks using spearphishing email (ha,oilrig,True,T1566.001,TA0001,HIGH,0.390416,7,(having,-0.170563,-0.1743,LOW,ATTACK_VOCAB,True,True
62,they launched multiple attacks using spearphishing email (ha,oilrig,True,T1566.001,TA0001,HIGH,0.390416,8,attached,0.009269,0.0095,NONE,ATTACK_VOCAB,True,True
62,they launched multiple attacks using spearphishing email (ha,oilrig,True,T1566.001,TA0001,HIGH,0.390416,9,PhpSpy,-0.42815,-0.4376,MEDIUM,OTHER,False,False
62,they launched multiple attacks using spearphishing email (ha,oilrig,True,T1566.001,TA0001,HIGH,0.390416,10,and,-0.097361,-0.0995,LOW,STOPWORD,False,False
62,they launched multiple attacks using spearphishing email (ha,oilrig,True,T1566.001,TA0001,HIGH,0.390416,11,QuadAgent,-0.367181,-0.3753,MEDIUM,ATTACK_VOCAB,True,False
62,they launched multiple attacks using spearphishing email (ha,oilrig,True,T1566.001,TA0001,HIGH,0.390416,12,backdoor),-0.351665,-0.3595,MEDIUM,ATTACK_VOCAB,True,True
62,they launched multiple attacks using spearphishing email (ha,oilrig,True,T1566.001,TA0001,HIGH,0.390416,13,to,-0.090171,-0.0922,LOW,STOPWORD,False,False
62,they launched multiple attacks using spearphishing email (ha,oilrig,True,T1566.001,TA0001,HIGH,0.390416,14,target,-0.095583,-0.0977,LOW,ATTACK_VOCAB,True,True
62,they launched multiple attacks using spearphishing email (ha,oilrig,True,T1566.001,TA0001,HIGH,0.390416,15,an,-0.110591,-0.113,LOW,STOPWORD,False,False
62,they launched multiple attacks using spearphishing email (ha,oilrig,True,T1566.001,TA0001,HIGH,0.390416,16,unnamed,-0.119775,-0.1224,LOW,OTHER,False,False
62,they launched multiple attacks using spearphishing email (ha,oilrig,True,T1566.001,TA0001,HIGH,0.390416,17,technology,-0.113344,-0.1159,LOW,ATTACK_VOCAB,True,True
62,they launched multiple attacks using spearphishing email (ha,oilrig,True,T1566.001,TA0001,HIGH,0.390416,18,services,-0.122297,-0.125,LOW,ATTACK_VOCAB,True,True
62,they launched multiple attacks using spearphishing email (ha,oilrig,True,T1566.001,TA0001,HIGH,0.390416,19,"provider,",-0.123745,-0.1265,LOW,ATTACK_VOCAB,True,True
62,they launched multiple attacks using spearphishing email (ha,oilrig,True,T1566.001,TA0001,HIGH,0.390416,20,the,-0.148476,-0.1518,LOW,STOPWORD,False,False
62,they launched multiple attacks using spearphishing email (ha,oilrig,True,T1566.001,TA0001,HIGH,0.390416,21,Lebanese,-0.284719,-0.291,MEDIUM,ATTACK_VOCAB,True,False
62,they launched multiple attacks using spearphishing email (ha,oilrig,True,T1566.001,TA0001,HIGH,0.390416,22,intelligence,-0.061724,-0.0631,LOW,ATTACK_VOCAB,True,True
62,they launched multiple attacks using spearphishing email (ha,oilrig,True,T1566.001,TA0001,HIGH,0.390416,23,"agency,",-0.115083,-0.1176,LOW,OTHER,False,False
62,they launched multiple attacks using spearphishing email (ha,oilrig,True,T1566.001,TA0001,HIGH,0.390416,24,and,-0.037505,-0.0383,NONE,STOPWORD,False,False
62,they launched multiple attacks using spearphishing email (ha,oilrig,True,T1566.001,TA0001,HIGH,0.390416,25,healthcare,-0.069136,-0.0707,LOW,ATTACK_VOCAB,True,False
62,they launched multiple attacks using spearphishing email (ha,oilrig,True,T1566.001,TA0001,HIGH,0.390416,26,facilities,-0.109311,-0.1117,LOW,ATTACK_VOCAB,True,False
62,they launched multiple attacks using spearphishing email (ha,oilrig,True,T1566.001,TA0001,HIGH,0.390416,27,in,-0.154198,-0.1576,LOW,STOPWORD,False,False
62,they launched multiple attacks using spearphishing email (ha,oilrig,True,T1566.001,TA0001,HIGH,0.390416,28,Saudi,-0.049221,-0.0503,LOW,ATTACK_VOCAB,True,False
62,they launched multiple attacks using spearphishing email (ha,oilrig,True,T1566.001,TA0001,HIGH,0.390416,29,Arabia.,-0.015334,-0.0157,NONE,ATTACK_VOCAB,True,False
63,"well-known Microsoft O""ice exploits generated by their explo",fin7,True,T1203,TA0002,HIGH,0.371884,0,well-known,0.246696,0.2567,MEDIUM,OTHER,False,False
63,"well-known Microsoft O""ice exploits generated by their explo",fin7,True,T1203,TA0002,HIGH,0.371884,1,Microsoft,0.122214,0.1272,LOW,ATTACK_VOCAB,True,True
63,"well-known Microsoft O""ice exploits generated by their explo",fin7,True,T1203,TA0002,HIGH,0.371884,2,"O""ice",-0.287247,-0.2989,MEDIUM,OTHER,False,False
63,"well-known Microsoft O""ice exploits generated by their explo",fin7,True,T1203,TA0002,HIGH,0.371884,3,exploits,0.960901,1.0,HIGH,ATTACK_VOCAB,True,True
63,"well-known Microsoft O""ice exploits generated by their explo",fin7,True,T1203,TA0002,HIGH,0.371884,4,generated,-0.116463,-0.1212,LOW,ATTACK_VOCAB,True,True
63,"well-known Microsoft O""ice exploits generated by their explo",fin7,True,T1203,TA0002,HIGH,0.371884,5,by,0.189718,0.1974,LOW,STOPWORD,False,False
63,"well-known Microsoft O""ice exploits generated by their explo",fin7,True,T1203,TA0002,HIGH,0.371884,6,their,-0.013426,-0.014,NONE,STOPWORD,False,False
63,"well-known Microsoft O""ice exploits generated by their explo",fin7,True,T1203,TA0002,HIGH,0.371884,7,exploitation,0.689438,0.7175,HIGH,ATTACK_VOCAB,True,True
63,"well-known Microsoft O""ice exploits generated by their explo",fin7,True,T1203,TA0002,HIGH,0.371884,8,framework,0.277922,0.2892,MEDIUM,ATTACK_VOCAB,True,True
64,"Once infected, the compromised victim computer connected to ",fin7,True,TA0011,T1071.001,HIGH,3.538675,0,Once,0.047269,0.0371,NONE,ATTACK_VOCAB,True,True
64,"Once infected, the compromised victim computer connected to ",fin7,True,TA0011,T1071.001,HIGH,3.538675,1,"infected,",0.138372,0.1087,LOW,ATTACK_VOCAB,True,True
64,"Once infected, the compromised victim computer connected to ",fin7,True,TA0011,T1071.001,HIGH,3.538675,2,the,0.09193,0.0722,LOW,STOPWORD,False,False
64,"Once infected, the compromised victim computer connected to ",fin7,True,TA0011,T1071.001,HIGH,3.538675,3,compromised,0.012314,0.0097,NONE,ATTACK_VOCAB,True,True
64,"Once infected, the compromised victim computer connected to ",fin7,True,TA0011,T1071.001,HIGH,3.538675,4,victim,0.020845,0.0164,NONE,ATTACK_VOCAB,True,True
64,"Once infected, the compromised victim computer connected to ",fin7,True,TA0011,T1071.001,HIGH,3.538675,5,computer,0.010065,0.0079,NONE,ATTACK_VOCAB,True,True
64,"Once infected, the compromised victim computer connected to ",fin7,True,TA0011,T1071.001,HIGH,3.538675,6,connected,-0.037074,-0.0291,NONE,ATTACK_VOCAB,True,True
64,"Once infected, the compromised victim computer connected to ",fin7,True,TA0011,T1071.001,HIGH,3.538675,7,to,0.016947,0.0133,NONE,STOPWORD,False,False
64,"Once infected, the compromised victim computer connected to ",fin7,True,TA0011,T1071.001,HIGH,3.538675,8,one,0.130317,0.1024,LOW,ATTACK_VOCAB,True,True
64,"Once infected, the compromised victim computer connected to ",fin7,True,TA0011,T1071.001,HIGH,3.538675,9,of,0.068311,0.0537,LOW,STOPWORD,False,False
64,"Once infected, the compromised victim computer connected to ",fin7,True,TA0011,T1071.001,HIGH,3.538675,10,FIN7's,0.121192,0.0952,LOW,OTHER,False,False
64,"Once infected, the compromised victim computer connected to ",fin7,True,TA0011,T1071.001,HIGH,3.538675,11,command,1.272665,1.0,HIGH,ATTACK_VOCAB,True,True
64,"Once infected, the compromised victim computer connected to ",fin7,True,TA0011,T1071.001,HIGH,3.538675,12,and,0.192528,0.1513,LOW,STOPWORD,False,False
64,"Once infected, the compromised victim computer connected to ",fin7,True,TA0011,T1071.001,HIGH,3.538675,13,control,0.683284,0.5369,HIGH,ATTACK_VOCAB,True,True
64,"Once infected, the compromised victim computer connected to ",fin7,True,TA0011,T1071.001,HIGH,3.538675,14,servers,-0.285679,-0.2245,MEDIUM,ATTACK_VOCAB,True,True
64,"Once infected, the compromised victim computer connected to ",fin7,True,TA0011,T1071.001,HIGH,3.538675,15,located,-0.106813,-0.0839,LOW,ATTACK_VOCAB,True,True
64,"Once infected, the compromised victim computer connected to ",fin7,True,TA0011,T1071.001,HIGH,3.538675,16,throughout,0.1492,0.1172,LOW,ATTACK_VOCAB,True,True
64,"Once infected, the compromised victim computer connected to ",fin7,True,TA0011,T1071.001,HIGH,3.538675,17,the,0.043281,0.034,NONE,STOPWORD,False,False
64,"Once infected, the compromised victim computer connected to ",fin7,True,TA0011,T1071.001,HIGH,3.538675,18,world,-0.001303,-0.001,NONE,ATTACK_VOCAB,True,False
65,2. Persistence via the Run registry key 3. Persistence via a,apt29,True,TA0003,T1547,HIGH,0.624202,0,2.,-0.068013,-0.2693,MEDIUM,OTHER,False,False
65,2. Persistence via the Run registry key 3. Persistence via a,apt29,True,TA0003,T1547,HIGH,0.624202,1,Persistence,0.05833,0.2309,MEDIUM,ATTACK_VOCAB,True,True
65,2. Persistence via the Run registry key 3. Persistence via a,apt29,True,TA0003,T1547,HIGH,0.624202,2,via,-0.126272,-0.5,MEDIUM,STOPWORD,False,False
65,2. Persistence via the Run registry key 3. Persistence via a,apt29,True,TA0003,T1547,HIGH,0.624202,3,the,-0.014582,-0.0577,LOW,STOPWORD,False,False
65,2. Persistence via the Run registry key 3. Persistence via a,apt29,True,TA0003,T1547,HIGH,0.624202,4,Run,-0.028265,-0.1119,LOW,ATTACK_VOCAB,True,True
65,2. Persistence via the Run registry key 3. Persistence via a,apt29,True,TA0003,T1547,HIGH,0.624202,5,registry,-0.130115,-0.5152,HIGH,ATTACK_VOCAB,True,True
65,2. Persistence via the Run registry key 3. Persistence via a,apt29,True,TA0003,T1547,HIGH,0.624202,6,key,-0.133252,-0.5276,HIGH,ATTACK_VOCAB,True,True
65,2. Persistence via the Run registry key 3. Persistence via a,apt29,True,TA0003,T1547,HIGH,0.624202,7,3.,0.020607,0.0816,LOW,OTHER,False,False
65,2. Persistence via the Run registry key 3. Persistence via a,apt29,True,TA0003,T1547,HIGH,0.624202,8,Persistence,0.252567,1.0,HIGH,ATTACK_VOCAB,True,True
65,2. Persistence via the Run registry key 3. Persistence via a,apt29,True,TA0003,T1547,HIGH,0.624202,9,via,-0.014882,-0.0589,LOW,STOPWORD,False,False
65,2. Persistence via the Run registry key 3. Persistence via a,apt29,True,TA0003,T1547,HIGH,0.624202,10,a,-0.031663,-0.1254,LOW,STOPWORD,False,False
65,2. Persistence via the Run registry key 3. Persistence via a,apt29,True,TA0003,T1547,HIGH,0.624202,11,.lnk,0.122681,0.4857,MEDIUM,ATTACK_VOCAB,True,True
65,2. Persistence via the Run registry key 3. Persistence via a,apt29,True,TA0003,T1547,HIGH,0.624202,12,file,0.041122,0.1628,LOW,ATTACK_VOCAB,True,True
65,2. Persistence via the Run registry key 3. Persistence via a,apt29,True,TA0003,T1547,HIGH,0.624202,13,stored,-0.034821,-0.1379,LOW,ATTACK_VOCAB,True,True
65,2. Persistence via the Run registry key 3. Persistence via a,apt29,True,TA0003,T1547,HIGH,0.624202,14,in,0.186737,0.7394,HIGH,STOPWORD,False,False
65,2. Persistence via the Run registry key 3. Persistence via a,apt29,True,TA0003,T1547,HIGH,0.624202,15,the,-0.057528,-0.2278,MEDIUM,STOPWORD,False,False
65,2. Persistence via the Run registry key 3. Persistence via a,apt29,True,TA0003,T1547,HIGH,0.624202,16,Startup,-0.058397,-0.2312,MEDIUM,ATTACK_VOCAB,True,True
65,2. Persistence via the Run registry key 3. Persistence via a,apt29,True,TA0003,T1547,HIGH,0.624202,17,directory,-0.066571,-0.2636,MEDIUM,ATTACK_VOCAB,True,True
66,"the actor uses a fraudulent, but legitimately created Linked",fin6,False,TA0003,TA0043,HIGH,2.404694,0,the,0.324604,0.5717,HIGH,STOPWORD,False,False
66,"the actor uses a fraudulent, but legitimately created Linked",fin6,False,TA0003,TA0043,HIGH,2.404694,1,actor,0.152028,0.2678,MEDIUM,ATTACK_VOCAB,True,True
66,"the actor uses a fraudulent, but legitimately created Linked",fin6,False,TA0003,TA0043,HIGH,2.404694,2,uses,0.163191,0.2874,MEDIUM,ATTACK_VOCAB,True,True
66,"the actor uses a fraudulent, but legitimately created Linked",fin6,False,TA0003,TA0043,HIGH,2.404694,3,a,0.299744,0.5279,HIGH,STOPWORD,False,False
66,"the actor uses a fraudulent, but legitimately created Linked",fin6,False,TA0003,TA0043,HIGH,2.404694,4,"fraudulent,",0.355992,0.627,HIGH,OTHER,False,False
66,"the actor uses a fraudulent, but legitimately created Linked",fin6,False,TA0003,TA0043,HIGH,2.404694,5,but,0.262544,0.4624,MEDIUM,STOPWORD,False,False
66,"the actor uses a fraudulent, but legitimately created Linked",fin6,False,TA0003,TA0043,HIGH,2.404694,6,legitimately,0.475583,0.8376,HIGH,ATTACK_VOCAB,True,False
66,"the actor uses a fraudulent, but legitimately created Linked",fin6,False,TA0003,TA0043,HIGH,2.404694,7,created,0.306678,0.5401,HIGH,ATTACK_VOCAB,True,True
66,"the actor uses a fraudulent, but legitimately created Linked",fin6,False,TA0003,TA0043,HIGH,2.404694,8,LinkedIn,0.480031,0.8454,HIGH,ATTACK_VOCAB,True,False
66,"the actor uses a fraudulent, but legitimately created Linked",fin6,False,TA0003,TA0043,HIGH,2.404694,9,proWle,0.526815,0.9278,HIGH,OTHER,False,False
66,"the actor uses a fraudulent, but legitimately created Linked",fin6,False,TA0003,TA0043,HIGH,2.404694,10,to,0.331063,0.5831,HIGH,STOPWORD,False,False
66,"the actor uses a fraudulent, but legitimately created Linked",fin6,False,TA0003,TA0043,HIGH,2.404694,11,initiate,0.280956,0.4948,MEDIUM,ATTACK_VOCAB,True,True
66,"the actor uses a fraudulent, but legitimately created Linked",fin6,False,TA0003,TA0043,HIGH,2.404694,12,contact,0.130325,0.2295,MEDIUM,ATTACK_VOCAB,True,True
66,"the actor uses a fraudulent, but legitimately created Linked",fin6,False,TA0003,TA0043,HIGH,2.404694,13,with,0.17973,0.3165,MEDIUM,STOPWORD,False,False
66,"the actor uses a fraudulent, but legitimately created Linked",fin6,False,TA0003,TA0043,HIGH,2.404694,14,individuals,0.296649,0.5225,HIGH,ATTACK_VOCAB,True,True
66,"the actor uses a fraudulent, but legitimately created Linked",fin6,False,TA0003,TA0043,HIGH,2.404694,15,at,0.288979,0.5089,HIGH,STOPWORD,False,False
66,"the actor uses a fraudulent, but legitimately created Linked",fin6,False,TA0003,TA0043,HIGH,2.404694,16,the,0.353947,0.6234,HIGH,STOPWORD,False,False
66,"the actor uses a fraudulent, but legitimately created Linked",fin6,False,TA0003,TA0043,HIGH,2.404694,17,targeted,0.293968,0.5177,HIGH,ATTACK_VOCAB,True,True
66,"the actor uses a fraudulent, but legitimately created Linked",fin6,False,TA0003,TA0043,HIGH,2.404694,18,company,0.292131,0.5145,HIGH,ATTACK_VOCAB,True,True
66,"the actor uses a fraudulent, but legitimately created Linked",fin6,False,TA0003,TA0043,HIGH,2.404694,19,by,0.301881,0.5317,HIGH,STOPWORD,False,False
66,"the actor uses a fraudulent, but legitimately created Linked",fin6,False,TA0003,TA0043,HIGH,2.404694,20,sending,0.37092,0.6533,HIGH,ATTACK_VOCAB,True,True
66,"the actor uses a fraudulent, but legitimately created Linked",fin6,False,TA0003,TA0043,HIGH,2.404694,21,invitations,0.388147,0.6836,HIGH,OTHER,False,False
66,"the actor uses a fraudulent, but legitimately created Linked",fin6,False,TA0003,TA0043,HIGH,2.404694,22,with,0.244116,0.4299,MEDIUM,STOPWORD,False,False
66,"the actor uses a fraudulent, but legitimately created Linked",fin6,False,TA0003,TA0043,HIGH,2.404694,23,a,0.2844,0.5009,HIGH,STOPWORD,False,False
66,"the actor uses a fraudulent, but legitimately created Linked",fin6,False,TA0003,TA0043,HIGH,2.404694,24,short,0.441799,0.7781,HIGH,ATTACK_VOCAB,True,False
66,"the actor uses a fraudulent, but legitimately created Linked",fin6,False,TA0003,TA0043,HIGH,2.404694,25,message,0.157711,0.2778,MEDIUM,ATTACK_VOCAB,True,True
66,"the actor uses a fraudulent, but legitimately created Linked",fin6,False,TA0003,TA0043,HIGH,2.404694,26,(Figure,0.567795,1.0,HIGH,ATTACK_VOCAB,True,True
66,"the actor uses a fraudulent, but legitimately created Linked",fin6,False,TA0003,TA0043,HIGH,2.404694,27,1).,0.349776,0.616,HIGH,OTHER,False,False
66,"the actor uses a fraudulent, but legitimately created Linked",fin6,False,TA0003,TA0043,HIGH,2.404694,28,This,0.325138,0.5726,HIGH,STOPWORD,False,False
66,"the actor uses a fraudulent, but legitimately created Linked",fin6,False,TA0003,TA0043,HIGH,2.404694,29,appears,0.338991,0.597,HIGH,ATTACK_VOCAB,True,True
66,"the actor uses a fraudulent, but legitimately created Linked",fin6,False,TA0003,TA0043,HIGH,2.404694,30,as,0.17944,0.316,MEDIUM,STOPWORD,False,False
66,"the actor uses a fraudulent, but legitimately created Linked",fin6,False,TA0003,TA0043,HIGH,2.404694,31,a,0.186094,0.3277,MEDIUM,STOPWORD,False,False
66,"the actor uses a fraudulent, but legitimately created Linked",fin6,False,TA0003,TA0043,HIGH,2.404694,32,benign,0.182951,0.3222,MEDIUM,ATTACK_VOCAB,True,True
66,"the actor uses a fraudulent, but legitimately created Linked",fin6,False,TA0003,TA0043,HIGH,2.404694,33,email,-0.001217,-0.0021,NONE,ATTACK_VOCAB,True,True
67,"Before performing the first request, the malware will genera",oilrig,False,T1587.001,T1426,MEDIUM,0.107383,0,Before,0.006703,0.0016,NONE,STOPWORD,False,False
67,"Before performing the first request, the malware will genera",oilrig,False,T1587.001,T1426,MEDIUM,0.107383,1,performing,-0.140561,-0.034,NONE,ATTACK_VOCAB,True,True
67,"Before performing the first request, the malware will genera",oilrig,False,T1587.001,T1426,MEDIUM,0.107383,2,the,0.00039,0.0001,NONE,STOPWORD,False,False
67,"Before performing the first request, the malware will genera",oilrig,False,T1587.001,T1426,MEDIUM,0.107383,3,first,-0.005991,-0.0014,NONE,ATTACK_VOCAB,True,True
67,"Before performing the first request, the malware will genera",oilrig,False,T1587.001,T1426,MEDIUM,0.107383,4,"request,",-0.032316,-0.0078,NONE,ATTACK_VOCAB,True,True
67,"Before performing the first request, the malware will genera",oilrig,False,T1587.001,T1426,MEDIUM,0.107383,5,the,-0.107864,-0.0261,NONE,STOPWORD,False,False
67,"Before performing the first request, the malware will genera",oilrig,False,T1587.001,T1426,MEDIUM,0.107383,6,malware,4.136413,1.0,HIGH,ATTACK_VOCAB,True,True
67,"Before performing the first request, the malware will genera",oilrig,False,T1587.001,T1426,MEDIUM,0.107383,7,will,-0.061115,-0.0148,NONE,STOPWORD,False,False
67,"Before performing the first request, the malware will genera",oilrig,False,T1587.001,T1426,MEDIUM,0.107383,8,generate,-0.248462,-0.0601,LOW,ATTACK_VOCAB,True,True
67,"Before performing the first request, the malware will genera",oilrig,False,T1587.001,T1426,MEDIUM,0.107383,9,the,-0.100298,-0.0242,NONE,STOPWORD,False,False
67,"Before performing the first request, the malware will genera",oilrig,False,T1587.001,T1426,MEDIUM,0.107383,10,<client_id>Â,0.050629,0.0122,NONE,OTHER,False,False
67,"Before performing the first request, the malware will genera",oilrig,False,T1587.001,T1426,MEDIUM,0.107383,11,derived,-0.075701,-0.0183,NONE,ATTACK_VOCAB,True,False
67,"Before performing the first request, the malware will genera",oilrig,False,T1587.001,T1426,MEDIUM,0.107383,12,from,-0.057116,-0.0138,NONE,STOPWORD,False,False
67,"Before performing the first request, the malware will genera",oilrig,False,T1587.001,T1426,MEDIUM,0.107383,13,the,-0.108943,-0.0263,NONE,STOPWORD,False,False
67,"Before performing the first request, the malware will genera",oilrig,False,T1587.001,T1426,MEDIUM,0.107383,14,environment,-0.039023,-0.0094,NONE,ATTACK_VOCAB,True,True
67,"Before performing the first request, the malware will genera",oilrig,False,T1587.001,T1426,MEDIUM,0.107383,15,variables,-0.144871,-0.035,NONE,ATTACK_VOCAB,True,False
67,"Before performing the first request, the malware will genera",oilrig,False,T1587.001,T1426,MEDIUM,0.107383,16,%HOMEPATH%Â,0.040958,0.0099,NONE,OTHER,False,False
67,"Before performing the first request, the malware will genera",oilrig,False,T1587.001,T1426,MEDIUM,0.107383,17,and,-0.132406,-0.032,NONE,STOPWORD,False,False
67,"Before performing the first request, the malware will genera",oilrig,False,T1587.001,T1426,MEDIUM,0.107383,18,%COMPUTERNAME%Â,0.065946,0.0159,NONE,OTHER,False,False
67,"Before performing the first request, the malware will genera",oilrig,False,T1587.001,T1426,MEDIUM,0.107383,19,using,0.00782,0.0019,NONE,ATTACK_VOCAB,True,True
67,"Before performing the first request, the malware will genera",oilrig,False,T1587.001,T1426,MEDIUM,0.107383,20,a,-0.006886,-0.0017,NONE,STOPWORD,False,False
67,"Before performing the first request, the malware will genera",oilrig,False,T1587.001,T1426,MEDIUM,0.107383,21,custom,-0.073557,-0.0178,NONE,ATTACK_VOCAB,True,True
67,"Before performing the first request, the malware will genera",oilrig,False,T1587.001,T1426,MEDIUM,0.107383,22,formula.,0.101002,0.0244,NONE,OTHER,False,False
68,The actor often spearphishes targets with e-mails containing,apt29,True,T1566.002,TA0001,HIGH,2.535695,0,The,0.022633,0.0205,NONE,STOPWORD,False,False
68,The actor often spearphishes targets with e-mails containing,apt29,True,T1566.002,TA0001,HIGH,2.535695,1,actor,-0.263506,-0.2383,MEDIUM,ATTACK_VOCAB,True,True
68,The actor often spearphishes targets with e-mails containing,apt29,True,T1566.002,TA0001,HIGH,2.535695,2,often,0.091716,0.0829,LOW,ATTACK_VOCAB,True,True
68,The actor often spearphishes targets with e-mails containing,apt29,True,T1566.002,TA0001,HIGH,2.535695,3,spearphishes,0.74549,0.6742,HIGH,OTHER,False,False
68,The actor often spearphishes targets with e-mails containing,apt29,True,T1566.002,TA0001,HIGH,2.535695,4,targets,-0.268311,-0.2426,MEDIUM,ATTACK_VOCAB,True,True
68,The actor often spearphishes targets with e-mails containing,apt29,True,T1566.002,TA0001,HIGH,2.535695,5,with,0.021381,0.0193,NONE,STOPWORD,False,False
68,The actor often spearphishes targets with e-mails containing,apt29,True,T1566.002,TA0001,HIGH,2.535695,6,e-mails,-0.203425,-0.184,LOW,ATTACK_VOCAB,True,True
68,The actor often spearphishes targets with e-mails containing,apt29,True,T1566.002,TA0001,HIGH,2.535695,7,containing,0.045902,0.0415,NONE,ATTACK_VOCAB,True,True
68,The actor often spearphishes targets with e-mails containing,apt29,True,T1566.002,TA0001,HIGH,2.535695,8,a,0.112993,0.1022,LOW,STOPWORD,False,False
68,The actor often spearphishes targets with e-mails containing,apt29,True,T1566.002,TA0001,HIGH,2.535695,9,link,1.1058,1.0,HIGH,ATTACK_VOCAB,True,True
68,The actor often spearphishes targets with e-mails containing,apt29,True,T1566.002,TA0001,HIGH,2.535695,10,to,-0.088168,-0.0797,LOW,STOPWORD,False,False
68,The actor often spearphishes targets with e-mails containing,apt29,True,T1566.002,TA0001,HIGH,2.535695,11,a,-0.017486,-0.0158,NONE,STOPWORD,False,False
68,The actor often spearphishes targets with e-mails containing,apt29,True,T1566.002,TA0001,HIGH,2.535695,12,hacked,-0.061195,-0.0553,LOW,OTHER,False,False
68,The actor often spearphishes targets with e-mails containing,apt29,True,T1566.002,TA0001,HIGH,2.535695,13,website,0.005699,0.0052,NONE,ATTACK_VOCAB,True,True
69,using the Windows' Remote Desktop Protocol (RDP),fin6,True,T1021.001,T1021.001,HIGH,4.92091,0,using,0.04968,0.0389,NONE,ATTACK_VOCAB,True,True
69,using the Windows' Remote Desktop Protocol (RDP),fin6,True,T1021.001,T1021.001,HIGH,4.92091,1,the,0.086255,0.0676,LOW,STOPWORD,False,False
69,using the Windows' Remote Desktop Protocol (RDP),fin6,True,T1021.001,T1021.001,HIGH,4.92091,2,Windows',-0.180892,-0.1418,LOW,ATTACK_VOCAB,True,True
69,using the Windows' Remote Desktop Protocol (RDP),fin6,True,T1021.001,T1021.001,HIGH,4.92091,3,Remote,0.914389,0.7168,HIGH,ATTACK_VOCAB,True,True
69,using the Windows' Remote Desktop Protocol (RDP),fin6,True,T1021.001,T1021.001,HIGH,4.92091,4,Desktop,1.275586,1.0,HIGH,ATTACK_VOCAB,True,True
69,using the Windows' Remote Desktop Protocol (RDP),fin6,True,T1021.001,T1021.001,HIGH,4.92091,5,Protocol,0.63524,0.498,MEDIUM,ATTACK_VOCAB,True,True
69,using the Windows' Remote Desktop Protocol (RDP),fin6,True,T1021.001,T1021.001,HIGH,4.92091,6,(RDP),-0.250268,-0.1962,LOW,ATTACK_VOCAB,True,True
70,it receives encrypted backdoors that are obfuscated within G,apt29,True,TA0005,TA0005,HIGH,1.875497,0,it,-0.062609,-0.1245,LOW,STOPWORD,False,False
70,it receives encrypted backdoors that are obfuscated within G,apt29,True,TA0005,TA0005,HIGH,1.875497,1,receives,0.003498,0.007,NONE,ATTACK_VOCAB,True,False
70,it receives encrypted backdoors that are obfuscated within G,apt29,True,TA0005,TA0005,HIGH,1.875497,2,encrypted,-0.468566,-0.9315,HIGH,ATTACK_VOCAB,True,True
70,it receives encrypted backdoors that are obfuscated within G,apt29,True,TA0005,TA0005,HIGH,1.875497,3,backdoors,-0.118986,-0.2365,MEDIUM,ATTACK_VOCAB,True,True
70,it receives encrypted backdoors that are obfuscated within G,apt29,True,TA0005,TA0005,HIGH,1.875497,4,that,-0.076688,-0.1524,LOW,STOPWORD,False,False
70,it receives encrypted backdoors that are obfuscated within G,apt29,True,TA0005,TA0005,HIGH,1.875497,5,are,-0.084245,-0.1675,LOW,STOPWORD,False,False
70,it receives encrypted backdoors that are obfuscated within G,apt29,True,TA0005,TA0005,HIGH,1.875497,6,obfuscated,-0.503045,-1.0,HIGH,ATTACK_VOCAB,True,True
70,it receives encrypted backdoors that are obfuscated within G,apt29,True,TA0005,TA0005,HIGH,1.875497,7,within,-0.109296,-0.2173,MEDIUM,ATTACK_VOCAB,True,True
70,it receives encrypted backdoors that are obfuscated within G,apt29,True,TA0005,TA0005,HIGH,1.875497,8,GIF,-0.39721,-0.7896,HIGH,ATTACK_VOCAB,True,True
70,it receives encrypted backdoors that are obfuscated within G,apt29,True,TA0005,TA0005,HIGH,1.875497,9,!les,-0.344834,-0.6855,HIGH,OTHER,False,True
70,it receives encrypted backdoors that are obfuscated within G,apt29,True,TA0005,TA0005,HIGH,1.875497,10,and,-0.047304,-0.094,LOW,STOPWORD,False,False
70,it receives encrypted backdoors that are obfuscated within G,apt29,True,TA0005,TA0005,HIGH,1.875497,11,disguised,-0.34575,-0.6873,HIGH,ATTACK_VOCAB,True,True
70,it receives encrypted backdoors that are obfuscated within G,apt29,True,TA0005,TA0005,HIGH,1.875497,12,as,-0.176847,-0.3516,MEDIUM,STOPWORD,False,False
70,it receives encrypted backdoors that are obfuscated within G,apt29,True,TA0005,TA0005,HIGH,1.875497,13,pictures,-0.157335,-0.3128,MEDIUM,OTHER,False,False
70,it receives encrypted backdoors that are obfuscated within G,apt29,True,TA0005,TA0005,HIGH,1.875497,14,that,-0.074316,-0.1477,LOW,STOPWORD,False,False
70,it receives encrypted backdoors that are obfuscated within G,apt29,True,TA0005,TA0005,HIGH,1.875497,15,appear,-0.044069,-0.0876,LOW,ATTACK_VOCAB,True,True
70,it receives encrypted backdoors that are obfuscated within G,apt29,True,TA0005,TA0005,HIGH,1.875497,16,on,-0.047116,-0.0937,LOW,STOPWORD,False,False
70,it receives encrypted backdoors that are obfuscated within G,apt29,True,TA0005,TA0005,HIGH,1.875497,17,a,-0.038084,-0.0757,LOW,STOPWORD,False,False
70,it receives encrypted backdoors that are obfuscated within G,apt29,True,TA0005,TA0005,HIGH,1.875497,18,victim-s,-0.29385,-0.5841,HIGH,ATTACK_VOCAB,True,True
70,it receives encrypted backdoors that are obfuscated within G,apt29,True,TA0005,TA0005,HIGH,1.875497,19,machine,-0.014827,-0.0295,NONE,ATTACK_VOCAB,True,True
71,Ryuk was tailored to target enterprise environments and some,wizardspider,True,TA0005,T1027.002,HIGH,5.325452,0,Ryuk,-0.119535,-0.532,HIGH,ATTACK_VOCAB,True,True
71,Ryuk was tailored to target enterprise environments and some,wizardspider,True,TA0005,T1027.002,HIGH,5.325452,1,was,-0.007357,-0.0327,NONE,STOPWORD,False,False
71,Ryuk was tailored to target enterprise environments and some,wizardspider,True,TA0005,T1027.002,HIGH,5.325452,2,tailored,-0.035941,-0.16,LOW,ATTACK_VOCAB,True,False
71,Ryuk was tailored to target enterprise environments and some,wizardspider,True,TA0005,T1027.002,HIGH,5.325452,3,to,0.113641,0.5058,HIGH,STOPWORD,False,False
71,Ryuk was tailored to target enterprise environments and some,wizardspider,True,TA0005,T1027.002,HIGH,5.325452,4,target,0.01616,0.0719,LOW,ATTACK_VOCAB,True,True
71,Ryuk was tailored to target enterprise environments and some,wizardspider,True,TA0005,T1027.002,HIGH,5.325452,5,enterprise,-0.017373,-0.0773,LOW,ATTACK_VOCAB,True,True
71,Ryuk was tailored to target enterprise environments and some,wizardspider,True,TA0005,T1027.002,HIGH,5.325452,6,environments,0.016929,0.0753,LOW,ATTACK_VOCAB,True,True
71,Ryuk was tailored to target enterprise environments and some,wizardspider,True,TA0005,T1027.002,HIGH,5.325452,7,and,0.080945,0.3603,MEDIUM,STOPWORD,False,False
71,Ryuk was tailored to target enterprise environments and some,wizardspider,True,TA0005,T1027.002,HIGH,5.325452,8,some,0.014763,0.0657,LOW,STOPWORD,False,False
71,Ryuk was tailored to target enterprise environments and some,wizardspider,True,TA0005,T1027.002,HIGH,5.325452,9,of,-0.008032,-0.0358,NONE,STOPWORD,False,False
71,Ryuk was tailored to target enterprise environments and some,wizardspider,True,TA0005,T1027.002,HIGH,5.325452,10,the,0.051473,0.2291,MEDIUM,STOPWORD,False,False
71,Ryuk was tailored to target enterprise environments and some,wizardspider,True,TA0005,T1027.002,HIGH,5.325452,11,modifications,0.003482,0.0155,NONE,ATTACK_VOCAB,True,True
71,Ryuk was tailored to target enterprise environments and some,wizardspider,True,TA0005,T1027.002,HIGH,5.325452,12,include,-0.073951,-0.3291,MEDIUM,STOPWORD,False,False
71,Ryuk was tailored to target enterprise environments and some,wizardspider,True,TA0005,T1027.002,HIGH,5.325452,13,removing,-0.224677,-1.0,HIGH,ATTACK_VOCAB,True,True
71,Ryuk was tailored to target enterprise environments and some,wizardspider,True,TA0005,T1027.002,HIGH,5.325452,14,anti-analysis,0.037269,0.1659,LOW,OTHER,False,False
71,Ryuk was tailored to target enterprise environments and some,wizardspider,True,TA0005,T1027.002,HIGH,5.325452,15,checks,0.118366,0.5268,HIGH,ATTACK_VOCAB,True,True
72,Windows scheduled tasks in order to establish persistence fo,fin6,True,TA0003,T1053,HIGH,1.509953,0,Windows,0.224607,0.1014,LOW,ATTACK_VOCAB,True,True
72,Windows scheduled tasks in order to establish persistence fo,fin6,True,TA0003,T1053,HIGH,1.509953,1,scheduled,-0.142743,-0.0644,LOW,ATTACK_VOCAB,True,True
72,Windows scheduled tasks in order to establish persistence fo,fin6,True,TA0003,T1053,HIGH,1.509953,2,tasks,0.065158,0.0294,NONE,ATTACK_VOCAB,True,True
72,Windows scheduled tasks in order to establish persistence fo,fin6,True,TA0003,T1053,HIGH,1.509953,3,in,0.063123,0.0285,NONE,STOPWORD,False,False
72,Windows scheduled tasks in order to establish persistence fo,fin6,True,TA0003,T1053,HIGH,1.509953,4,order,0.097678,0.0441,NONE,ATTACK_VOCAB,True,True
72,Windows scheduled tasks in order to establish persistence fo,fin6,True,TA0003,T1053,HIGH,1.509953,5,to,-0.067668,-0.0305,NONE,STOPWORD,False,False
72,Windows scheduled tasks in order to establish persistence fo,fin6,True,TA0003,T1053,HIGH,1.509953,6,establish,-0.080002,-0.0361,NONE,ATTACK_VOCAB,True,True
72,Windows scheduled tasks in order to establish persistence fo,fin6,True,TA0003,T1053,HIGH,1.509953,7,persistence,2.215161,1.0,HIGH,ATTACK_VOCAB,True,True
72,Windows scheduled tasks in order to establish persistence fo,fin6,True,TA0003,T1053,HIGH,1.509953,8,for,0.037249,0.0168,NONE,STOPWORD,False,False
72,Windows scheduled tasks in order to establish persistence fo,fin6,True,TA0003,T1053,HIGH,1.509953,9,these,0.175491,0.0792,LOW,STOPWORD,False,False
72,Windows scheduled tasks in order to establish persistence fo,fin6,True,TA0003,T1053,HIGH,1.509953,10,tools.,0.06321,0.0285,NONE,ATTACK_VOCAB,True,True
73,minor changes to obfuscation,carbanak,True,TA0005,T1027,HIGH,1.059787,0,minor,0.154491,0.2677,MEDIUM,ATTACK_VOCAB,True,False
73,minor changes to obfuscation,carbanak,True,TA0005,T1027,HIGH,1.059787,1,changes,-0.094986,-0.1646,LOW,ATTACK_VOCAB,True,True
73,minor changes to obfuscation,carbanak,True,TA0005,T1027,HIGH,1.059787,2,to,-0.09439,-0.1636,LOW,STOPWORD,False,False
73,minor changes to obfuscation,carbanak,True,TA0005,T1027,HIGH,1.059787,3,obfuscation,0.57704,1.0,HIGH,ATTACK_VOCAB,True,True
74,The malware arrives via an email disguised as a tax incentiv,wizardspider,True,T1566.001,T1566,HIGH,1.178716,0,The,-0.148663,-0.1849,LOW,STOPWORD,False,False
74,The malware arrives via an email disguised as a tax incentiv,wizardspider,True,T1566.001,T1566,HIGH,1.178716,1,malware,-0.136399,-0.1696,LOW,ATTACK_VOCAB,True,True
74,The malware arrives via an email disguised as a tax incentiv,wizardspider,True,T1566.001,T1566,HIGH,1.178716,2,arrives,-0.206368,-0.2566,MEDIUM,OTHER,False,False
74,The malware arrives via an email disguised as a tax incentiv,wizardspider,True,T1566.001,T1566,HIGH,1.178716,3,via,-0.146048,-0.1816,LOW,STOPWORD,False,False
74,The malware arrives via an email disguised as a tax incentiv,wizardspider,True,T1566.001,T1566,HIGH,1.178716,4,an,-0.153696,-0.1911,LOW,STOPWORD,False,False
74,The malware arrives via an email disguised as a tax incentiv,wizardspider,True,T1566.001,T1566,HIGH,1.178716,5,email,-0.153477,-0.1909,LOW,ATTACK_VOCAB,True,True
74,The malware arrives via an email disguised as a tax incentiv,wizardspider,True,T1566.001,T1566,HIGH,1.178716,6,disguised,-0.037941,-0.0472,NONE,ATTACK_VOCAB,True,True
74,The malware arrives via an email disguised as a tax incentiv,wizardspider,True,T1566.001,T1566,HIGH,1.178716,7,as,-0.193398,-0.2405,MEDIUM,STOPWORD,False,False
74,The malware arrives via an email disguised as a tax incentiv,wizardspider,True,T1566.001,T1566,HIGH,1.178716,8,a,-0.14639,-0.1821,LOW,STOPWORD,False,False
74,The malware arrives via an email disguised as a tax incentiv,wizardspider,True,T1566.001,T1566,HIGH,1.178716,9,tax,-0.111029,-0.1381,LOW,ATTACK_VOCAB,True,False
74,The malware arrives via an email disguised as a tax incentiv,wizardspider,True,T1566.001,T1566,HIGH,1.178716,10,incentive,-0.162894,-0.2026,MEDIUM,OTHER,False,False
74,The malware arrives via an email disguised as a tax incentiv,wizardspider,True,T1566.001,T1566,HIGH,1.178716,11,notification,-0.336396,-0.4183,MEDIUM,ATTACK_VOCAB,True,False
74,The malware arrives via an email disguised as a tax incentiv,wizardspider,True,T1566.001,T1566,HIGH,1.178716,12,from,-0.236036,-0.2935,MEDIUM,STOPWORD,False,False
74,The malware arrives via an email disguised as a tax incentiv,wizardspider,True,T1566.001,T1566,HIGH,1.178716,13,a,-0.170628,-0.2122,MEDIUM,STOPWORD,False,False
74,The malware arrives via an email disguised as a tax incentiv,wizardspider,True,T1566.001,T1566,HIGH,1.178716,14,major,-0.135202,-0.1681,LOW,ATTACK_VOCAB,True,True
74,The malware arrives via an email disguised as a tax incentiv,wizardspider,True,T1566.001,T1566,HIGH,1.178716,15,financial,-0.11416,-0.142,LOW,ATTACK_VOCAB,True,True
74,The malware arrives via an email disguised as a tax incentiv,wizardspider,True,T1566.001,T1566,HIGH,1.178716,16,services,-0.150251,-0.1869,LOW,ATTACK_VOCAB,True,True
74,The malware arrives via an email disguised as a tax incentiv,wizardspider,True,T1566.001,T1566,HIGH,1.178716,17,company.,-0.121463,-0.1511,LOW,ATTACK_VOCAB,True,True
74,The malware arrives via an email disguised as a tax incentiv,wizardspider,True,T1566.001,T1566,HIGH,1.178716,18,This,-0.064651,-0.0804,LOW,STOPWORD,False,False
74,The malware arrives via an email disguised as a tax incentiv,wizardspider,True,T1566.001,T1566,HIGH,1.178716,19,email,-0.17166,-0.2135,MEDIUM,ATTACK_VOCAB,True,True
74,The malware arrives via an email disguised as a tax incentiv,wizardspider,True,T1566.001,T1566,HIGH,1.178716,20,includes,-0.112337,-0.1397,LOW,ATTACK_VOCAB,True,True
74,The malware arrives via an email disguised as a tax incentiv,wizardspider,True,T1566.001,T1566,HIGH,1.178716,21,a,-0.143339,-0.1783,LOW,STOPWORD,False,False
74,The malware arrives via an email disguised as a tax incentiv,wizardspider,True,T1566.001,T1566,HIGH,1.178716,22,macro,-0.128634,-0.16,LOW,ATTACK_VOCAB,True,True
74,The malware arrives via an email disguised as a tax incentiv,wizardspider,True,T1566.001,T1566,HIGH,1.178716,23,enabled,-0.175872,-0.2187,MEDIUM,ATTACK_VOCAB,True,True
74,The malware arrives via an email disguised as a tax incentiv,wizardspider,True,T1566.001,T1566,HIGH,1.178716,24,(XLSM),-0.006011,-0.0075,NONE,OTHER,False,False
74,The malware arrives via an email disguised as a tax incentiv,wizardspider,True,T1566.001,T1566,HIGH,1.178716,25,Microsoft,-0.21624,-0.2689,MEDIUM,ATTACK_VOCAB,True,True
74,The malware arrives via an email disguised as a tax incentiv,wizardspider,True,T1566.001,T1566,HIGH,1.178716,26,Excel,-0.216315,-0.269,MEDIUM,ATTACK_VOCAB,True,True
74,The malware arrives via an email disguised as a tax incentiv,wizardspider,True,T1566.001,T1566,HIGH,1.178716,27,spreadsheet,-0.096143,-0.1196,LOW,ATTACK_VOCAB,True,True
74,The malware arrives via an email disguised as a tax incentiv,wizardspider,True,T1566.001,T1566,HIGH,1.178716,28,attachment,0.804118,1.0,HIGH,ATTACK_VOCAB,True,True
74,The malware arrives via an email disguised as a tax incentiv,wizardspider,True,T1566.001,T1566,HIGH,1.178716,29,(detected,-0.079953,-0.0994,LOW,ATTACK_VOCAB,True,True
74,The malware arrives via an email disguised as a tax incentiv,wizardspider,True,T1566.001,T1566,HIGH,1.178716,30,as,-0.032449,-0.0404,NONE,STOPWORD,False,False
74,The malware arrives via an email disguised as a tax incentiv,wizardspider,True,T1566.001,T1566,HIGH,1.178716,31,Trojan.W97M.MERETAM.A),0.016438,0.0204,NONE,OTHER,False,False
74,The malware arrives via an email disguised as a tax incentiv,wizardspider,True,T1566.001,T1566,HIGH,1.178716,32,that,-0.101507,-0.1262,LOW,STOPWORD,False,False
74,The malware arrives via an email disguised as a tax incentiv,wizardspider,True,T1566.001,T1566,HIGH,1.178716,33,purportedly,0.004544,0.0057,NONE,OTHER,False,False
74,The malware arrives via an email disguised as a tax incentiv,wizardspider,True,T1566.001,T1566,HIGH,1.178716,34,contains,-0.188844,-0.2348,MEDIUM,ATTACK_VOCAB,True,True
74,The malware arrives via an email disguised as a tax incentiv,wizardspider,True,T1566.001,T1566,HIGH,1.178716,35,the,-0.122365,-0.1522,LOW,STOPWORD,False,False
74,The malware arrives via an email disguised as a tax incentiv,wizardspider,True,T1566.001,T1566,HIGH,1.178716,36,details,-0.140768,-0.1751,LOW,ATTACK_VOCAB,True,True
74,The malware arrives via an email disguised as a tax incentiv,wizardspider,True,T1566.001,T1566,HIGH,1.178716,37,of,-0.098246,-0.1222,LOW,STOPWORD,False,False
74,The malware arrives via an email disguised as a tax incentiv,wizardspider,True,T1566.001,T1566,HIGH,1.178716,38,the,-0.094004,-0.1169,LOW,STOPWORD,False,False
74,The malware arrives via an email disguised as a tax incentiv,wizardspider,True,T1566.001,T1566,HIGH,1.178716,39,tax,-0.013517,-0.0168,NONE,ATTACK_VOCAB,True,False
74,The malware arrives via an email disguised as a tax incentiv,wizardspider,True,T1566.001,T1566,HIGH,1.178716,40,incentive.,-0.173733,-0.2161,MEDIUM,OTHER,False,False
75,These archives were then ex%ltrated to an a!acker-controlled,fin6,True,TA0010,T1041,HIGH,0.832881,0,These,-0.168057,-0.0708,LOW,STOPWORD,False,False
75,These archives were then ex%ltrated to an a!acker-controlled,fin6,True,TA0010,T1041,HIGH,0.832881,1,archives,0.289062,0.1218,LOW,ATTACK_VOCAB,True,False
75,These archives were then ex%ltrated to an a!acker-controlled,fin6,True,TA0010,T1041,HIGH,0.832881,2,were,0.009523,0.004,NONE,STOPWORD,False,False
75,These archives were then ex%ltrated to an a!acker-controlled,fin6,True,TA0010,T1041,HIGH,0.832881,3,then,-0.071651,-0.0302,NONE,STOPWORD,False,False
75,These archives were then ex%ltrated to an a!acker-controlled,fin6,True,TA0010,T1041,HIGH,0.832881,4,ex%ltrated,2.373753,1.0,HIGH,OTHER,False,False
75,These archives were then ex%ltrated to an a!acker-controlled,fin6,True,TA0010,T1041,HIGH,0.832881,5,to,0.292018,0.123,LOW,STOPWORD,False,False
75,These archives were then ex%ltrated to an a!acker-controlled,fin6,True,TA0010,T1041,HIGH,0.832881,6,an,-0.151293,-0.0637,LOW,STOPWORD,False,False
75,These archives were then ex%ltrated to an a!acker-controlled,fin6,True,TA0010,T1041,HIGH,0.832881,7,a!acker-controlled,-0.884127,-0.3725,MEDIUM,OTHER,False,False
75,These archives were then ex%ltrated to an a!acker-controlled,fin6,True,TA0010,T1041,HIGH,0.832881,8,server,-0.176081,-0.0742,LOW,ATTACK_VOCAB,True,True
75,These archives were then ex%ltrated to an a!acker-controlled,fin6,True,TA0010,T1041,HIGH,0.832881,9,via,-0.082113,-0.0346,NONE,STOPWORD,False,False
75,These archives were then ex%ltrated to an a!acker-controlled,fin6,True,TA0010,T1041,HIGH,0.832881,10,FTP,-0.045137,-0.019,NONE,ATTACK_VOCAB,True,True
75,These archives were then ex%ltrated to an a!acker-controlled,fin6,True,TA0010,T1041,HIGH,0.832881,11,using,-0.306459,-0.1291,LOW,ATTACK_VOCAB,True,True
75,These archives were then ex%ltrated to an a!acker-controlled,fin6,True,TA0010,T1041,HIGH,0.832881,12,the,-0.253474,-0.1068,LOW,STOPWORD,False,False
75,These archives were then ex%ltrated to an a!acker-controlled,fin6,True,TA0010,T1041,HIGH,0.832881,13,WinSCP,-0.328372,-0.1383,LOW,OTHER,False,False
75,These archives were then ex%ltrated to an a!acker-controlled,fin6,True,TA0010,T1041,HIGH,0.832881,14,utility,-0.216365,-0.0911,LOW,ATTACK_VOCAB,True,True
76,APT34 has been observed targeting individuals through the us,oilrig,True,T1566.002,TA0001,LOW,0.059705,0,APT34,-0.204657,-0.1511,LOW,ACTOR_NAME,True,False
76,APT34 has been observed targeting individuals through the us,oilrig,True,T1566.002,TA0001,LOW,0.059705,1,has,-0.118961,-0.0878,LOW,STOPWORD,False,False
76,APT34 has been observed targeting individuals through the us,oilrig,True,T1566.002,TA0001,LOW,0.059705,2,been,-0.073059,-0.0539,LOW,STOPWORD,False,False
76,APT34 has been observed targeting individuals through the us,oilrig,True,T1566.002,TA0001,LOW,0.059705,3,observed,-0.236178,-0.1744,LOW,ATTACK_VOCAB,True,True
76,APT34 has been observed targeting individuals through the us,oilrig,True,T1566.002,TA0001,LOW,0.059705,4,targeting,0.143487,0.1059,LOW,ATTACK_VOCAB,True,True
76,APT34 has been observed targeting individuals through the us,oilrig,True,T1566.002,TA0001,LOW,0.059705,5,individuals,-0.039691,-0.0293,NONE,ATTACK_VOCAB,True,True
76,APT34 has been observed targeting individuals through the us,oilrig,True,T1566.002,TA0001,LOW,0.059705,6,through,-0.120275,-0.0888,LOW,STOPWORD,False,False
76,APT34 has been observed targeting individuals through the us,oilrig,True,T1566.002,TA0001,LOW,0.059705,7,the,-0.028741,-0.0212,NONE,STOPWORD,False,False
76,APT34 has been observed targeting individuals through the us,oilrig,True,T1566.002,TA0001,LOW,0.059705,8,use,-0.28915,-0.2135,MEDIUM,ATTACK_VOCAB,True,True
76,APT34 has been observed targeting individuals through the us,oilrig,True,T1566.002,TA0001,LOW,0.059705,9,of,-0.11798,-0.0871,LOW,STOPWORD,False,False
76,APT34 has been observed targeting individuals through the us,oilrig,True,T1566.002,TA0001,LOW,0.059705,10,booby-trapped,-0.132735,-0.098,LOW,OTHER,False,False
76,APT34 has been observed targeting individuals through the us,oilrig,True,T1566.002,TA0001,LOW,0.059705,11,job,-0.131632,-0.0972,LOW,ATTACK_VOCAB,True,True
76,APT34 has been observed targeting individuals through the us,oilrig,True,T1566.002,TA0001,LOW,0.059705,12,opportunity,-0.185842,-0.1372,LOW,ATTACK_VOCAB,True,True
76,APT34 has been observed targeting individuals through the us,oilrig,True,T1566.002,TA0001,LOW,0.059705,13,"documents,",-0.088301,-0.0652,LOW,ATTACK_VOCAB,True,True
76,APT34 has been observed targeting individuals through the us,oilrig,True,T1566.002,TA0001,LOW,0.059705,14,delivered,-0.107847,-0.0796,LOW,ATTACK_VOCAB,True,True
76,APT34 has been observed targeting individuals through the us,oilrig,True,T1566.002,TA0001,LOW,0.059705,15,directly,0.031791,0.0235,NONE,ATTACK_VOCAB,True,True
76,APT34 has been observed targeting individuals through the us,oilrig,True,T1566.002,TA0001,LOW,0.059705,16,to,-0.06575,-0.0485,NONE,STOPWORD,False,False
76,APT34 has been observed targeting individuals through the us,oilrig,True,T1566.002,TA0001,LOW,0.059705,17,the,0.045079,0.0333,NONE,STOPWORD,False,False
76,APT34 has been observed targeting individuals through the us,oilrig,True,T1566.002,TA0001,LOW,0.059705,18,selected,-0.241225,-0.1781,LOW,ATTACK_VOCAB,True,False
76,APT34 has been observed targeting individuals through the us,oilrig,True,T1566.002,TA0001,LOW,0.059705,19,targets,-0.015693,-0.0116,NONE,ATTACK_VOCAB,True,True
76,APT34 has been observed targeting individuals through the us,oilrig,True,T1566.002,TA0001,LOW,0.059705,20,via,0.063321,0.0468,NONE,STOPWORD,False,False
76,APT34 has been observed targeting individuals through the us,oilrig,True,T1566.002,TA0001,LOW,0.059705,21,LinkedIn,1.354393,1.0,HIGH,ATTACK_VOCAB,True,False
76,APT34 has been observed targeting individuals through the us,oilrig,True,T1566.002,TA0001,LOW,0.059705,22,messages,-0.212947,-0.1572,LOW,ATTACK_VOCAB,True,True
77,this enables the malware to alter the user's last input time,fin7,True,TA0005,TA0005,HIGH,4.14171,0,this,-0.028112,-0.0307,NONE,STOPWORD,False,False
77,this enables the malware to alter the user's last input time,fin7,True,TA0005,TA0005,HIGH,4.14171,1,enables,0.028937,0.0316,NONE,ATTACK_VOCAB,True,True
77,this enables the malware to alter the user's last input time,fin7,True,TA0005,TA0005,HIGH,4.14171,2,the,-0.057989,-0.0634,LOW,STOPWORD,False,False
77,this enables the malware to alter the user's last input time,fin7,True,TA0005,TA0005,HIGH,4.14171,3,malware,0.039783,0.0435,NONE,ATTACK_VOCAB,True,True
77,this enables the malware to alter the user's last input time,fin7,True,TA0005,TA0005,HIGH,4.14171,4,to,-0.034471,-0.0377,NONE,STOPWORD,False,False
77,this enables the malware to alter the user's last input time,fin7,True,TA0005,TA0005,HIGH,4.14171,5,alter,0.915124,1.0,HIGH,ATTACK_VOCAB,True,True
77,this enables the malware to alter the user's last input time,fin7,True,TA0005,TA0005,HIGH,4.14171,6,the,-0.028418,-0.0311,NONE,STOPWORD,False,False
77,this enables the malware to alter the user's last input time,fin7,True,TA0005,TA0005,HIGH,4.14171,7,user's,0.252299,0.2757,MEDIUM,ATTACK_VOCAB,True,True
77,this enables the malware to alter the user's last input time,fin7,True,TA0005,TA0005,HIGH,4.14171,8,last,-0.023297,-0.0255,NONE,ATTACK_VOCAB,True,True
77,this enables the malware to alter the user's last input time,fin7,True,TA0005,TA0005,HIGH,4.14171,9,input,-0.050699,-0.0554,LOW,ATTACK_VOCAB,True,True
77,this enables the malware to alter the user's last input time,fin7,True,TA0005,TA0005,HIGH,4.14171,10,time,-0.212266,-0.232,MEDIUM,ATTACK_VOCAB,True,True
77,this enables the malware to alter the user's last input time,fin7,True,TA0005,TA0005,HIGH,4.14171,11,to,-0.017006,-0.0186,NONE,STOPWORD,False,False
77,this enables the malware to alter the user's last input time,fin7,True,TA0005,TA0005,HIGH,4.14171,12,ensure,-0.201973,-0.2207,MEDIUM,ATTACK_VOCAB,True,True
77,this enables the malware to alter the user's last input time,fin7,True,TA0005,TA0005,HIGH,4.14171,13,application,-0.071874,-0.0785,LOW,ATTACK_VOCAB,True,True
77,this enables the malware to alter the user's last input time,fin7,True,TA0005,TA0005,HIGH,4.14171,14,sessions,-0.171425,-0.1873,LOW,ATTACK_VOCAB,True,True
77,this enables the malware to alter the user's last input time,fin7,True,TA0005,TA0005,HIGH,4.14171,15,do,-0.068425,-0.0748,LOW,STOPWORD,False,False
77,this enables the malware to alter the user's last input time,fin7,True,TA0005,TA0005,HIGH,4.14171,16,not,0.088601,0.0968,LOW,STOPWORD,False,False
77,this enables the malware to alter the user's last input time,fin7,True,TA0005,TA0005,HIGH,4.14171,17,time,-0.034329,-0.0375,NONE,ATTACK_VOCAB,True,True
77,this enables the malware to alter the user's last input time,fin7,True,TA0005,TA0005,HIGH,4.14171,18,out.,-0.0121,-0.0132,NONE,ATTACK_VOCAB,True,True
78,What seems to be the core tools of these activities is a var,carbanak,True,TA0010,T1041,HIGH,1.983599,0,What,0.024275,0.0041,NONE,STOPWORD,False,False
78,What seems to be the core tools of these activities is a var,carbanak,True,TA0010,T1041,HIGH,1.983599,1,seems,0.147739,0.025,NONE,OTHER,False,False
78,What seems to be the core tools of these activities is a var,carbanak,True,TA0010,T1041,HIGH,1.983599,2,to,0.121313,0.0205,NONE,STOPWORD,False,False
78,What seems to be the core tools of these activities is a var,carbanak,True,TA0010,T1041,HIGH,1.983599,3,be,0.057385,0.0097,NONE,STOPWORD,False,False
78,What seems to be the core tools of these activities is a var,carbanak,True,TA0010,T1041,HIGH,1.983599,4,the,0.116257,0.0197,NONE,STOPWORD,False,False
78,What seems to be the core tools of these activities is a var,carbanak,True,TA0010,T1041,HIGH,1.983599,5,core,0.059995,0.0102,NONE,ATTACK_VOCAB,True,True
78,What seems to be the core tools of these activities is a var,carbanak,True,TA0010,T1041,HIGH,1.983599,6,tools,0.035407,0.006,NONE,ATTACK_VOCAB,True,True
78,What seems to be the core tools of these activities is a var,carbanak,True,TA0010,T1041,HIGH,1.983599,7,of,0.08464,0.0143,NONE,STOPWORD,False,False
78,What seems to be the core tools of these activities is a var,carbanak,True,TA0010,T1041,HIGH,1.983599,8,these,0.154038,0.0261,NONE,STOPWORD,False,False
78,What seems to be the core tools of these activities is a var,carbanak,True,TA0010,T1041,HIGH,1.983599,9,activities,0.059181,0.01,NONE,ATTACK_VOCAB,True,True
78,What seems to be the core tools of these activities is a var,carbanak,True,TA0010,T1041,HIGH,1.983599,10,is,0.037076,0.0063,NONE,STOPWORD,False,False
78,What seems to be the core tools of these activities is a var,carbanak,True,TA0010,T1041,HIGH,1.983599,11,a,0.097523,0.0165,NONE,STOPWORD,False,False
78,What seems to be the core tools of these activities is a var,carbanak,True,TA0010,T1041,HIGH,1.983599,12,variant,0.060981,0.0103,NONE,ATTACK_VOCAB,True,True
78,What seems to be the core tools of these activities is a var,carbanak,True,TA0010,T1041,HIGH,1.983599,13,of,0.07877,0.0133,NONE,STOPWORD,False,False
78,What seems to be the core tools of these activities is a var,carbanak,True,TA0010,T1041,HIGH,1.983599,14,"Anunak,",-0.292042,-0.0494,NONE,ACTOR_NAME,False,False
78,What seems to be the core tools of these activities is a var,carbanak,True,TA0010,T1041,HIGH,1.983599,15,remote,0.083434,0.0141,NONE,ATTACK_VOCAB,True,True
78,What seems to be the core tools of these activities is a var,carbanak,True,TA0010,T1041,HIGH,1.983599,16,"backdoor,",-0.089582,-0.0152,NONE,ATTACK_VOCAB,True,True
78,What seems to be the core tools of these activities is a var,carbanak,True,TA0010,T1041,HIGH,1.983599,17,along,0.130859,0.0221,NONE,ATTACK_VOCAB,True,True
78,What seems to be the core tools of these activities is a var,carbanak,True,TA0010,T1041,HIGH,1.983599,18,with,0.085292,0.0144,NONE,STOPWORD,False,False
78,What seems to be the core tools of these activities is a var,carbanak,True,TA0010,T1041,HIGH,1.983599,19,a,0.085888,0.0145,NONE,STOPWORD,False,False
78,What seems to be the core tools of these activities is a var,carbanak,True,TA0010,T1041,HIGH,1.983599,20,Visual,0.184479,0.0312,NONE,ATTACK_VOCAB,True,True
78,What seems to be the core tools of these activities is a var,carbanak,True,TA0010,T1041,HIGH,1.983599,21,Basic,0.120695,0.0204,NONE,ATTACK_VOCAB,True,True
78,What seems to be the core tools of these activities is a var,carbanak,True,TA0010,T1041,HIGH,1.983599,22,Script,0.069848,0.0118,NONE,ATTACK_VOCAB,True,True
78,What seems to be the core tools of these activities is a var,carbanak,True,TA0010,T1041,HIGH,1.983599,23,specially,0.169503,0.0287,NONE,ATTACK_VOCAB,True,True
78,What seems to be the core tools of these activities is a var,carbanak,True,TA0010,T1041,HIGH,1.983599,24,crafted,0.065275,0.011,NONE,ATTACK_VOCAB,True,True
78,What seems to be the core tools of these activities is a var,carbanak,True,TA0010,T1041,HIGH,1.983599,25,with,0.017128,0.0029,NONE,STOPWORD,False,False
78,What seems to be the core tools of these activities is a var,carbanak,True,TA0010,T1041,HIGH,1.983599,26,data,0.06326,0.0107,NONE,ATTACK_VOCAB,True,True
78,What seems to be the core tools of these activities is a var,carbanak,True,TA0010,T1041,HIGH,1.983599,27,exfiltration,5.910091,1.0,HIGH,ATTACK_VOCAB,True,True
78,What seems to be the core tools of these activities is a var,carbanak,True,TA0010,T1041,HIGH,1.983599,28,features,0.010075,0.0017,NONE,ATTACK_VOCAB,True,True
79,A random executable file name is then constructed. It is cre,wizardspider,True,TA0005,TA0005,HIGH,0.821753,0,A,0.226713,0.7871,HIGH,STOPWORD,False,False
79,A random executable file name is then constructed. It is cre,wizardspider,True,TA0005,TA0005,HIGH,0.821753,1,random,0.230983,0.802,HIGH,ATTACK_VOCAB,True,True
79,A random executable file name is then constructed. It is cre,wizardspider,True,TA0005,TA0005,HIGH,0.821753,2,executable,0.174575,0.6061,HIGH,ATTACK_VOCAB,True,True
79,A random executable file name is then constructed. It is cre,wizardspider,True,TA0005,TA0005,HIGH,0.821753,3,file,0.20617,0.7158,HIGH,ATTACK_VOCAB,True,True
79,A random executable file name is then constructed. It is cre,wizardspider,True,TA0005,TA0005,HIGH,0.821753,4,name,0.143178,0.4971,MEDIUM,ATTACK_VOCAB,True,True
79,A random executable file name is then constructed. It is cre,wizardspider,True,TA0005,TA0005,HIGH,0.821753,5,is,0.156419,0.5431,HIGH,STOPWORD,False,False
79,A random executable file name is then constructed. It is cre,wizardspider,True,TA0005,TA0005,HIGH,0.821753,6,then,0.199828,0.6938,HIGH,STOPWORD,False,False
79,A random executable file name is then constructed. It is cre,wizardspider,True,TA0005,TA0005,HIGH,0.821753,7,constructed.,0.155259,0.539,HIGH,ATTACK_VOCAB,True,True
79,A random executable file name is then constructed. It is cre,wizardspider,True,TA0005,TA0005,HIGH,0.821753,8,It,0.220362,0.7651,HIGH,STOPWORD,False,False
79,A random executable file name is then constructed. It is cre,wizardspider,True,TA0005,TA0005,HIGH,0.821753,9,is,0.160831,0.5584,HIGH,STOPWORD,False,False
79,A random executable file name is then constructed. It is cre,wizardspider,True,TA0005,TA0005,HIGH,0.821753,10,created,0.091545,0.3178,MEDIUM,ATTACK_VOCAB,True,True
79,A random executable file name is then constructed. It is cre,wizardspider,True,TA0005,TA0005,HIGH,0.821753,11,by,0.203573,0.7068,HIGH,STOPWORD,False,False
79,A random executable file name is then constructed. It is cre,wizardspider,True,TA0005,TA0005,HIGH,0.821753,12,calling_srand,0.222128,0.7712,HIGH,OTHER,False,False
79,A random executable file name is then constructed. It is cre,wizardspider,True,TA0005,TA0005,HIGH,0.821753,13,with,0.245461,0.8522,HIGH,STOPWORD,False,False
79,A random executable file name is then constructed. It is cre,wizardspider,True,TA0005,TA0005,HIGH,0.821753,14,a,0.210171,0.7297,HIGH,STOPWORD,False,False
79,A random executable file name is then constructed. It is cre,wizardspider,True,TA0005,TA0005,HIGH,0.821753,15,seed,0.098645,0.3425,MEDIUM,ATTACK_VOCAB,True,True
79,A random executable file name is then constructed. It is cre,wizardspider,True,TA0005,TA0005,HIGH,0.821753,16,value,0.172801,0.6,HIGH,ATTACK_VOCAB,True,True
79,A random executable file name is then constructed. It is cre,wizardspider,True,TA0005,TA0005,HIGH,0.821753,17,returned,0.232599,0.8076,HIGH,ATTACK_VOCAB,True,False
79,A random executable file name is then constructed. It is cre,wizardspider,True,TA0005,TA0005,HIGH,0.821753,18,from,0.211967,0.7359,HIGH,STOPWORD,False,False
79,A random executable file name is then constructed. It is cre,wizardspider,True,TA0005,TA0005,HIGH,0.821753,19,"callingGetTickCount,then_randis",-0.171839,-0.5966,HIGH,OTHER,False,False
79,A random executable file name is then constructed. It is cre,wizardspider,True,TA0005,TA0005,HIGH,0.821753,20,continuously,0.120697,0.4191,MEDIUM,ATTACK_VOCAB,True,False
79,A random executable file name is then constructed. It is cre,wizardspider,True,TA0005,TA0005,HIGH,0.821753,21,called,0.125175,0.4346,MEDIUM,ATTACK_VOCAB,True,True
79,A random executable file name is then constructed. It is cre,wizardspider,True,TA0005,TA0005,HIGH,0.821753,22,until,0.288025,1.0,HIGH,ATTACK_VOCAB,True,True
79,A random executable file name is then constructed. It is cre,wizardspider,True,TA0005,TA0005,HIGH,0.821753,23,five,0.240796,0.836,HIGH,ATTACK_VOCAB,True,True
79,A random executable file name is then constructed. It is cre,wizardspider,True,TA0005,TA0005,HIGH,0.821753,24,alphabetic,0.180776,0.6276,HIGH,OTHER,False,False
79,A random executable file name is then constructed. It is cre,wizardspider,True,TA0005,TA0005,HIGH,0.821753,25,characters,0.228604,0.7937,HIGH,ATTACK_VOCAB,True,True
79,A random executable file name is then constructed. It is cre,wizardspider,True,TA0005,TA0005,HIGH,0.821753,26,are,0.177779,0.6172,HIGH,STOPWORD,False,False
79,A random executable file name is then constructed. It is cre,wizardspider,True,TA0005,TA0005,HIGH,0.821753,27,concatenated,0.133414,0.4632,MEDIUM,OTHER,False,False
79,A random executable file name is then constructed. It is cre,wizardspider,True,TA0005,TA0005,HIGH,0.821753,28,together.,0.111326,0.3865,MEDIUM,ATTACK_VOCAB,True,True
79,A random executable file name is then constructed. It is cre,wizardspider,True,TA0005,TA0005,HIGH,0.821753,29,The,0.242788,0.8429,HIGH,STOPWORD,False,False
79,A random executable file name is then constructed. It is cre,wizardspider,True,TA0005,TA0005,HIGH,0.821753,30,extension,0.147831,0.5133,HIGH,ATTACK_VOCAB,True,True
79,A random executable file name is then constructed. It is cre,wizardspider,True,TA0005,TA0005,HIGH,0.821753,31,.exeis,0.010512,0.0365,NONE,OTHER,False,False
79,A random executable file name is then constructed. It is cre,wizardspider,True,TA0005,TA0005,HIGH,0.821753,32,then,0.158245,0.5494,HIGH,STOPWORD,False,False
79,A random executable file name is then constructed. It is cre,wizardspider,True,TA0005,TA0005,HIGH,0.821753,33,appended,0.218735,0.7594,HIGH,ATTACK_VOCAB,True,True
80,spear-phishing as their initial attack vector,oilrig,True,TA0001,TA0001,MEDIUM,0.179704,0,spear-phishing,-0.662189,-0.2134,MEDIUM,ATTACK_VOCAB,True,True
80,spear-phishing as their initial attack vector,oilrig,True,TA0001,TA0001,MEDIUM,0.179704,1,as,0.466953,0.1505,LOW,STOPWORD,False,False
80,spear-phishing as their initial attack vector,oilrig,True,TA0001,TA0001,MEDIUM,0.179704,2,their,0.051961,0.0167,NONE,STOPWORD,False,False
80,spear-phishing as their initial attack vector,oilrig,True,TA0001,TA0001,MEDIUM,0.179704,3,initial,3.103228,1.0,HIGH,ATTACK_VOCAB,True,True
80,spear-phishing as their initial attack vector,oilrig,True,TA0001,TA0001,MEDIUM,0.179704,4,attack,0.134201,0.0432,NONE,ATTACK_VOCAB,True,True
80,spear-phishing as their initial attack vector,oilrig,True,TA0001,TA0001,MEDIUM,0.179704,5,vector,0.435861,0.1405,LOW,ATTACK_VOCAB,True,True
81,The malware was delivered via an Excel document,oilrig,False,TA0002,TA0001,HIGH,1.41604,0,The,-0.111647,-0.1144,LOW,STOPWORD,False,False
81,The malware was delivered via an Excel document,oilrig,False,TA0002,TA0001,HIGH,1.41604,1,malware,-0.001919,-0.002,NONE,ATTACK_VOCAB,True,True
81,The malware was delivered via an Excel document,oilrig,False,TA0002,TA0001,HIGH,1.41604,2,was,-0.252632,-0.2589,MEDIUM,STOPWORD,False,False
81,The malware was delivered via an Excel document,oilrig,False,TA0002,TA0001,HIGH,1.41604,3,delivered,0.254586,0.2609,MEDIUM,ATTACK_VOCAB,True,True
81,The malware was delivered via an Excel document,oilrig,False,TA0002,TA0001,HIGH,1.41604,4,via,-0.582262,-0.5966,HIGH,STOPWORD,False,False
81,The malware was delivered via an Excel document,oilrig,False,TA0002,TA0001,HIGH,1.41604,5,an,-0.146779,-0.1504,LOW,STOPWORD,False,False
81,The malware was delivered via an Excel document,oilrig,False,TA0002,TA0001,HIGH,1.41604,6,Excel,0.975962,1.0,HIGH,ATTACK_VOCAB,True,True
81,The malware was delivered via an Excel document,oilrig,False,TA0002,TA0001,HIGH,1.41604,7,document,0.002573,0.0026,NONE,ATTACK_VOCAB,True,True
82,The Tor node would intercept any unencrypted executable file,apt29,True,TA0005,T1204,HIGH,0.983976,0,The,-0.074054,-0.1273,LOW,STOPWORD,False,False
82,The Tor node would intercept any unencrypted executable file,apt29,True,TA0005,T1204,HIGH,0.983976,1,Tor,-0.205839,-0.3539,MEDIUM,ATTACK_VOCAB,True,True
82,The Tor node would intercept any unencrypted executable file,apt29,True,TA0005,T1204,HIGH,0.983976,2,node,-0.203165,-0.3493,MEDIUM,ATTACK_VOCAB,True,True
82,The Tor node would intercept any unencrypted executable file,apt29,True,TA0005,T1204,HIGH,0.983976,3,would,-0.070293,-0.1208,LOW,STOPWORD,False,False
82,The Tor node would intercept any unencrypted executable file,apt29,True,TA0005,T1204,HIGH,0.983976,4,intercept,0.581701,1.0,HIGH,ATTACK_VOCAB,True,True
82,The Tor node would intercept any unencrypted executable file,apt29,True,TA0005,T1204,HIGH,0.983976,5,any,-0.157434,-0.2706,MEDIUM,STOPWORD,False,False
82,The Tor node would intercept any unencrypted executable file,apt29,True,TA0005,T1204,HIGH,0.983976,6,unencrypted,0.012975,0.0223,NONE,ATTACK_VOCAB,True,True
82,The Tor node would intercept any unencrypted executable file,apt29,True,TA0005,T1204,HIGH,0.983976,7,executable,-0.407452,-0.7004,HIGH,ATTACK_VOCAB,True,True
82,The Tor node would intercept any unencrypted executable file,apt29,True,TA0005,T1204,HIGH,0.983976,8,files,-0.28114,-0.4833,MEDIUM,ATTACK_VOCAB,True,True
82,The Tor node would intercept any unencrypted executable file,apt29,True,TA0005,T1204,HIGH,0.983976,9,being,-0.176652,-0.3037,MEDIUM,ATTACK_VOCAB,True,True
82,The Tor node would intercept any unencrypted executable file,apt29,True,TA0005,T1204,HIGH,0.983976,10,downloaded,-0.295136,-0.5074,HIGH,ATTACK_VOCAB,True,True
82,The Tor node would intercept any unencrypted executable file,apt29,True,TA0005,T1204,HIGH,0.983976,11,and,-0.130799,-0.2249,MEDIUM,STOPWORD,False,False
82,The Tor node would intercept any unencrypted executable file,apt29,True,TA0005,T1204,HIGH,0.983976,12,modify,-0.160863,-0.2765,MEDIUM,ATTACK_VOCAB,True,True
82,The Tor node would intercept any unencrypted executable file,apt29,True,TA0005,T1204,HIGH,0.983976,13,those,-0.12748,-0.2191,MEDIUM,STOPWORD,False,False
82,The Tor node would intercept any unencrypted executable file,apt29,True,TA0005,T1204,HIGH,0.983976,14,executables,-0.380743,-0.6545,HIGH,ATTACK_VOCAB,True,True
82,The Tor node would intercept any unencrypted executable file,apt29,True,TA0005,T1204,HIGH,0.983976,15,by,-0.165075,-0.2838,MEDIUM,STOPWORD,False,False
82,The Tor node would intercept any unencrypted executable file,apt29,True,TA0005,T1204,HIGH,0.983976,16,adding,-0.255295,-0.4389,MEDIUM,ATTACK_VOCAB,True,True
82,The Tor node would intercept any unencrypted executable file,apt29,True,TA0005,T1204,HIGH,0.983976,17,a,-0.16609,-0.2855,MEDIUM,STOPWORD,False,False
82,The Tor node would intercept any unencrypted executable file,apt29,True,TA0005,T1204,HIGH,0.983976,18,malicious,-0.14083,-0.2421,MEDIUM,ATTACK_VOCAB,True,True
82,The Tor node would intercept any unencrypted executable file,apt29,True,TA0005,T1204,HIGH,0.983976,19,wrapper,-0.231088,-0.3973,MEDIUM,ATTACK_VOCAB,True,True
82,The Tor node would intercept any unencrypted executable file,apt29,True,TA0005,T1204,HIGH,0.983976,20,contained,-0.193516,-0.3327,MEDIUM,ATTACK_VOCAB,True,True
82,The Tor node would intercept any unencrypted executable file,apt29,True,TA0005,T1204,HIGH,0.983976,21,an,-0.171747,-0.2952,MEDIUM,STOPWORD,False,False
82,The Tor node would intercept any unencrypted executable file,apt29,True,TA0005,T1204,HIGH,0.983976,22,embedded,-0.182566,-0.3138,MEDIUM,ATTACK_VOCAB,True,True
82,The Tor node would intercept any unencrypted executable file,apt29,True,TA0005,T1204,HIGH,0.983976,23,OnionDuke,-0.337297,-0.5798,HIGH,ATTACK_VOCAB,True,True
83,a prede%ned FTP server using a hard-coded username and passw,fin6,True,TA0011,T1071.001,HIGH,0.958785,0,a,-0.259808,-0.4236,MEDIUM,STOPWORD,False,False
83,a prede%ned FTP server using a hard-coded username and passw,fin6,True,TA0011,T1071.001,HIGH,0.958785,1,prede%ned,-0.197322,-0.3217,MEDIUM,OTHER,False,False
83,a prede%ned FTP server using a hard-coded username and passw,fin6,True,TA0011,T1071.001,HIGH,0.958785,2,FTP,-0.323708,-0.5278,HIGH,ATTACK_VOCAB,True,True
83,a prede%ned FTP server using a hard-coded username and passw,fin6,True,TA0011,T1071.001,HIGH,0.958785,3,server,-0.234759,-0.3827,MEDIUM,ATTACK_VOCAB,True,True
83,a prede%ned FTP server using a hard-coded username and passw,fin6,True,TA0011,T1071.001,HIGH,0.958785,4,using,-0.132401,-0.2159,MEDIUM,ATTACK_VOCAB,True,True
83,a prede%ned FTP server using a hard-coded username and passw,fin6,True,TA0011,T1071.001,HIGH,0.958785,5,a,-0.17041,-0.2778,MEDIUM,STOPWORD,False,False
83,a prede%ned FTP server using a hard-coded username and passw,fin6,True,TA0011,T1071.001,HIGH,0.958785,6,hard-coded,-0.185169,-0.3019,MEDIUM,ATTACK_VOCAB,True,True
83,a prede%ned FTP server using a hard-coded username and passw,fin6,True,TA0011,T1071.001,HIGH,0.958785,7,username,-0.552814,-0.9013,HIGH,ATTACK_VOCAB,True,True
83,a prede%ned FTP server using a hard-coded username and passw,fin6,True,TA0011,T1071.001,HIGH,0.958785,8,and,0.41375,0.6746,HIGH,STOPWORD,False,False
83,a prede%ned FTP server using a hard-coded username and passw,fin6,True,TA0011,T1071.001,HIGH,0.958785,9,password,-0.613362,-1.0,HIGH,ATTACK_VOCAB,True,True
84,7-zip to compress the results for exfiltration,fin6,True,T1560,T1560,LOW,0.066785,0,7-zip,0.595391,0.3388,MEDIUM,ATTACK_VOCAB,True,False
84,7-zip to compress the results for exfiltration,fin6,True,T1560,T1560,LOW,0.066785,1,to,0.210633,0.1199,LOW,STOPWORD,False,False
84,7-zip to compress the results for exfiltration,fin6,True,T1560,T1560,LOW,0.066785,2,compress,0.471571,0.2683,MEDIUM,ATTACK_VOCAB,True,True
84,7-zip to compress the results for exfiltration,fin6,True,T1560,T1560,LOW,0.066785,3,the,0.265988,0.1514,LOW,STOPWORD,False,False
84,7-zip to compress the results for exfiltration,fin6,True,T1560,T1560,LOW,0.066785,4,results,-0.004222,-0.0024,NONE,ATTACK_VOCAB,True,True
84,7-zip to compress the results for exfiltration,fin6,True,T1560,T1560,LOW,0.066785,5,for,-0.105659,-0.0601,LOW,STOPWORD,False,False
84,7-zip to compress the results for exfiltration,fin6,True,T1560,T1560,LOW,0.066785,6,exfiltration,1.757422,1.0,HIGH,ATTACK_VOCAB,True,True
85,one is designed for use in DoS attacks,apt29,True,TA0040,S0052,LOW,0.034012,0,one,0.016202,0.0118,NONE,ATTACK_VOCAB,True,True
85,one is designed for use in DoS attacks,apt29,True,TA0040,S0052,LOW,0.034012,1,is,0.242383,0.176,LOW,STOPWORD,False,False
85,one is designed for use in DoS attacks,apt29,True,TA0040,S0052,LOW,0.034012,2,designed,0.302943,0.2199,MEDIUM,ATTACK_VOCAB,True,True
85,one is designed for use in DoS attacks,apt29,True,TA0040,S0052,LOW,0.034012,3,for,-0.004873,-0.0035,NONE,STOPWORD,False,False
85,one is designed for use in DoS attacks,apt29,True,TA0040,S0052,LOW,0.034012,4,use,-0.043512,-0.0316,NONE,ATTACK_VOCAB,True,True
85,one is designed for use in DoS attacks,apt29,True,TA0040,S0052,LOW,0.034012,5,in,-0.102953,-0.0747,LOW,STOPWORD,False,False
85,one is designed for use in DoS attacks,apt29,True,TA0040,S0052,LOW,0.034012,6,DoS,-0.448195,-0.3254,MEDIUM,ATTACK_VOCAB,True,True
85,one is designed for use in DoS attacks,apt29,True,TA0040,S0052,LOW,0.034012,7,attacks,1.377481,1.0,HIGH,ATTACK_VOCAB,True,True
86,Hides the current sheet and shows the new sheet that contain,oilrig,True,TA0005,T1564,HIGH,0.586165,0,Hides,0.513789,1.0,HIGH,ATTACK_VOCAB,True,False
86,Hides the current sheet and shows the new sheet that contain,oilrig,True,TA0005,T1564,HIGH,0.586165,1,the,0.228332,0.4444,MEDIUM,STOPWORD,False,False
86,Hides the current sheet and shows the new sheet that contain,oilrig,True,TA0005,T1564,HIGH,0.586165,2,current,0.182058,0.3543,MEDIUM,ATTACK_VOCAB,True,True
86,Hides the current sheet and shows the new sheet that contain,oilrig,True,TA0005,T1564,HIGH,0.586165,3,sheet,0.06493,0.1264,LOW,OTHER,False,False
86,Hides the current sheet and shows the new sheet that contain,oilrig,True,TA0005,T1564,HIGH,0.586165,4,and,0.15236,0.2965,MEDIUM,STOPWORD,False,False
86,Hides the current sheet and shows the new sheet that contain,oilrig,True,TA0005,T1564,HIGH,0.586165,5,shows,-0.255811,-0.4979,MEDIUM,ATTACK_VOCAB,True,False
86,Hides the current sheet and shows the new sheet that contain,oilrig,True,TA0005,T1564,HIGH,0.586165,6,the,0.025192,0.049,NONE,STOPWORD,False,False
86,Hides the current sheet and shows the new sheet that contain,oilrig,True,TA0005,T1564,HIGH,0.586165,7,new,-0.006539,-0.0127,NONE,ATTACK_VOCAB,True,True
86,Hides the current sheet and shows the new sheet that contain,oilrig,True,TA0005,T1564,HIGH,0.586165,8,sheet,0.050989,0.0992,LOW,OTHER,False,False
86,Hides the current sheet and shows the new sheet that contain,oilrig,True,TA0005,T1564,HIGH,0.586165,9,that,0.013274,0.0258,NONE,STOPWORD,False,False
86,Hides the current sheet and shows the new sheet that contain,oilrig,True,TA0005,T1564,HIGH,0.586165,10,contains,-0.055998,-0.109,LOW,ATTACK_VOCAB,True,True
86,Hides the current sheet and shows the new sheet that contain,oilrig,True,TA0005,T1564,HIGH,0.586165,11,the,0.027539,0.0536,LOW,STOPWORD,False,False
86,Hides the current sheet and shows the new sheet that contain,oilrig,True,TA0005,T1564,HIGH,0.586165,12,coat,0.006772,0.0132,NONE,OTHER,False,False
86,Hides the current sheet and shows the new sheet that contain,oilrig,True,TA0005,T1564,HIGH,0.586165,13,of,0.149499,0.291,MEDIUM,STOPWORD,False,False
86,Hides the current sheet and shows the new sheet that contain,oilrig,True,TA0005,T1564,HIGH,0.586165,14,arms,0.272815,0.531,HIGH,OTHER,False,False
86,Hides the current sheet and shows the new sheet that contain,oilrig,True,TA0005,T1564,HIGH,0.586165,15,image,0.08272,0.161,LOW,ATTACK_VOCAB,True,True
87,"Finally, the macro sleeps for 10 seconds then deletes the ma",fin7,True,TA0005,T1070,HIGH,0.922704,0,"Finally,",0.009368,0.0358,NONE,ATTACK_VOCAB,True,True
87,"Finally, the macro sleeps for 10 seconds then deletes the ma",fin7,True,TA0005,T1070,HIGH,0.922704,1,the,0.11148,0.4256,MEDIUM,STOPWORD,False,False
87,"Finally, the macro sleeps for 10 seconds then deletes the ma",fin7,True,TA0005,T1070,HIGH,0.922704,2,macro,0.100682,0.3844,MEDIUM,ATTACK_VOCAB,True,True
87,"Finally, the macro sleeps for 10 seconds then deletes the ma",fin7,True,TA0005,T1070,HIGH,0.922704,3,sleeps,-0.138261,-0.5278,HIGH,OTHER,False,False
87,"Finally, the macro sleeps for 10 seconds then deletes the ma",fin7,True,TA0005,T1070,HIGH,0.922704,4,for,0.157082,0.5997,HIGH,STOPWORD,False,False
87,"Finally, the macro sleeps for 10 seconds then deletes the ma",fin7,True,TA0005,T1070,HIGH,0.922704,5,10,0.022581,0.0862,LOW,ATTACK_VOCAB,True,True
87,"Finally, the macro sleeps for 10 seconds then deletes the ma",fin7,True,TA0005,T1070,HIGH,0.922704,6,seconds,0.109715,0.4189,MEDIUM,OTHER,False,False
87,"Finally, the macro sleeps for 10 seconds then deletes the ma",fin7,True,TA0005,T1070,HIGH,0.922704,7,then,0.000919,0.0035,NONE,STOPWORD,False,False
87,"Finally, the macro sleeps for 10 seconds then deletes the ma",fin7,True,TA0005,T1070,HIGH,0.922704,8,deletes,0.237844,0.908,HIGH,ATTACK_VOCAB,True,True
87,"Finally, the macro sleeps for 10 seconds then deletes the ma",fin7,True,TA0005,T1070,HIGH,0.922704,9,the,-0.028799,-0.1099,LOW,STOPWORD,False,False
87,"Finally, the macro sleeps for 10 seconds then deletes the ma",fin7,True,TA0005,T1070,HIGH,0.922704,10,malicious,0.261943,1.0,HIGH,ATTACK_VOCAB,True,True
87,"Finally, the macro sleeps for 10 seconds then deletes the ma",fin7,True,TA0005,T1070,HIGH,0.922704,11,scheduled,-0.124916,-0.4769,MEDIUM,ATTACK_VOCAB,True,True
87,"Finally, the macro sleeps for 10 seconds then deletes the ma",fin7,True,TA0005,T1070,HIGH,0.922704,12,task,-0.109193,-0.4169,MEDIUM,ATTACK_VOCAB,True,True
88,The Macros contain several anti-VM checks designed to avoid ,apt29,True,T1497,T1497,HIGH,1.888819,0,The,0.112843,0.044,NONE,STOPWORD,False,False
88,The Macros contain several anti-VM checks designed to avoid ,apt29,True,T1497,T1497,HIGH,1.888819,1,Macros,-0.324878,-0.1267,LOW,ATTACK_VOCAB,True,True
88,The Macros contain several anti-VM checks designed to avoid ,apt29,True,T1497,T1497,HIGH,1.888819,2,contain,-0.222066,-0.0866,LOW,ATTACK_VOCAB,True,True
88,The Macros contain several anti-VM checks designed to avoid ,apt29,True,T1497,T1497,HIGH,1.888819,3,several,-0.009407,-0.0037,NONE,ATTACK_VOCAB,True,True
88,The Macros contain several anti-VM checks designed to avoid ,apt29,True,T1497,T1497,HIGH,1.888819,4,anti-VM,-0.164465,-0.0641,LOW,OTHER,False,False
88,The Macros contain several anti-VM checks designed to avoid ,apt29,True,T1497,T1497,HIGH,1.888819,5,checks,0.276118,0.1077,LOW,ATTACK_VOCAB,True,True
88,The Macros contain several anti-VM checks designed to avoid ,apt29,True,T1497,T1497,HIGH,1.888819,6,designed,-0.176448,-0.0688,LOW,ATTACK_VOCAB,True,True
88,The Macros contain several anti-VM checks designed to avoid ,apt29,True,T1497,T1497,HIGH,1.888819,7,to,0.050792,0.0198,NONE,STOPWORD,False,False
88,The Macros contain several anti-VM checks designed to avoid ,apt29,True,T1497,T1497,HIGH,1.888819,8,avoid,-0.113424,-0.0442,NONE,ATTACK_VOCAB,True,True
88,The Macros contain several anti-VM checks designed to avoid ,apt29,True,T1497,T1497,HIGH,1.888819,9,executing,-0.087369,-0.0341,NONE,ATTACK_VOCAB,True,True
88,The Macros contain several anti-VM checks designed to avoid ,apt29,True,T1497,T1497,HIGH,1.888819,10,in,-0.127518,-0.0497,NONE,STOPWORD,False,False
88,The Macros contain several anti-VM checks designed to avoid ,apt29,True,T1497,T1497,HIGH,1.888819,11,virtualized,2.564546,1.0,HIGH,ATTACK_VOCAB,True,False
88,The Macros contain several anti-VM checks designed to avoid ,apt29,True,T1497,T1497,HIGH,1.888819,12,environments,-0.069912,-0.0273,NONE,ATTACK_VOCAB,True,True
89,The CosmicDuke toolset is designed around a main information,apt29,True,S0050,S0050,HIGH,4.065711,0,The,-0.009071,-0.0012,NONE,STOPWORD,False,False
89,The CosmicDuke toolset is designed around a main information,apt29,True,S0050,S0050,HIGH,4.065711,1,CosmicDuke,7.610087,1.0,HIGH,ATTACK_VOCAB,True,True
89,The CosmicDuke toolset is designed around a main information,apt29,True,S0050,S0050,HIGH,4.065711,2,toolset,-0.298492,-0.0392,NONE,ATTACK_VOCAB,True,True
89,The CosmicDuke toolset is designed around a main information,apt29,True,S0050,S0050,HIGH,4.065711,3,is,0.043431,0.0057,NONE,STOPWORD,False,False
89,The CosmicDuke toolset is designed around a main information,apt29,True,S0050,S0050,HIGH,4.065711,4,designed,0.055692,0.0073,NONE,ATTACK_VOCAB,True,True
89,The CosmicDuke toolset is designed around a main information,apt29,True,S0050,S0050,HIGH,4.065711,5,around,-0.025685,-0.0034,NONE,ATTACK_VOCAB,True,True
89,The CosmicDuke toolset is designed around a main information,apt29,True,S0050,S0050,HIGH,4.065711,6,a,0.012169,0.0016,NONE,STOPWORD,False,False
89,The CosmicDuke toolset is designed around a main information,apt29,True,S0050,S0050,HIGH,4.065711,7,main,0.012058,0.0016,NONE,ATTACK_VOCAB,True,True
89,The CosmicDuke toolset is designed around a main information,apt29,True,S0050,S0050,HIGH,4.065711,8,information,-0.229452,-0.0302,NONE,ATTACK_VOCAB,True,True
89,The CosmicDuke toolset is designed around a main information,apt29,True,S0050,S0050,HIGH,4.065711,9,stealer,0.036288,0.0048,NONE,ATTACK_VOCAB,True,True
89,The CosmicDuke toolset is designed around a main information,apt29,True,S0050,S0050,HIGH,4.065711,10,component,-0.044058,-0.0058,NONE,ATTACK_VOCAB,True,True
90,"an additional scheduled task ""AdobeFlashSync"" is created for",fin7,True,TA0003,TA0002,HIGH,0.749781,0,an,-0.00272,-0.0014,NONE,STOPWORD,False,False
90,"an additional scheduled task ""AdobeFlashSync"" is created for",fin7,True,TA0003,TA0002,HIGH,0.749781,1,additional,-0.021605,-0.0108,NONE,ATTACK_VOCAB,True,True
90,"an additional scheduled task ""AdobeFlashSync"" is created for",fin7,True,TA0003,TA0002,HIGH,0.749781,2,scheduled,-0.077718,-0.0388,NONE,ATTACK_VOCAB,True,True
90,"an additional scheduled task ""AdobeFlashSync"" is created for",fin7,True,TA0003,TA0002,HIGH,0.749781,3,task,-0.027504,-0.0137,NONE,ATTACK_VOCAB,True,True
90,"an additional scheduled task ""AdobeFlashSync"" is created for",fin7,True,TA0003,TA0002,HIGH,0.749781,4,"""AdobeFlashSync""",-0.221684,-0.1107,LOW,OTHER,False,False
90,"an additional scheduled task ""AdobeFlashSync"" is created for",fin7,True,TA0003,TA0002,HIGH,0.749781,5,is,0.035901,0.0179,NONE,STOPWORD,False,False
90,"an additional scheduled task ""AdobeFlashSync"" is created for",fin7,True,TA0003,TA0002,HIGH,0.749781,6,created,-0.139948,-0.0699,LOW,ATTACK_VOCAB,True,True
90,"an additional scheduled task ""AdobeFlashSync"" is created for",fin7,True,TA0003,TA0002,HIGH,0.749781,7,for,-0.265423,-0.1326,LOW,STOPWORD,False,False
90,"an additional scheduled task ""AdobeFlashSync"" is created for",fin7,True,TA0003,TA0002,HIGH,0.749781,8,persistency,2.002173,1.0,HIGH,OTHER,False,False
91,"FIN7 phishing lures implements hidden sho%cut ""les (LNK ""les",fin7,True,TA0002,TA0002,HIGH,5.153493,0,FIN7,0.026842,0.0489,NONE,ACTOR_NAME,True,True
91,"FIN7 phishing lures implements hidden sho%cut ""les (LNK ""les",fin7,True,TA0002,TA0002,HIGH,5.153493,1,phishing,0.109287,0.1991,LOW,ATTACK_VOCAB,True,True
91,"FIN7 phishing lures implements hidden sho%cut ""les (LNK ""les",fin7,True,TA0002,TA0002,HIGH,5.153493,2,lures,-0.024897,-0.0454,NONE,ATTACK_VOCAB,True,False
91,"FIN7 phishing lures implements hidden sho%cut ""les (LNK ""les",fin7,True,TA0002,TA0002,HIGH,5.153493,3,implements,0.548832,1.0,HIGH,ATTACK_VOCAB,True,False
91,"FIN7 phishing lures implements hidden sho%cut ""les (LNK ""les",fin7,True,TA0002,TA0002,HIGH,5.153493,4,hidden,-0.006667,-0.0121,NONE,ATTACK_VOCAB,True,True
91,"FIN7 phishing lures implements hidden sho%cut ""les (LNK ""les",fin7,True,TA0002,TA0002,HIGH,5.153493,5,sho%cut,0.084272,0.1535,LOW,OTHER,False,False
91,"FIN7 phishing lures implements hidden sho%cut ""les (LNK ""les",fin7,True,TA0002,TA0002,HIGH,5.153493,6,"""les",0.030062,0.0548,LOW,OTHER,False,True
91,"FIN7 phishing lures implements hidden sho%cut ""les (LNK ""les",fin7,True,TA0002,TA0002,HIGH,5.153493,7,(LNK,0.02814,0.0513,LOW,ATTACK_VOCAB,True,True
91,"FIN7 phishing lures implements hidden sho%cut ""les (LNK ""les",fin7,True,TA0002,TA0002,HIGH,5.153493,8,"""les)",0.007256,0.0132,NONE,OTHER,False,True
91,"FIN7 phishing lures implements hidden sho%cut ""les (LNK ""les",fin7,True,TA0002,TA0002,HIGH,5.153493,9,to,-0.028255,-0.0515,LOW,STOPWORD,False,False
91,"FIN7 phishing lures implements hidden sho%cut ""les (LNK ""les",fin7,True,TA0002,TA0002,HIGH,5.153493,10,initiate,0.452688,0.8248,HIGH,ATTACK_VOCAB,True,True
91,"FIN7 phishing lures implements hidden sho%cut ""les (LNK ""les",fin7,True,TA0002,TA0002,HIGH,5.153493,11,the,0.240705,0.4386,MEDIUM,STOPWORD,False,False
91,"FIN7 phishing lures implements hidden sho%cut ""les (LNK ""les",fin7,True,TA0002,TA0002,HIGH,5.153493,12,infection,-0.231581,-0.422,MEDIUM,ATTACK_VOCAB,True,True
92,installing BEACON payloads on many servers and workstations,fin6,True,TA0011,T1105,HIGH,1.02608,0,installing,0.013322,0.0404,NONE,ATTACK_VOCAB,True,False
92,installing BEACON payloads on many servers and workstations,fin6,True,TA0011,T1105,HIGH,1.02608,1,BEACON,0.330048,1.0,HIGH,ATTACK_VOCAB,True,True
92,installing BEACON payloads on many servers and workstations,fin6,True,TA0011,T1105,HIGH,1.02608,2,payloads,0.083353,0.2525,MEDIUM,ATTACK_VOCAB,True,True
92,installing BEACON payloads on many servers and workstations,fin6,True,TA0011,T1105,HIGH,1.02608,3,on,0.040248,0.1219,LOW,STOPWORD,False,False
92,installing BEACON payloads on many servers and workstations,fin6,True,TA0011,T1105,HIGH,1.02608,4,many,0.108962,0.3301,MEDIUM,ATTACK_VOCAB,True,True
92,installing BEACON payloads on many servers and workstations,fin6,True,TA0011,T1105,HIGH,1.02608,5,servers,-0.043786,-0.1327,LOW,ATTACK_VOCAB,True,True
92,installing BEACON payloads on many servers and workstations,fin6,True,TA0011,T1105,HIGH,1.02608,6,and,0.077003,0.2333,MEDIUM,STOPWORD,False,False
92,installing BEACON payloads on many servers and workstations,fin6,True,TA0011,T1105,HIGH,1.02608,7,workstations,0.277409,0.8405,HIGH,ATTACK_VOCAB,True,True
93,The attack flow leaves behind a temporary file,carbanak,True,TA0011,T1105,HIGH,0.595717,0,The,-0.006494,-0.0214,NONE,STOPWORD,False,False
93,The attack flow leaves behind a temporary file,carbanak,True,TA0011,T1105,HIGH,0.595717,1,attack,-0.017619,-0.0582,LOW,ATTACK_VOCAB,True,True
93,The attack flow leaves behind a temporary file,carbanak,True,TA0011,T1105,HIGH,0.595717,2,flow,-0.087703,-0.2895,MEDIUM,ATTACK_VOCAB,True,True
93,The attack flow leaves behind a temporary file,carbanak,True,TA0011,T1105,HIGH,0.595717,3,leaves,-0.302897,-1.0,HIGH,OTHER,False,False
93,The attack flow leaves behind a temporary file,carbanak,True,TA0011,T1105,HIGH,0.595717,4,behind,0.025176,0.0831,LOW,ATTACK_VOCAB,True,True
93,The attack flow leaves behind a temporary file,carbanak,True,TA0011,T1105,HIGH,0.595717,5,a,-0.006489,-0.0214,NONE,STOPWORD,False,False
93,The attack flow leaves behind a temporary file,carbanak,True,TA0011,T1105,HIGH,0.595717,6,temporary,0.288411,0.9522,HIGH,ATTACK_VOCAB,True,True
93,The attack flow leaves behind a temporary file,carbanak,True,TA0011,T1105,HIGH,0.595717,7,file,-0.142206,-0.4695,MEDIUM,ATTACK_VOCAB,True,True
94,the group still deploys lightweight JavaScript backdoor with,fin7,True,TA0011,T1071.001,HIGH,0.328843,0,the,0.217811,0.5365,HIGH,STOPWORD,False,False
94,the group still deploys lightweight JavaScript backdoor with,fin7,True,TA0011,T1071.001,HIGH,0.328843,1,group,0.208299,0.5131,HIGH,ATTACK_VOCAB,True,True
94,the group still deploys lightweight JavaScript backdoor with,fin7,True,TA0011,T1071.001,HIGH,0.328843,2,still,0.177604,0.4375,MEDIUM,ATTACK_VOCAB,True,True
94,the group still deploys lightweight JavaScript backdoor with,fin7,True,TA0011,T1071.001,HIGH,0.328843,3,deploys,0.326391,0.8039,HIGH,ATTACK_VOCAB,True,False
94,the group still deploys lightweight JavaScript backdoor with,fin7,True,TA0011,T1071.001,HIGH,0.328843,4,lightweight,0.336849,0.8297,HIGH,ATTACK_VOCAB,True,False
94,the group still deploys lightweight JavaScript backdoor with,fin7,True,TA0011,T1071.001,HIGH,0.328843,5,JavaScript,0.280627,0.6912,HIGH,ATTACK_VOCAB,True,True
94,the group still deploys lightweight JavaScript backdoor with,fin7,True,TA0011,T1071.001,HIGH,0.328843,6,backdoor,0.233985,0.5763,HIGH,ATTACK_VOCAB,True,True
94,the group still deploys lightweight JavaScript backdoor with,fin7,True,TA0011,T1071.001,HIGH,0.328843,7,with,0.21001,0.5173,HIGH,STOPWORD,False,False
94,the group still deploys lightweight JavaScript backdoor with,fin7,True,TA0011,T1071.001,HIGH,0.328843,8,communication,0.188969,0.4655,MEDIUM,ATTACK_VOCAB,True,True
94,the group still deploys lightweight JavaScript backdoor with,fin7,True,TA0011,T1071.001,HIGH,0.328843,9,over,0.051694,0.1273,LOW,ATTACK_VOCAB,True,True
94,the group still deploys lightweight JavaScript backdoor with,fin7,True,TA0011,T1071.001,HIGH,0.328843,10,HTTPS,-0.071189,-0.1753,LOW,ATTACK_VOCAB,True,True
94,the group still deploys lightweight JavaScript backdoor with,fin7,True,TA0011,T1071.001,HIGH,0.328843,11,mimicking,0.405993,1.0,HIGH,ATTACK_VOCAB,True,True
94,the group still deploys lightweight JavaScript backdoor with,fin7,True,TA0011,T1071.001,HIGH,0.328843,12,Content,0.183552,0.4521,MEDIUM,ATTACK_VOCAB,True,True
94,the group still deploys lightweight JavaScript backdoor with,fin7,True,TA0011,T1071.001,HIGH,0.328843,13,Delivery,0.141802,0.3493,MEDIUM,ATTACK_VOCAB,True,True
94,the group still deploys lightweight JavaScript backdoor with,fin7,True,TA0011,T1071.001,HIGH,0.328843,14,Network,0.023767,0.0585,LOW,ATTACK_VOCAB,True,True
94,the group still deploys lightweight JavaScript backdoor with,fin7,True,TA0011,T1071.001,HIGH,0.328843,15,(CDN),0.372543,0.9176,HIGH,ATTACK_VOCAB,True,False
94,the group still deploys lightweight JavaScript backdoor with,fin7,True,TA0011,T1071.001,HIGH,0.328843,16,domains,0.061456,0.1514,LOW,ATTACK_VOCAB,True,True
95,Taking screenshots,fin7,True,T1113,TA0009,HIGH,3.53642,0,Taking,0.471203,0.0686,LOW,ATTACK_VOCAB,True,True
95,Taking screenshots,fin7,True,T1113,TA0009,HIGH,3.53642,1,screenshots,6.866442,1.0,HIGH,ATTACK_VOCAB,True,True
96,"an infection chain made up of JavaScript, and a Knal shellco",fin7,True,T1059.007,TA0002,HIGH,0.780702,0,an,0.073164,0.0178,NONE,STOPWORD,False,False
96,"an infection chain made up of JavaScript, and a Knal shellco",fin7,True,T1059.007,TA0002,HIGH,0.780702,1,infection,0.31566,0.0768,LOW,ATTACK_VOCAB,True,True
96,"an infection chain made up of JavaScript, and a Knal shellco",fin7,True,T1059.007,TA0002,HIGH,0.780702,2,chain,-0.08172,-0.0199,NONE,ATTACK_VOCAB,True,True
96,"an infection chain made up of JavaScript, and a Knal shellco",fin7,True,T1059.007,TA0002,HIGH,0.780702,3,made,0.803674,0.1956,LOW,ATTACK_VOCAB,True,True
96,"an infection chain made up of JavaScript, and a Knal shellco",fin7,True,T1059.007,TA0002,HIGH,0.780702,4,up,0.035238,0.0086,NONE,ATTACK_VOCAB,True,True
96,"an infection chain made up of JavaScript, and a Knal shellco",fin7,True,T1059.007,TA0002,HIGH,0.780702,5,of,0.037965,0.0092,NONE,STOPWORD,False,False
96,"an infection chain made up of JavaScript, and a Knal shellco",fin7,True,T1059.007,TA0002,HIGH,0.780702,6,"JavaScript,",4.109701,1.0,HIGH,ATTACK_VOCAB,True,True
96,"an infection chain made up of JavaScript, and a Knal shellco",fin7,True,T1059.007,TA0002,HIGH,0.780702,7,and,0.16008,0.039,NONE,STOPWORD,False,False
96,"an infection chain made up of JavaScript, and a Knal shellco",fin7,True,T1059.007,TA0002,HIGH,0.780702,8,a,0.128674,0.0313,NONE,STOPWORD,False,False
96,"an infection chain made up of JavaScript, and a Knal shellco",fin7,True,T1059.007,TA0002,HIGH,0.780702,9,Knal,0.090574,0.022,NONE,OTHER,False,False
96,"an infection chain made up of JavaScript, and a Knal shellco",fin7,True,T1059.007,TA0002,HIGH,0.780702,10,shellcode,-0.049548,-0.0121,NONE,ATTACK_VOCAB,True,True
96,"an infection chain made up of JavaScript, and a Knal shellco",fin7,True,T1059.007,TA0002,HIGH,0.780702,11,payload,0.000745,0.0002,NONE,ATTACK_VOCAB,True,True
97,"CozyDuke is a highly versatile, modular, malware ""platform"" ",apt29,True,TA0011,T1105,LOW,0.007123,0,CozyDuke,0.156674,0.358,MEDIUM,ATTACK_VOCAB,True,True
97,"CozyDuke is a highly versatile, modular, malware ""platform"" ",apt29,True,TA0011,T1105,LOW,0.007123,1,is,0.119949,0.2741,MEDIUM,STOPWORD,False,False
97,"CozyDuke is a highly versatile, modular, malware ""platform"" ",apt29,True,TA0011,T1105,LOW,0.007123,2,a,0.124344,0.2842,MEDIUM,STOPWORD,False,False
97,"CozyDuke is a highly versatile, modular, malware ""platform"" ",apt29,True,TA0011,T1105,LOW,0.007123,3,highly,0.113344,0.259,MEDIUM,ATTACK_VOCAB,True,False
97,"CozyDuke is a highly versatile, modular, malware ""platform"" ",apt29,True,TA0011,T1105,LOW,0.007123,4,"versatile,",0.206551,0.472,MEDIUM,OTHER,False,False
97,"CozyDuke is a highly versatile, modular, malware ""platform"" ",apt29,True,TA0011,T1105,LOW,0.007123,5,"modular,",0.248684,0.5683,HIGH,ATTACK_VOCAB,True,True
97,"CozyDuke is a highly versatile, modular, malware ""platform"" ",apt29,True,TA0011,T1105,LOW,0.007123,6,malware,0.203558,0.4652,MEDIUM,ATTACK_VOCAB,True,True
97,"CozyDuke is a highly versatile, modular, malware ""platform"" ",apt29,True,TA0011,T1105,LOW,0.007123,7,"""platform""",0.198729,0.4541,MEDIUM,ATTACK_VOCAB,True,True
97,"CozyDuke is a highly versatile, modular, malware ""platform"" ",apt29,True,TA0011,T1105,LOW,0.007123,8,whose,0.084744,0.1937,LOW,ATTACK_VOCAB,True,True
97,"CozyDuke is a highly versatile, modular, malware ""platform"" ",apt29,True,TA0011,T1105,LOW,0.007123,9,functionality,0.155726,0.3559,MEDIUM,ATTACK_VOCAB,True,True
97,"CozyDuke is a highly versatile, modular, malware ""platform"" ",apt29,True,TA0011,T1105,LOW,0.007123,10,lies,0.112302,0.2566,MEDIUM,OTHER,False,False
97,"CozyDuke is a highly versatile, modular, malware ""platform"" ",apt29,True,TA0011,T1105,LOW,0.007123,11,not,0.134556,0.3075,MEDIUM,STOPWORD,False,False
97,"CozyDuke is a highly versatile, modular, malware ""platform"" ",apt29,True,TA0011,T1105,LOW,0.007123,12,in,0.081466,0.1862,LOW,STOPWORD,False,False
97,"CozyDuke is a highly versatile, modular, malware ""platform"" ",apt29,True,TA0011,T1105,LOW,0.007123,13,a,0.105497,0.2411,MEDIUM,STOPWORD,False,False
97,"CozyDuke is a highly versatile, modular, malware ""platform"" ",apt29,True,TA0011,T1105,LOW,0.007123,14,single,0.093966,0.2147,MEDIUM,ATTACK_VOCAB,True,True
97,"CozyDuke is a highly versatile, modular, malware ""platform"" ",apt29,True,TA0011,T1105,LOW,0.007123,15,core,0.138536,0.3166,MEDIUM,ATTACK_VOCAB,True,True
97,"CozyDuke is a highly versatile, modular, malware ""platform"" ",apt29,True,TA0011,T1105,LOW,0.007123,16,component,0.100832,0.2304,MEDIUM,ATTACK_VOCAB,True,True
97,"CozyDuke is a highly versatile, modular, malware ""platform"" ",apt29,True,TA0011,T1105,LOW,0.007123,17,but,0.192763,0.4405,MEDIUM,STOPWORD,False,False
97,"CozyDuke is a highly versatile, modular, malware ""platform"" ",apt29,True,TA0011,T1105,LOW,0.007123,18,in,0.119148,0.2723,MEDIUM,STOPWORD,False,False
97,"CozyDuke is a highly versatile, modular, malware ""platform"" ",apt29,True,TA0011,T1105,LOW,0.007123,19,an,0.140615,0.3213,MEDIUM,STOPWORD,False,False
97,"CozyDuke is a highly versatile, modular, malware ""platform"" ",apt29,True,TA0011,T1105,LOW,0.007123,20,array,0.132737,0.3033,MEDIUM,ATTACK_VOCAB,True,True
97,"CozyDuke is a highly versatile, modular, malware ""platform"" ",apt29,True,TA0011,T1105,LOW,0.007123,21,of,0.131437,0.3004,MEDIUM,STOPWORD,False,False
97,"CozyDuke is a highly versatile, modular, malware ""platform"" ",apt29,True,TA0011,T1105,LOW,0.007123,22,modules,0.193441,0.442,MEDIUM,ATTACK_VOCAB,True,True
97,"CozyDuke is a highly versatile, modular, malware ""platform"" ",apt29,True,TA0011,T1105,LOW,0.007123,23,that,0.165056,0.3772,MEDIUM,STOPWORD,False,False
97,"CozyDuke is a highly versatile, modular, malware ""platform"" ",apt29,True,TA0011,T1105,LOW,0.007123,24,it,0.146056,0.3338,MEDIUM,STOPWORD,False,False
97,"CozyDuke is a highly versatile, modular, malware ""platform"" ",apt29,True,TA0011,T1105,LOW,0.007123,25,may,0.146208,0.3341,MEDIUM,STOPWORD,False,False
97,"CozyDuke is a highly versatile, modular, malware ""platform"" ",apt29,True,TA0011,T1105,LOW,0.007123,26,be,0.172253,0.3936,MEDIUM,STOPWORD,False,False
97,"CozyDuke is a highly versatile, modular, malware ""platform"" ",apt29,True,TA0011,T1105,LOW,0.007123,27,instructed,0.4376,1.0,HIGH,ATTACK_VOCAB,True,True
97,"CozyDuke is a highly versatile, modular, malware ""platform"" ",apt29,True,TA0011,T1105,LOW,0.007123,28,to,-0.069599,-0.159,LOW,STOPWORD,False,False
97,"CozyDuke is a highly versatile, modular, malware ""platform"" ",apt29,True,TA0011,T1105,LOW,0.007123,29,download,-0.318999,-0.729,HIGH,ATTACK_VOCAB,True,True
97,"CozyDuke is a highly versatile, modular, malware ""platform"" ",apt29,True,TA0011,T1105,LOW,0.007123,30,from,0.092311,0.2109,MEDIUM,STOPWORD,False,False
97,"CozyDuke is a highly versatile, modular, malware ""platform"" ",apt29,True,TA0011,T1105,LOW,0.007123,31,its,0.160192,0.3661,MEDIUM,STOPWORD,False,False
97,"CozyDuke is a highly versatile, modular, malware ""platform"" ",apt29,True,TA0011,T1105,LOW,0.007123,32,C&C,0.348424,0.7962,HIGH,ATTACK_VOCAB,True,False
97,"CozyDuke is a highly versatile, modular, malware ""platform"" ",apt29,True,TA0011,T1105,LOW,0.007123,33,server.,0.151045,0.3452,MEDIUM,ATTACK_VOCAB,True,True
97,"CozyDuke is a highly versatile, modular, malware ""platform"" ",apt29,True,TA0011,T1105,LOW,0.007123,34,These,0.166403,0.3803,MEDIUM,STOPWORD,False,False
97,"CozyDuke is a highly versatile, modular, malware ""platform"" ",apt29,True,TA0011,T1105,LOW,0.007123,35,modules,0.271626,0.6207,HIGH,ATTACK_VOCAB,True,True
97,"CozyDuke is a highly versatile, modular, malware ""platform"" ",apt29,True,TA0011,T1105,LOW,0.007123,36,are,0.160258,0.3662,MEDIUM,STOPWORD,False,False
97,"CozyDuke is a highly versatile, modular, malware ""platform"" ",apt29,True,TA0011,T1105,LOW,0.007123,37,used,0.176805,0.404,MEDIUM,ATTACK_VOCAB,True,True
97,"CozyDuke is a highly versatile, modular, malware ""platform"" ",apt29,True,TA0011,T1105,LOW,0.007123,38,to,0.15602,0.3565,MEDIUM,STOPWORD,False,False
97,"CozyDuke is a highly versatile, modular, malware ""platform"" ",apt29,True,TA0011,T1105,LOW,0.007123,39,selectively,0.161422,0.3689,MEDIUM,ATTACK_VOCAB,True,False
97,"CozyDuke is a highly versatile, modular, malware ""platform"" ",apt29,True,TA0011,T1105,LOW,0.007123,40,provide,0.114231,0.261,MEDIUM,ATTACK_VOCAB,True,True
97,"CozyDuke is a highly versatile, modular, malware ""platform"" ",apt29,True,TA0011,T1105,LOW,0.007123,41,CozyDuke,0.166125,0.3796,MEDIUM,ATTACK_VOCAB,True,True
97,"CozyDuke is a highly versatile, modular, malware ""platform"" ",apt29,True,TA0011,T1105,LOW,0.007123,42,with,0.10394,0.2375,MEDIUM,STOPWORD,False,False
97,"CozyDuke is a highly versatile, modular, malware ""platform"" ",apt29,True,TA0011,T1105,LOW,0.007123,43,just,0.148727,0.3399,MEDIUM,ATTACK_VOCAB,True,True
97,"CozyDuke is a highly versatile, modular, malware ""platform"" ",apt29,True,TA0011,T1105,LOW,0.007123,44,the,0.09842,0.2249,MEDIUM,STOPWORD,False,False
97,"CozyDuke is a highly versatile, modular, malware ""platform"" ",apt29,True,TA0011,T1105,LOW,0.007123,45,functionality,0.167691,0.3832,MEDIUM,ATTACK_VOCAB,True,True
97,"CozyDuke is a highly versatile, modular, malware ""platform"" ",apt29,True,TA0011,T1105,LOW,0.007123,46,deemed,0.127812,0.2921,MEDIUM,ATTACK_VOCAB,True,False
97,"CozyDuke is a highly versatile, modular, malware ""platform"" ",apt29,True,TA0011,T1105,LOW,0.007123,47,necessary,0.121441,0.2775,MEDIUM,ATTACK_VOCAB,True,True
97,"CozyDuke is a highly versatile, modular, malware ""platform"" ",apt29,True,TA0011,T1105,LOW,0.007123,48,for,0.157341,0.3596,MEDIUM,STOPWORD,False,False
97,"CozyDuke is a highly versatile, modular, malware ""platform"" ",apt29,True,TA0011,T1105,LOW,0.007123,49,the,0.116238,0.2656,MEDIUM,STOPWORD,False,False
97,"CozyDuke is a highly versatile, modular, malware ""platform"" ",apt29,True,TA0011,T1105,LOW,0.007123,50,mission,0.086967,0.1987,LOW,OTHER,False,False
97,"CozyDuke is a highly versatile, modular, malware ""platform"" ",apt29,True,TA0011,T1105,LOW,0.007123,51,at,0.168396,0.3848,MEDIUM,STOPWORD,False,False
97,"CozyDuke is a highly versatile, modular, malware ""platform"" ",apt29,True,TA0011,T1105,LOW,0.007123,52,hand.,0.228764,0.5228,HIGH,ATTACK_VOCAB,True,False
98,Overwrites an existing service to point to the backdoor so t,sandworm,True,TA0003,TA0003,HIGH,1.514845,0,Overwrites,-0.594834,-0.4152,MEDIUM,ATTACK_VOCAB,True,True
98,Overwrites an existing service to point to the backdoor so t,sandworm,True,TA0003,TA0003,HIGH,1.514845,1,an,0.072762,0.0508,LOW,STOPWORD,False,False
98,Overwrites an existing service to point to the backdoor so t,sandworm,True,TA0003,TA0003,HIGH,1.514845,2,existing,-0.034113,-0.0238,NONE,ATTACK_VOCAB,True,True
98,Overwrites an existing service to point to the backdoor so t,sandworm,True,TA0003,TA0003,HIGH,1.514845,3,service,-0.055923,-0.039,NONE,ATTACK_VOCAB,True,True
98,Overwrites an existing service to point to the backdoor so t,sandworm,True,TA0003,TA0003,HIGH,1.514845,4,to,0.021,0.0147,NONE,STOPWORD,False,False
98,Overwrites an existing service to point to the backdoor so t,sandworm,True,TA0003,TA0003,HIGH,1.514845,5,point,0.061428,0.0429,NONE,ATTACK_VOCAB,True,True
98,Overwrites an existing service to point to the backdoor so t,sandworm,True,TA0003,TA0003,HIGH,1.514845,6,to,0.051054,0.0356,NONE,STOPWORD,False,False
98,Overwrites an existing service to point to the backdoor so t,sandworm,True,TA0003,TA0003,HIGH,1.514845,7,the,0.076668,0.0535,LOW,STOPWORD,False,False
98,Overwrites an existing service to point to the backdoor so t,sandworm,True,TA0003,TA0003,HIGH,1.514845,8,backdoor,-0.506544,-0.3536,MEDIUM,ATTACK_VOCAB,True,True
98,Overwrites an existing service to point to the backdoor so t,sandworm,True,TA0003,TA0003,HIGH,1.514845,9,so,-0.021004,-0.0147,NONE,STOPWORD,False,False
98,Overwrites an existing service to point to the backdoor so t,sandworm,True,TA0003,TA0003,HIGH,1.514845,10,the,0.036543,0.0255,NONE,STOPWORD,False,False
98,Overwrites an existing service to point to the backdoor so t,sandworm,True,TA0003,TA0003,HIGH,1.514845,11,malware,0.041152,0.0287,NONE,ATTACK_VOCAB,True,True
98,Overwrites an existing service to point to the backdoor so t,sandworm,True,TA0003,TA0003,HIGH,1.514845,12,persists,1.432549,1.0,HIGH,OTHER,False,False
98,Overwrites an existing service to point to the backdoor so t,sandworm,True,TA0003,TA0003,HIGH,1.514845,13,between,0.018531,0.0129,NONE,STOPWORD,False,False
98,Overwrites an existing service to point to the backdoor so t,sandworm,True,TA0003,TA0003,HIGH,1.514845,14,reboots,-0.51351,-0.3585,MEDIUM,ATTACK_VOCAB,True,False
99,"PowerShell commands with base64 encoding,",fin6,False,TA0011,TA0002,HIGH,0.455203,0,PowerShell,0.333557,0.3854,MEDIUM,ATTACK_VOCAB,True,True
99,"PowerShell commands with base64 encoding,",fin6,False,TA0011,TA0002,HIGH,0.455203,1,commands,0.86553,1.0,HIGH,ATTACK_VOCAB,True,True
99,"PowerShell commands with base64 encoding,",fin6,False,TA0011,TA0002,HIGH,0.455203,2,with,0.227085,0.2624,MEDIUM,STOPWORD,False,False
99,"PowerShell commands with base64 encoding,",fin6,False,TA0011,TA0002,HIGH,0.455203,3,base64,-0.083344,-0.0963,LOW,ATTACK_VOCAB,True,True
99,"PowerShell commands with base64 encoding,",fin6,False,TA0011,TA0002,HIGH,0.455203,4,"encoding,",0.019011,0.022,NONE,ATTACK_VOCAB,True,True
100,FIN7 incorporated and adapted the notorious Carbanak,fin7,True,S0030,TA0011,HIGH,1.110763,0,FIN7,-0.367476,-0.0524,LOW,ACTOR_NAME,True,True
100,FIN7 incorporated and adapted the notorious Carbanak,fin7,True,S0030,TA0011,HIGH,1.110763,1,incorporated,-0.189116,-0.027,NONE,ATTACK_VOCAB,True,True
100,FIN7 incorporated and adapted the notorious Carbanak,fin7,True,S0030,TA0011,HIGH,1.110763,2,and,-0.091575,-0.0131,NONE,STOPWORD,False,False
100,FIN7 incorporated and adapted the notorious Carbanak,fin7,True,S0030,TA0011,HIGH,1.110763,3,adapted,-0.487333,-0.0695,LOW,OTHER,False,False
100,FIN7 incorporated and adapted the notorious Carbanak,fin7,True,S0030,TA0011,HIGH,1.110763,4,the,-0.182373,-0.026,NONE,STOPWORD,False,False
100,FIN7 incorporated and adapted the notorious Carbanak,fin7,True,S0030,TA0011,HIGH,1.110763,5,notorious,-0.601935,-0.0858,LOW,ATTACK_VOCAB,True,False
100,FIN7 incorporated and adapted the notorious Carbanak,fin7,True,S0030,TA0011,HIGH,1.110763,6,Carbanak,7.011778,1.0,HIGH,ACTOR_NAME,True,True
101,Stealing data from clipboard,apt29,True,T1115,TA0009,HIGH,0.427792,0,Stealing,-1.128014,-0.1242,LOW,ATTACK_VOCAB,True,True
101,Stealing data from clipboard,apt29,True,T1115,TA0009,HIGH,0.427792,1,data,2.479187,0.273,MEDIUM,ATTACK_VOCAB,True,True
101,Stealing data from clipboard,apt29,True,T1115,TA0009,HIGH,0.427792,2,from,-0.510003,-0.0562,LOW,STOPWORD,False,False
101,Stealing data from clipboard,apt29,True,T1115,TA0009,HIGH,0.427792,3,clipboard,9.0821,1.0,HIGH,ATTACK_VOCAB,True,True
102,VBScripts.,oilrig,True,T1059.005,TA0002,HIGH,0.755772,0,VBScripts.,0.0,0.0,NONE,OTHER,False,False
103,Reconnaissance of the network is conducted using standard Wi,wizardspider,True,TA0007,TA0007,HIGH,3.074869,0,Reconnaissance,2.458279,1.0,HIGH,ATTACK_VOCAB,True,True
103,Reconnaissance of the network is conducted using standard Wi,wizardspider,True,TA0007,TA0007,HIGH,3.074869,1,of,0.17552,0.0714,LOW,STOPWORD,False,False
103,Reconnaissance of the network is conducted using standard Wi,wizardspider,True,TA0007,TA0007,HIGH,3.074869,2,the,-0.140938,-0.0573,LOW,STOPWORD,False,False
103,Reconnaissance of the network is conducted using standard Wi,wizardspider,True,TA0007,TA0007,HIGH,3.074869,3,network,-0.467091,-0.19,LOW,ATTACK_VOCAB,True,True
103,Reconnaissance of the network is conducted using standard Wi,wizardspider,True,TA0007,TA0007,HIGH,3.074869,4,is,-0.623354,-0.2536,MEDIUM,STOPWORD,False,False
103,Reconnaissance of the network is conducted using standard Wi,wizardspider,True,TA0007,TA0007,HIGH,3.074869,5,conducted,0.362954,0.1476,LOW,ATTACK_VOCAB,True,True
103,Reconnaissance of the network is conducted using standard Wi,wizardspider,True,TA0007,TA0007,HIGH,3.074869,6,using,-0.769498,-0.313,MEDIUM,ATTACK_VOCAB,True,True
103,Reconnaissance of the network is conducted using standard Wi,wizardspider,True,TA0007,TA0007,HIGH,3.074869,7,standard,-0.209549,-0.0852,LOW,ATTACK_VOCAB,True,True
103,Reconnaissance of the network is conducted using standard Wi,wizardspider,True,TA0007,TA0007,HIGH,3.074869,8,Windows,-0.231536,-0.0942,LOW,ATTACK_VOCAB,True,True
103,Reconnaissance of the network is conducted using standard Wi,wizardspider,True,TA0007,TA0007,HIGH,3.074869,9,command,-0.338126,-0.1375,LOW,ATTACK_VOCAB,True,True
103,Reconnaissance of the network is conducted using standard Wi,wizardspider,True,TA0007,TA0007,HIGH,3.074869,10,line,-0.479217,-0.1949,LOW,ATTACK_VOCAB,True,True
103,Reconnaissance of the network is conducted using standard Wi,wizardspider,True,TA0007,TA0007,HIGH,3.074869,11,tools,-0.346738,-0.141,LOW,ATTACK_VOCAB,True,True
103,Reconnaissance of the network is conducted using standard Wi,wizardspider,True,TA0007,TA0007,HIGH,3.074869,12,along,-0.372521,-0.1515,LOW,ATTACK_VOCAB,True,True
103,Reconnaissance of the network is conducted using standard Wi,wizardspider,True,TA0007,TA0007,HIGH,3.074869,13,with,-0.414291,-0.1685,LOW,STOPWORD,False,False
103,Reconnaissance of the network is conducted using standard Wi,wizardspider,True,TA0007,TA0007,HIGH,3.074869,14,external,-0.366202,-0.149,LOW,ATTACK_VOCAB,True,True
103,Reconnaissance of the network is conducted using standard Wi,wizardspider,True,TA0007,TA0007,HIGH,3.074869,15,uploaded,-0.749201,-0.3048,MEDIUM,ATTACK_VOCAB,True,True
103,Reconnaissance of the network is conducted using standard Wi,wizardspider,True,TA0007,TA0007,HIGH,3.074869,16,tools,-0.224405,-0.0913,LOW,ATTACK_VOCAB,True,True
104,a second layer VBScript payload in the victim's system.,carbanak,True,TA0002,TA0002,HIGH,1.006459,0,a,0.180727,0.2447,MEDIUM,STOPWORD,False,False
104,a second layer VBScript payload in the victim's system.,carbanak,True,TA0002,TA0002,HIGH,1.006459,1,second,0.425098,0.5756,HIGH,ATTACK_VOCAB,True,True
104,a second layer VBScript payload in the victim's system.,carbanak,True,TA0002,TA0002,HIGH,1.006459,2,layer,-0.490097,-0.6637,HIGH,ATTACK_VOCAB,True,True
104,a second layer VBScript payload in the victim's system.,carbanak,True,TA0002,TA0002,HIGH,1.006459,3,VBScript,0.577981,0.7827,HIGH,ATTACK_VOCAB,True,True
104,a second layer VBScript payload in the victim's system.,carbanak,True,TA0002,TA0002,HIGH,1.006459,4,payload,0.738487,1.0,HIGH,ATTACK_VOCAB,True,True
104,a second layer VBScript payload in the victim's system.,carbanak,True,TA0002,TA0002,HIGH,1.006459,5,in,-0.17198,-0.2329,MEDIUM,STOPWORD,False,False
104,a second layer VBScript payload in the victim's system.,carbanak,True,TA0002,TA0002,HIGH,1.006459,6,the,0.069039,0.0935,LOW,STOPWORD,False,False
104,a second layer VBScript payload in the victim's system.,carbanak,True,TA0002,TA0002,HIGH,1.006459,7,victim's,0.023742,0.0321,NONE,ATTACK_VOCAB,True,True
104,a second layer VBScript payload in the victim's system.,carbanak,True,TA0002,TA0002,HIGH,1.006459,8,system.,0.006812,0.0092,NONE,ATTACK_VOCAB,True,True
105,Screenshot (save screenshot as screenshot.png),carbanak,True,T1113,TA0009,HIGH,2.813576,0,Screenshot,-0.035963,-0.1014,LOW,ATTACK_VOCAB,True,True
105,Screenshot (save screenshot as screenshot.png),carbanak,True,T1113,TA0009,HIGH,2.813576,1,(save,0.354654,1.0,HIGH,ATTACK_VOCAB,True,True
105,Screenshot (save screenshot as screenshot.png),carbanak,True,T1113,TA0009,HIGH,2.813576,2,screenshot,0.104683,0.2952,MEDIUM,ATTACK_VOCAB,True,True
105,Screenshot (save screenshot as screenshot.png),carbanak,True,T1113,TA0009,HIGH,2.813576,3,as,0.09265,0.2612,MEDIUM,STOPWORD,False,False
105,Screenshot (save screenshot as screenshot.png),carbanak,True,T1113,TA0009,HIGH,2.813576,4,screenshot.png),-0.198228,-0.5589,HIGH,OTHER,False,False
106,"keylogger,",apt29,True,T1056.001,T1056.001,HIGH,2.138921,0,"keylogger,",0.0,0.0,NONE,ATTACK_VOCAB,True,True
107,it uses the following WMI query to get the IP address of the,oilrig,True,TA0007,TA0007,HIGH,1.593513,0,it,0.008529,0.0061,NONE,STOPWORD,False,False
107,it uses the following WMI query to get the IP address of the,oilrig,True,TA0007,TA0007,HIGH,1.593513,1,uses,-0.23648,-0.1688,LOW,ATTACK_VOCAB,True,True
107,it uses the following WMI query to get the IP address of the,oilrig,True,TA0007,TA0007,HIGH,1.593513,2,the,0.158576,0.1132,LOW,STOPWORD,False,False
107,it uses the following WMI query to get the IP address of the,oilrig,True,TA0007,TA0007,HIGH,1.593513,3,following,0.156883,0.112,LOW,ATTACK_VOCAB,True,True
107,it uses the following WMI query to get the IP address of the,oilrig,True,TA0007,TA0007,HIGH,1.593513,4,WMI,-0.422853,-0.3018,MEDIUM,ATTACK_VOCAB,True,True
107,it uses the following WMI query to get the IP address of the,oilrig,True,TA0007,TA0007,HIGH,1.593513,5,query,1.401245,1.0,HIGH,ATTACK_VOCAB,True,True
107,it uses the following WMI query to get the IP address of the,oilrig,True,TA0007,TA0007,HIGH,1.593513,6,to,0.39017,0.2784,MEDIUM,STOPWORD,False,False
107,it uses the following WMI query to get the IP address of the,oilrig,True,TA0007,TA0007,HIGH,1.593513,7,get,0.871347,0.6218,HIGH,ATTACK_VOCAB,True,True
107,it uses the following WMI query to get the IP address of the,oilrig,True,TA0007,TA0007,HIGH,1.593513,8,the,0.368436,0.2629,MEDIUM,STOPWORD,False,False
107,it uses the following WMI query to get the IP address of the,oilrig,True,TA0007,TA0007,HIGH,1.593513,9,IP,0.015278,0.0109,NONE,ATTACK_VOCAB,True,True
107,it uses the following WMI query to get the IP address of the,oilrig,True,TA0007,TA0007,HIGH,1.593513,10,address,0.759638,0.5421,HIGH,ATTACK_VOCAB,True,True
107,it uses the following WMI query to get the IP address of the,oilrig,True,TA0007,TA0007,HIGH,1.593513,11,of,0.229139,0.1635,LOW,STOPWORD,False,False
107,it uses the following WMI query to get the IP address of the,oilrig,True,TA0007,TA0007,HIGH,1.593513,12,the,0.213694,0.1525,LOW,STOPWORD,False,False
107,it uses the following WMI query to get the IP address of the,oilrig,True,TA0007,TA0007,HIGH,1.593513,13,request,0.291563,0.2081,MEDIUM,ATTACK_VOCAB,True,True
108,Many of the spearphishing emails sent by SandWorm contained ,sandworm,True,TA0002,TA0002,HIGH,1.098678,0,Many,0.036294,0.0228,NONE,ATTACK_VOCAB,True,True
108,Many of the spearphishing emails sent by SandWorm contained ,sandworm,True,TA0002,TA0002,HIGH,1.098678,1,of,0.123824,0.0778,LOW,STOPWORD,False,False
108,Many of the spearphishing emails sent by SandWorm contained ,sandworm,True,TA0002,TA0002,HIGH,1.098678,2,the,0.111166,0.0698,LOW,STOPWORD,False,False
108,Many of the spearphishing emails sent by SandWorm contained ,sandworm,True,TA0002,TA0002,HIGH,1.098678,3,spearphishing,0.122488,0.0769,LOW,ATTACK_VOCAB,True,True
108,Many of the spearphishing emails sent by SandWorm contained ,sandworm,True,TA0002,TA0002,HIGH,1.098678,4,emails,0.07505,0.0471,NONE,ATTACK_VOCAB,True,True
108,Many of the spearphishing emails sent by SandWorm contained ,sandworm,True,TA0002,TA0002,HIGH,1.098678,5,sent,-0.035698,-0.0224,NONE,ATTACK_VOCAB,True,True
108,Many of the spearphishing emails sent by SandWorm contained ,sandworm,True,TA0002,TA0002,HIGH,1.098678,6,by,-0.017758,-0.0112,NONE,STOPWORD,False,False
108,Many of the spearphishing emails sent by SandWorm contained ,sandworm,True,TA0002,TA0002,HIGH,1.098678,7,SandWorm,-0.033631,-0.0211,NONE,ACTOR_NAME,True,True
108,Many of the spearphishing emails sent by SandWorm contained ,sandworm,True,TA0002,TA0002,HIGH,1.098678,8,contained,0.085135,0.0535,LOW,ATTACK_VOCAB,True,True
108,Many of the spearphishing emails sent by SandWorm contained ,sandworm,True,TA0002,TA0002,HIGH,1.098678,9,malware-laced,0.298416,0.1874,LOW,OTHER,False,False
108,Many of the spearphishing emails sent by SandWorm contained ,sandworm,True,TA0002,TA0002,HIGH,1.098678,10,documents,0.172757,0.1085,LOW,ATTACK_VOCAB,True,True
108,Many of the spearphishing emails sent by SandWorm contained ,sandworm,True,TA0002,TA0002,HIGH,1.098678,11,that,0.048263,0.0303,NONE,STOPWORD,False,False
108,Many of the spearphishing emails sent by SandWorm contained ,sandworm,True,TA0002,TA0002,HIGH,1.098678,12,required,0.20703,0.13,LOW,ATTACK_VOCAB,True,True
108,Many of the spearphishing emails sent by SandWorm contained ,sandworm,True,TA0002,TA0002,HIGH,1.098678,13,user,-0.086769,-0.0545,LOW,ATTACK_VOCAB,True,True
108,Many of the spearphishing emails sent by SandWorm contained ,sandworm,True,TA0002,TA0002,HIGH,1.098678,14,execution,1.5924,1.0,HIGH,ATTACK_VOCAB,True,True
108,Many of the spearphishing emails sent by SandWorm contained ,sandworm,True,TA0002,TA0002,HIGH,1.098678,15,to,0.190817,0.1198,LOW,STOPWORD,False,False
108,Many of the spearphishing emails sent by SandWorm contained ,sandworm,True,TA0002,TA0002,HIGH,1.098678,16,deploy.,0.071847,0.0451,NONE,ATTACK_VOCAB,True,True
109,The outcome of the action infers that various systems can ei,sandworm,True,TA0040,TA0040,HIGH,2.503286,0,The,-0.032342,-0.052,LOW,STOPWORD,False,False
109,The outcome of the action infers that various systems can ei,sandworm,True,TA0040,TA0040,HIGH,2.503286,1,outcome,0.622475,1.0,HIGH,OTHER,False,False
109,The outcome of the action infers that various systems can ei,sandworm,True,TA0040,TA0040,HIGH,2.503286,2,of,0.123814,0.1989,LOW,STOPWORD,False,False
109,The outcome of the action infers that various systems can ei,sandworm,True,TA0040,TA0040,HIGH,2.503286,3,the,-0.029182,-0.0469,NONE,STOPWORD,False,False
109,The outcome of the action infers that various systems can ei,sandworm,True,TA0040,TA0040,HIGH,2.503286,4,action,0.052055,0.0836,LOW,ATTACK_VOCAB,True,True
109,The outcome of the action infers that various systems can ei,sandworm,True,TA0040,TA0040,HIGH,2.503286,5,infers,-0.301112,-0.4837,MEDIUM,OTHER,False,False
109,The outcome of the action infers that various systems can ei,sandworm,True,TA0040,TA0040,HIGH,2.503286,6,that,-0.031387,-0.0504,LOW,STOPWORD,False,False
109,The outcome of the action infers that various systems can ei,sandworm,True,TA0040,TA0040,HIGH,2.503286,7,various,0.00301,0.0048,NONE,ATTACK_VOCAB,True,True
109,The outcome of the action infers that various systems can ei,sandworm,True,TA0040,TA0040,HIGH,2.503286,8,systems,0.001599,0.0026,NONE,ATTACK_VOCAB,True,True
109,The outcome of the action infers that various systems can ei,sandworm,True,TA0040,TA0040,HIGH,2.503286,9,can,0.02978,0.0478,NONE,STOPWORD,False,False
109,The outcome of the action infers that various systems can ei,sandworm,True,TA0040,TA0040,HIGH,2.503286,10,either,0.014856,0.0239,NONE,ATTACK_VOCAB,True,True
109,The outcome of the action infers that various systems can ei,sandworm,True,TA0040,TA0040,HIGH,2.503286,11,perform,0.0219,0.0352,NONE,ATTACK_VOCAB,True,True
109,The outcome of the action infers that various systems can ei,sandworm,True,TA0040,TA0040,HIGH,2.503286,12,actions,0.031289,0.0503,LOW,ATTACK_VOCAB,True,True
109,The outcome of the action infers that various systems can ei,sandworm,True,TA0040,TA0040,HIGH,2.503286,13,on,0.024358,0.0391,NONE,STOPWORD,False,False
109,The outcome of the action infers that various systems can ei,sandworm,True,TA0040,TA0040,HIGH,2.503286,14,wrong,-0.021545,-0.0346,NONE,OTHER,False,False
109,The outcome of the action infers that various systems can ei,sandworm,True,TA0040,TA0040,HIGH,2.503286,15,information,-0.051201,-0.0823,LOW,ATTACK_VOCAB,True,True
109,The outcome of the action infers that various systems can ei,sandworm,True,TA0040,TA0040,HIGH,2.503286,16,or,-0.000321,-0.0005,NONE,STOPWORD,False,False
109,The outcome of the action infers that various systems can ei,sandworm,True,TA0040,TA0040,HIGH,2.503286,17,report,-0.067795,-0.1089,LOW,ATTACK_VOCAB,True,False
109,The outcome of the action infers that various systems can ei,sandworm,True,TA0040,TA0040,HIGH,2.503286,18,incorrect,-0.093805,-0.1507,LOW,OTHER,False,False
109,The outcome of the action infers that various systems can ei,sandworm,True,TA0040,TA0040,HIGH,2.503286,19,information,-0.070285,-0.1129,LOW,ATTACK_VOCAB,True,True
109,The outcome of the action infers that various systems can ei,sandworm,True,TA0040,TA0040,HIGH,2.503286,20,to,-0.121201,-0.1947,LOW,STOPWORD,False,False
109,The outcome of the action infers that various systems can ei,sandworm,True,TA0040,TA0040,HIGH,2.503286,21,system,-0.008114,-0.013,NONE,ATTACK_VOCAB,True,True
109,The outcome of the action infers that various systems can ei,sandworm,True,TA0040,TA0040,HIGH,2.503286,22,operators.,-0.412715,-0.663,HIGH,ATTACK_VOCAB,True,True
109,The outcome of the action infers that various systems can ei,sandworm,True,TA0040,TA0040,HIGH,2.503286,23,This,-0.056539,-0.0908,LOW,STOPWORD,False,False
109,The outcome of the action infers that various systems can ei,sandworm,True,TA0040,TA0040,HIGH,2.503286,24,Denial,-0.251882,-0.4046,MEDIUM,ATTACK_VOCAB,True,True
109,The outcome of the action infers that various systems can ei,sandworm,True,TA0040,TA0040,HIGH,2.503286,25,of,-0.069642,-0.1119,LOW,STOPWORD,False,False
109,The outcome of the action infers that various systems can ei,sandworm,True,TA0040,TA0040,HIGH,2.503286,26,Visibility,-0.038182,-0.0613,LOW,ATTACK_VOCAB,True,True
109,The outcome of the action infers that various systems can ei,sandworm,True,TA0040,TA0040,HIGH,2.503286,27,will,-0.113123,-0.1817,LOW,STOPWORD,False,False
109,The outcome of the action infers that various systems can ei,sandworm,True,TA0040,TA0040,HIGH,2.503286,28,amplify,-0.390819,-0.6278,HIGH,ATTACK_VOCAB,True,False
109,The outcome of the action infers that various systems can ei,sandworm,True,TA0040,TA0040,HIGH,2.503286,29,misunderstanding,-0.303134,-0.487,MEDIUM,OTHER,False,False
109,The outcome of the action infers that various systems can ei,sandworm,True,TA0040,TA0040,HIGH,2.503286,30,and,0.00979,0.0157,NONE,STOPWORD,False,False
109,The outcome of the action infers that various systems can ei,sandworm,True,TA0040,TA0040,HIGH,2.503286,31,confusion,-0.165029,-0.2651,MEDIUM,ATTACK_VOCAB,True,False
109,The outcome of the action infers that various systems can ei,sandworm,True,TA0040,TA0040,HIGH,2.503286,32,while,-0.183557,-0.2949,MEDIUM,STOPWORD,False,False
109,The outcome of the action infers that various systems can ei,sandworm,True,TA0040,TA0040,HIGH,2.503286,33,system,-0.008756,-0.0141,NONE,ATTACK_VOCAB,True,True
109,The outcome of the action infers that various systems can ei,sandworm,True,TA0040,TA0040,HIGH,2.503286,34,operators,-0.123813,-0.1989,LOW,ATTACK_VOCAB,True,True
109,The outcome of the action infers that various systems can ei,sandworm,True,TA0040,TA0040,HIGH,2.503286,35,troubleshoot,-0.265915,-0.4272,MEDIUM,ATTACK_VOCAB,True,False
109,The outcome of the action infers that various systems can ei,sandworm,True,TA0040,TA0040,HIGH,2.503286,36,the,-0.096356,-0.1548,LOW,STOPWORD,False,False
109,The outcome of the action infers that various systems can ei,sandworm,True,TA0040,TA0040,HIGH,2.503286,37,problem,-0.106828,-0.1716,LOW,ATTACK_VOCAB,True,False
109,The outcome of the action infers that various systems can ei,sandworm,True,TA0040,TA0040,HIGH,2.503286,38,as,-0.070045,-0.1125,LOW,STOPWORD,False,False
109,The outcome of the action infers that various systems can ei,sandworm,True,TA0040,TA0040,HIGH,2.503286,39,their,-0.056316,-0.0905,LOW,STOPWORD,False,False
109,The outcome of the action infers that various systems can ei,sandworm,True,TA0040,TA0040,HIGH,2.503286,40,system,-0.028471,-0.0457,NONE,ATTACK_VOCAB,True,True
109,The outcome of the action infers that various systems can ei,sandworm,True,TA0040,TA0040,HIGH,2.503286,41,view,-0.013671,-0.022,NONE,ATTACK_VOCAB,True,True
109,The outcome of the action infers that various systems can ei,sandworm,True,TA0040,TA0040,HIGH,2.503286,42,will,-0.112361,-0.1805,LOW,STOPWORD,False,False
109,The outcome of the action infers that various systems can ei,sandworm,True,TA0040,TA0040,HIGH,2.503286,43,show,-0.089187,-0.1433,LOW,ATTACK_VOCAB,True,True
109,The outcome of the action infers that various systems can ei,sandworm,True,TA0040,TA0040,HIGH,2.503286,44,breakers,-0.053767,-0.0864,LOW,OTHER,False,False
109,The outcome of the action infers that various systems can ei,sandworm,True,TA0040,TA0040,HIGH,2.503286,45,closed,0.038901,0.0625,LOW,ATTACK_VOCAB,True,True
109,The outcome of the action infers that various systems can ei,sandworm,True,TA0040,TA0040,HIGH,2.503286,46,when,-0.096505,-0.155,LOW,STOPWORD,False,False
109,The outcome of the action infers that various systems can ei,sandworm,True,TA0040,TA0040,HIGH,2.503286,47,they,0.044892,0.0721,LOW,STOPWORD,False,False
109,The outcome of the action infers that various systems can ei,sandworm,True,TA0040,TA0040,HIGH,2.503286,48,are,0.032284,0.0519,LOW,STOPWORD,False,False
109,The outcome of the action infers that various systems can ei,sandworm,True,TA0040,TA0040,HIGH,2.503286,49,open.,-0.385111,-0.6187,HIGH,ATTACK_VOCAB,True,True
110,This movement enabled FIN6 to then inject LockerGoga and Ryu,fin6,True,TA0005,TA0005,HIGH,0.949593,0,This,-0.060166,-0.3285,MEDIUM,STOPWORD,False,False
110,This movement enabled FIN6 to then inject LockerGoga and Ryu,fin6,True,TA0005,TA0005,HIGH,0.949593,1,movement,-0.072612,-0.3964,MEDIUM,ATTACK_VOCAB,True,True
110,This movement enabled FIN6 to then inject LockerGoga and Ryu,fin6,True,TA0005,TA0005,HIGH,0.949593,2,enabled,-0.120893,-0.6601,HIGH,ATTACK_VOCAB,True,True
110,This movement enabled FIN6 to then inject LockerGoga and Ryu,fin6,True,TA0005,TA0005,HIGH,0.949593,3,FIN6,0.136092,0.743,HIGH,ACTOR_NAME,True,True
110,This movement enabled FIN6 to then inject LockerGoga and Ryu,fin6,True,TA0005,TA0005,HIGH,0.949593,4,to,-0.13649,-0.7452,HIGH,STOPWORD,False,False
110,This movement enabled FIN6 to then inject LockerGoga and Ryu,fin6,True,TA0005,TA0005,HIGH,0.949593,5,then,-0.183155,-1.0,HIGH,STOPWORD,False,False
110,This movement enabled FIN6 to then inject LockerGoga and Ryu,fin6,True,TA0005,TA0005,HIGH,0.949593,6,inject,0.099214,0.5417,HIGH,ATTACK_VOCAB,True,True
110,This movement enabled FIN6 to then inject LockerGoga and Ryu,fin6,True,TA0005,TA0005,HIGH,0.949593,7,LockerGoga,-0.112963,-0.6168,HIGH,ATTACK_VOCAB,True,False
110,This movement enabled FIN6 to then inject LockerGoga and Ryu,fin6,True,TA0005,TA0005,HIGH,0.949593,8,and,-0.085864,-0.4688,MEDIUM,STOPWORD,False,False
110,This movement enabled FIN6 to then inject LockerGoga and Ryu,fin6,True,TA0005,TA0005,HIGH,0.949593,9,Ryuk,-0.008706,-0.0475,NONE,ATTACK_VOCAB,True,True
110,This movement enabled FIN6 to then inject LockerGoga and Ryu,fin6,True,TA0005,TA0005,HIGH,0.949593,10,ransomware,0.059011,0.3222,MEDIUM,ATTACK_VOCAB,True,True
111,APT29 has been observed crafting targeted spearphishing camp,apt29,True,T1566.002,T1204.001,HIGH,0.693009,0,APT29,-0.179961,-0.1099,LOW,ACTOR_NAME,True,True
111,APT29 has been observed crafting targeted spearphishing camp,apt29,True,T1566.002,T1204.001,HIGH,0.693009,1,has,-0.010111,-0.0062,NONE,STOPWORD,False,False
111,APT29 has been observed crafting targeted spearphishing camp,apt29,True,T1566.002,T1204.001,HIGH,0.693009,2,been,-0.07251,-0.0443,NONE,STOPWORD,False,False
111,APT29 has been observed crafting targeted spearphishing camp,apt29,True,T1566.002,T1204.001,HIGH,0.693009,3,observed,-0.060546,-0.037,NONE,ATTACK_VOCAB,True,True
111,APT29 has been observed crafting targeted spearphishing camp,apt29,True,T1566.002,T1204.001,HIGH,0.693009,4,crafting,-0.222149,-0.1357,LOW,ATTACK_VOCAB,True,False
111,APT29 has been observed crafting targeted spearphishing camp,apt29,True,T1566.002,T1204.001,HIGH,0.693009,5,targeted,-0.07442,-0.0455,NONE,ATTACK_VOCAB,True,True
111,APT29 has been observed crafting targeted spearphishing camp,apt29,True,T1566.002,T1204.001,HIGH,0.693009,6,spearphishing,0.942151,0.5755,HIGH,ATTACK_VOCAB,True,True
111,APT29 has been observed crafting targeted spearphishing camp,apt29,True,T1566.002,T1204.001,HIGH,0.693009,7,campaigns,-0.098139,-0.0599,LOW,ATTACK_VOCAB,True,True
111,APT29 has been observed crafting targeted spearphishing camp,apt29,True,T1566.002,T1204.001,HIGH,0.693009,8,leveraging,-0.200531,-0.1225,LOW,ATTACK_VOCAB,True,True
111,APT29 has been observed crafting targeted spearphishing camp,apt29,True,T1566.002,T1204.001,HIGH,0.693009,9,web,-0.000702,-0.0004,NONE,ATTACK_VOCAB,True,True
111,APT29 has been observed crafting targeted spearphishing camp,apt29,True,T1566.002,T1204.001,HIGH,0.693009,10,links,1.637194,1.0,HIGH,ATTACK_VOCAB,True,True
111,APT29 has been observed crafting targeted spearphishing camp,apt29,True,T1566.002,T1204.001,HIGH,0.693009,11,to,0.056186,0.0343,NONE,STOPWORD,False,False
111,APT29 has been observed crafting targeted spearphishing camp,apt29,True,T1566.002,T1204.001,HIGH,0.693009,12,a,-0.077449,-0.0473,NONE,STOPWORD,False,False
111,APT29 has been observed crafting targeted spearphishing camp,apt29,True,T1566.002,T1204.001,HIGH,0.693009,13,malicious,0.043841,0.0268,NONE,ATTACK_VOCAB,True,True
111,APT29 has been observed crafting targeted spearphishing camp,apt29,True,T1566.002,T1204.001,HIGH,0.693009,14,dropper,-0.088982,-0.0544,LOW,ATTACK_VOCAB,True,True
112,Graphical User Interface that allows actors to issue command,oilrig,True,TA0011,T1105,HIGH,0.519709,0,Graphical,0.237144,0.1214,LOW,ATTACK_VOCAB,True,True
112,Graphical User Interface that allows actors to issue command,oilrig,True,TA0011,T1105,HIGH,0.519709,1,User,0.071774,0.0367,NONE,ATTACK_VOCAB,True,True
112,Graphical User Interface that allows actors to issue command,oilrig,True,TA0011,T1105,HIGH,0.519709,2,Interface,0.129123,0.0661,LOW,ATTACK_VOCAB,True,True
112,Graphical User Interface that allows actors to issue command,oilrig,True,TA0011,T1105,HIGH,0.519709,3,that,0.077513,0.0397,NONE,STOPWORD,False,False
112,Graphical User Interface that allows actors to issue command,oilrig,True,TA0011,T1105,HIGH,0.519709,4,allows,0.054473,0.0279,NONE,ATTACK_VOCAB,True,True
112,Graphical User Interface that allows actors to issue command,oilrig,True,TA0011,T1105,HIGH,0.519709,5,actors,-0.176816,-0.0905,LOW,ATTACK_VOCAB,True,True
112,Graphical User Interface that allows actors to issue command,oilrig,True,TA0011,T1105,HIGH,0.519709,6,to,0.062847,0.0322,NONE,STOPWORD,False,False
112,Graphical User Interface that allows actors to issue command,oilrig,True,TA0011,T1105,HIGH,0.519709,7,issue,-0.043031,-0.022,NONE,ATTACK_VOCAB,True,True
112,Graphical User Interface that allows actors to issue command,oilrig,True,TA0011,T1105,HIGH,0.519709,8,"commands,",1.954041,1.0,HIGH,ATTACK_VOCAB,True,True
112,Graphical User Interface that allows actors to issue command,oilrig,True,TA0011,T1105,HIGH,0.519709,9,upload,-0.493032,-0.2523,MEDIUM,ATTACK_VOCAB,True,True
112,Graphical User Interface that allows actors to issue command,oilrig,True,TA0011,T1105,HIGH,0.519709,10,and,0.045245,0.0232,NONE,STOPWORD,False,False
112,Graphical User Interface that allows actors to issue command,oilrig,True,TA0011,T1105,HIGH,0.519709,11,download,-0.417077,-0.2134,MEDIUM,ATTACK_VOCAB,True,True
112,Graphical User Interface that allows actors to issue command,oilrig,True,TA0011,T1105,HIGH,0.519709,12,files,-0.238694,-0.1222,LOW,ATTACK_VOCAB,True,True
112,Graphical User Interface that allows actors to issue command,oilrig,True,TA0011,T1105,HIGH,0.519709,13,to,-0.158732,-0.0812,LOW,STOPWORD,False,False
112,Graphical User Interface that allows actors to issue command,oilrig,True,TA0011,T1105,HIGH,0.519709,14,Agents,-0.152464,-0.078,LOW,ATTACK_VOCAB,True,True
112,Graphical User Interface that allows actors to issue command,oilrig,True,TA0011,T1105,HIGH,0.519709,15,via,-0.099797,-0.0511,LOW,STOPWORD,False,False
112,Graphical User Interface that allows actors to issue command,oilrig,True,TA0011,T1105,HIGH,0.519709,16,the,0.007903,0.004,NONE,STOPWORD,False,False
112,Graphical User Interface that allows actors to issue command,oilrig,True,TA0011,T1105,HIGH,0.519709,17,Server,-0.043371,-0.0222,NONE,ATTACK_VOCAB,True,True
113,Microsoft Excel macros,oilrig,True,TA0002,TA0002,HIGH,1.849623,0,Microsoft,-0.126304,-0.2985,MEDIUM,ATTACK_VOCAB,True,True
113,Microsoft Excel macros,oilrig,True,TA0002,TA0002,HIGH,1.849623,1,Excel,0.273958,0.6474,HIGH,ATTACK_VOCAB,True,True
113,Microsoft Excel macros,oilrig,True,TA0002,TA0002,HIGH,1.849623,2,macros,-0.423159,-1.0,HIGH,ATTACK_VOCAB,True,True
114,The combined script from Word textbox drops the following co,fin7,True,T1204,TA0002,HIGH,1.742601,0,The,0.010685,0.0134,NONE,STOPWORD,False,False
114,The combined script from Word textbox drops the following co,fin7,True,T1204,TA0002,HIGH,1.742601,1,combined,0.068429,0.0858,LOW,ATTACK_VOCAB,True,True
114,The combined script from Word textbox drops the following co,fin7,True,T1204,TA0002,HIGH,1.742601,2,script,0.797297,1.0,HIGH,ATTACK_VOCAB,True,True
114,The combined script from Word textbox drops the following co,fin7,True,T1204,TA0002,HIGH,1.742601,3,from,0.167577,0.2102,MEDIUM,STOPWORD,False,False
114,The combined script from Word textbox drops the following co,fin7,True,T1204,TA0002,HIGH,1.742601,4,Word,0.015125,0.019,NONE,ATTACK_VOCAB,True,True
114,The combined script from Word textbox drops the following co,fin7,True,T1204,TA0002,HIGH,1.742601,5,textbox,0.048176,0.0604,LOW,OTHER,False,False
114,The combined script from Word textbox drops the following co,fin7,True,T1204,TA0002,HIGH,1.742601,6,drops,0.281708,0.3533,MEDIUM,OTHER,False,True
114,The combined script from Word textbox drops the following co,fin7,True,T1204,TA0002,HIGH,1.742601,7,the,0.089196,0.1119,LOW,STOPWORD,False,False
114,The combined script from Word textbox drops the following co,fin7,True,T1204,TA0002,HIGH,1.742601,8,following,0.07757,0.0973,LOW,ATTACK_VOCAB,True,True
114,The combined script from Word textbox drops the following co,fin7,True,T1204,TA0002,HIGH,1.742601,9,components:,0.022257,0.0279,NONE,ATTACK_VOCAB,True,True
114,The combined script from Word textbox drops the following co,fin7,True,T1204,TA0002,HIGH,1.742601,10,\Users\,0.131187,0.1645,LOW,ATTACK_VOCAB,True,True
114,The combined script from Word textbox drops the following co,fin7,True,T1204,TA0002,HIGH,1.742601,11,[user_name]\Intel\58d2a83f7778d5.36783181.v,0.107182,0.1344,LOW,OTHER,False,False
114,The combined script from Word textbox drops the following co,fin7,True,T1204,TA0002,HIGH,1.742601,12,bs,0.002188,0.0027,NONE,OTHER,False,False
114,The combined script from Word textbox drops the following co,fin7,True,T1204,TA0002,HIGH,1.742601,13,\Users\,0.111587,0.14,LOW,ATTACK_VOCAB,True,True
114,The combined script from Word textbox drops the following co,fin7,True,T1204,TA0002,HIGH,1.742601,14,[user_name]\Intel\58d2a83f777942.26535794.,0.045508,0.0571,LOW,OTHER,False,False
114,The combined script from Word textbox drops the following co,fin7,True,T1204,TA0002,HIGH,1.742601,15,ps1,-0.071458,-0.0896,LOW,ATTACK_VOCAB,True,True
114,The combined script from Word textbox drops the following co,fin7,True,T1204,TA0002,HIGH,1.742601,16,\Users\,0.117321,0.1471,LOW,ATTACK_VOCAB,True,True
114,The combined script from Word textbox drops the following co,fin7,True,T1204,TA0002,HIGH,1.742601,17,[user_name]\Intel\58d2a83f777908.23270411.v,0.098584,0.1236,LOW,OTHER,False,False
114,The combined script from Word textbox drops the following co,fin7,True,T1204,TA0002,HIGH,1.742601,18,bs,0.07642,0.0958,LOW,OTHER,False,False
115,Key logger,carbanak,True,T1056.001,S0030,HIGH,1.028021,0,Key,4.877129,1.0,HIGH,ATTACK_VOCAB,True,True
115,Key logger,carbanak,True,T1056.001,S0030,HIGH,1.028021,1,logger,2.82464,0.5792,HIGH,ATTACK_VOCAB,True,False
116,"Once loaded, `DWrite.dll` connects to a hard-coded IP and po",fin7,True,TA0011,T1071,MEDIUM,0.139216,0,Once,0.113905,0.1806,LOW,ATTACK_VOCAB,True,True
116,"Once loaded, `DWrite.dll` connects to a hard-coded IP and po",fin7,True,TA0011,T1071,MEDIUM,0.139216,1,"loaded,",0.04312,0.0684,LOW,ATTACK_VOCAB,True,True
116,"Once loaded, `DWrite.dll` connects to a hard-coded IP and po",fin7,True,TA0011,T1071,MEDIUM,0.139216,2,`DWrite.dll`,-0.630737,-1.0,HIGH,OTHER,False,False
116,"Once loaded, `DWrite.dll` connects to a hard-coded IP and po",fin7,True,TA0011,T1071,MEDIUM,0.139216,3,connects,0.532023,0.8435,HIGH,ATTACK_VOCAB,True,True
116,"Once loaded, `DWrite.dll` connects to a hard-coded IP and po",fin7,True,TA0011,T1071,MEDIUM,0.139216,4,to,-0.034922,-0.0554,LOW,STOPWORD,False,False
116,"Once loaded, `DWrite.dll` connects to a hard-coded IP and po",fin7,True,TA0011,T1071,MEDIUM,0.139216,5,a,0.069074,0.1095,LOW,STOPWORD,False,False
116,"Once loaded, `DWrite.dll` connects to a hard-coded IP and po",fin7,True,TA0011,T1071,MEDIUM,0.139216,6,hard-coded,-0.506366,-0.8028,HIGH,ATTACK_VOCAB,True,True
116,"Once loaded, `DWrite.dll` connects to a hard-coded IP and po",fin7,True,TA0011,T1071,MEDIUM,0.139216,7,IP,-0.227278,-0.3603,MEDIUM,ATTACK_VOCAB,True,True
116,"Once loaded, `DWrite.dll` connects to a hard-coded IP and po",fin7,True,TA0011,T1071,MEDIUM,0.139216,8,and,-0.223963,-0.3551,MEDIUM,STOPWORD,False,False
116,"Once loaded, `DWrite.dll` connects to a hard-coded IP and po",fin7,True,TA0011,T1071,MEDIUM,0.139216,9,po#,-0.069712,-0.1105,LOW,OTHER,False,False
117,The stealer attempts to obtain credentials from LSASS,sandworm,True,TA0006,T1003,HIGH,1.147236,0,The,0.049422,0.014,NONE,STOPWORD,False,False
117,The stealer attempts to obtain credentials from LSASS,sandworm,True,TA0006,T1003,HIGH,1.147236,1,stealer,0.000407,0.0001,NONE,ATTACK_VOCAB,True,True
117,The stealer attempts to obtain credentials from LSASS,sandworm,True,TA0006,T1003,HIGH,1.147236,2,attempts,0.036803,0.0104,NONE,ATTACK_VOCAB,True,True
117,The stealer attempts to obtain credentials from LSASS,sandworm,True,TA0006,T1003,HIGH,1.147236,3,to,0.032601,0.0092,NONE,STOPWORD,False,False
117,The stealer attempts to obtain credentials from LSASS,sandworm,True,TA0006,T1003,HIGH,1.147236,4,obtain,0.158617,0.0448,NONE,ATTACK_VOCAB,True,True
117,The stealer attempts to obtain credentials from LSASS,sandworm,True,TA0006,T1003,HIGH,1.147236,5,credentials,3.541625,1.0,HIGH,ATTACK_VOCAB,True,True
117,The stealer attempts to obtain credentials from LSASS,sandworm,True,TA0006,T1003,HIGH,1.147236,6,from,-0.046861,-0.0132,NONE,STOPWORD,False,False
117,The stealer attempts to obtain credentials from LSASS,sandworm,True,TA0006,T1003,HIGH,1.147236,7,LSASS,-0.202529,-0.0572,LOW,ATTACK_VOCAB,True,True
118,a sample compiled using PyInstaller. This program allows an ,apt29,True,T1027.006,T1027.006,HIGH,1.497036,0,a,0.108947,0.0178,NONE,STOPWORD,False,False
118,a sample compiled using PyInstaller. This program allows an ,apt29,True,T1027.006,T1027.006,HIGH,1.497036,1,sample,0.0512,0.0084,NONE,ATTACK_VOCAB,True,True
118,a sample compiled using PyInstaller. This program allows an ,apt29,True,T1027.006,T1027.006,HIGH,1.497036,2,compiled,0.010463,0.0017,NONE,ATTACK_VOCAB,True,True
118,a sample compiled using PyInstaller. This program allows an ,apt29,True,T1027.006,T1027.006,HIGH,1.497036,3,using,0.088432,0.0145,NONE,ATTACK_VOCAB,True,True
118,a sample compiled using PyInstaller. This program allows an ,apt29,True,T1027.006,T1027.006,HIGH,1.497036,4,PyInstaller.,-0.145544,-0.0238,NONE,ATTACK_VOCAB,True,False
118,a sample compiled using PyInstaller. This program allows an ,apt29,True,T1027.006,T1027.006,HIGH,1.497036,5,This,0.146284,0.0239,NONE,STOPWORD,False,False
118,a sample compiled using PyInstaller. This program allows an ,apt29,True,T1027.006,T1027.006,HIGH,1.497036,6,program,0.121168,0.0198,NONE,ATTACK_VOCAB,True,True
118,a sample compiled using PyInstaller. This program allows an ,apt29,True,T1027.006,T1027.006,HIGH,1.497036,7,allows,0.107352,0.0176,NONE,ATTACK_VOCAB,True,True
118,a sample compiled using PyInstaller. This program allows an ,apt29,True,T1027.006,T1027.006,HIGH,1.497036,8,an,0.070594,0.0116,NONE,STOPWORD,False,False
118,a sample compiled using PyInstaller. This program allows an ,apt29,True,T1027.006,T1027.006,HIGH,1.497036,9,individual,0.057529,0.0094,NONE,ATTACK_VOCAB,True,True
118,a sample compiled using PyInstaller. This program allows an ,apt29,True,T1027.006,T1027.006,HIGH,1.497036,10,to,0.102593,0.0168,NONE,STOPWORD,False,False
118,a sample compiled using PyInstaller. This program allows an ,apt29,True,T1027.006,T1027.006,HIGH,1.497036,11,write,0.058375,0.0096,NONE,ATTACK_VOCAB,True,True
118,a sample compiled using PyInstaller. This program allows an ,apt29,True,T1027.006,T1027.006,HIGH,1.497036,12,a,0.080306,0.0131,NONE,STOPWORD,False,False
118,a sample compiled using PyInstaller. This program allows an ,apt29,True,T1027.006,T1027.006,HIGH,1.497036,13,program,-0.012047,-0.002,NONE,ATTACK_VOCAB,True,True
118,a sample compiled using PyInstaller. This program allows an ,apt29,True,T1027.006,T1027.006,HIGH,1.497036,14,using,0.247372,0.0405,NONE,ATTACK_VOCAB,True,True
118,a sample compiled using PyInstaller. This program allows an ,apt29,True,T1027.006,T1027.006,HIGH,1.497036,15,the,0.046815,0.0077,NONE,STOPWORD,False,False
118,a sample compiled using PyInstaller. This program allows an ,apt29,True,T1027.006,T1027.006,HIGH,1.497036,16,Python,6.11143,1.0,HIGH,ATTACK_VOCAB,True,True
118,a sample compiled using PyInstaller. This program allows an ,apt29,True,T1027.006,T1027.006,HIGH,1.497036,17,scripting,-0.023758,-0.0039,NONE,ATTACK_VOCAB,True,True
118,a sample compiled using PyInstaller. This program allows an ,apt29,True,T1027.006,T1027.006,HIGH,1.497036,18,language,0.108483,0.0178,NONE,ATTACK_VOCAB,True,True
118,a sample compiled using PyInstaller. This program allows an ,apt29,True,T1027.006,T1027.006,HIGH,1.497036,19,and,0.091826,0.015,NONE,STOPWORD,False,False
118,a sample compiled using PyInstaller. This program allows an ,apt29,True,T1027.006,T1027.006,HIGH,1.497036,20,convert,-0.101291,-0.0166,NONE,ATTACK_VOCAB,True,False
118,a sample compiled using PyInstaller. This program allows an ,apt29,True,T1027.006,T1027.006,HIGH,1.497036,21,it,-0.022033,-0.0036,NONE,STOPWORD,False,False
118,a sample compiled using PyInstaller. This program allows an ,apt29,True,T1027.006,T1027.006,HIGH,1.497036,22,into,-0.028124,-0.0046,NONE,STOPWORD,False,False
118,a sample compiled using PyInstaller. This program allows an ,apt29,True,T1027.006,T1027.006,HIGH,1.497036,23,an,-0.021713,-0.0036,NONE,STOPWORD,False,False
118,a sample compiled using PyInstaller. This program allows an ,apt29,True,T1027.006,T1027.006,HIGH,1.497036,24,executable,-0.072467,-0.0119,NONE,ATTACK_VOCAB,True,True
118,a sample compiled using PyInstaller. This program allows an ,apt29,True,T1027.006,T1027.006,HIGH,1.497036,25,for,-0.017756,-0.0029,NONE,STOPWORD,False,False
118,a sample compiled using PyInstaller. This program allows an ,apt29,True,T1027.006,T1027.006,HIGH,1.497036,26,the,-0.025938,-0.0042,NONE,STOPWORD,False,False
118,a sample compiled using PyInstaller. This program allows an ,apt29,True,T1027.006,T1027.006,HIGH,1.497036,27,Microsoft,-0.015285,-0.0025,NONE,ATTACK_VOCAB,True,True
118,a sample compiled using PyInstaller. This program allows an ,apt29,True,T1027.006,T1027.006,HIGH,1.497036,28,"Windows,",-0.041268,-0.0068,NONE,ATTACK_VOCAB,True,True
118,a sample compiled using PyInstaller. This program allows an ,apt29,True,T1027.006,T1027.006,HIGH,1.497036,29,"Linux,",-0.013315,-0.0022,NONE,ATTACK_VOCAB,True,True
118,a sample compiled using PyInstaller. This program allows an ,apt29,True,T1027.006,T1027.006,HIGH,1.497036,30,Mac,-0.051263,-0.0084,NONE,ATTACK_VOCAB,True,True
118,a sample compiled using PyInstaller. This program allows an ,apt29,True,T1027.006,T1027.006,HIGH,1.497036,31,"OSX,",-0.004447,-0.0007,NONE,ATTACK_VOCAB,True,True
118,a sample compiled using PyInstaller. This program allows an ,apt29,True,T1027.006,T1027.006,HIGH,1.497036,32,"Solaris,",0.067114,0.011,NONE,ATTACK_VOCAB,True,False
118,a sample compiled using PyInstaller. This program allows an ,apt29,True,T1027.006,T1027.006,HIGH,1.497036,33,or,-0.050073,-0.0082,NONE,STOPWORD,False,False
118,a sample compiled using PyInstaller. This program allows an ,apt29,True,T1027.006,T1027.006,HIGH,1.497036,34,AIX,-0.003603,-0.0006,NONE,OTHER,False,False
118,a sample compiled using PyInstaller. This program allows an ,apt29,True,T1027.006,T1027.006,HIGH,1.497036,35,platform,-0.049437,-0.0081,NONE,ATTACK_VOCAB,True,True
119,The spear-phishing emails contain attachments,carbanak,True,T1566.001,TA0001,HIGH,3.043129,0,The,0.012131,0.0067,NONE,STOPWORD,False,False
119,The spear-phishing emails contain attachments,carbanak,True,T1566.001,TA0001,HIGH,3.043129,1,spear-phishing,1.80682,1.0,HIGH,ATTACK_VOCAB,True,True
119,The spear-phishing emails contain attachments,carbanak,True,T1566.001,TA0001,HIGH,3.043129,2,emails,-0.075871,-0.042,NONE,ATTACK_VOCAB,True,True
119,The spear-phishing emails contain attachments,carbanak,True,T1566.001,TA0001,HIGH,3.043129,3,contain,-0.273489,-0.1514,LOW,ATTACK_VOCAB,True,True
119,The spear-phishing emails contain attachments,carbanak,True,T1566.001,TA0001,HIGH,3.043129,4,attachments,0.762033,0.4218,MEDIUM,ATTACK_VOCAB,True,True
120,We have observed APT29 use WMI to persist a backdoor and als,apt29,True,TA0003,T1027,HIGH,0.579572,0,We,0.293261,0.0725,LOW,STOPWORD,False,False
120,We have observed APT29 use WMI to persist a backdoor and als,apt29,True,TA0003,T1027,HIGH,0.579572,1,have,0.231169,0.0572,LOW,STOPWORD,False,False
120,We have observed APT29 use WMI to persist a backdoor and als,apt29,True,TA0003,T1027,HIGH,0.579572,2,observed,0.191845,0.0474,NONE,ATTACK_VOCAB,True,True
120,We have observed APT29 use WMI to persist a backdoor and als,apt29,True,TA0003,T1027,HIGH,0.579572,3,APT29,0.123339,0.0305,NONE,ACTOR_NAME,True,True
120,We have observed APT29 use WMI to persist a backdoor and als,apt29,True,TA0003,T1027,HIGH,0.579572,4,use,0.214985,0.0532,LOW,ATTACK_VOCAB,True,True
120,We have observed APT29 use WMI to persist a backdoor and als,apt29,True,TA0003,T1027,HIGH,0.579572,5,WMI,-0.133286,-0.033,NONE,ATTACK_VOCAB,True,True
120,We have observed APT29 use WMI to persist a backdoor and als,apt29,True,TA0003,T1027,HIGH,0.579572,6,to,0.017048,0.0042,NONE,STOPWORD,False,False
120,We have observed APT29 use WMI to persist a backdoor and als,apt29,True,TA0003,T1027,HIGH,0.579572,7,persist,4.044603,1.0,HIGH,ATTACK_VOCAB,True,True
120,We have observed APT29 use WMI to persist a backdoor and als,apt29,True,TA0003,T1027,HIGH,0.579572,8,a,0.188123,0.0465,NONE,STOPWORD,False,False
120,We have observed APT29 use WMI to persist a backdoor and als,apt29,True,TA0003,T1027,HIGH,0.579572,9,backdoor,0.030314,0.0075,NONE,ATTACK_VOCAB,True,True
120,We have observed APT29 use WMI to persist a backdoor and als,apt29,True,TA0003,T1027,HIGH,0.579572,10,and,0.291994,0.0722,LOW,STOPWORD,False,False
120,We have observed APT29 use WMI to persist a backdoor and als,apt29,True,TA0003,T1027,HIGH,0.579572,11,also,0.108532,0.0268,NONE,STOPWORD,False,False
120,We have observed APT29 use WMI to persist a backdoor and als,apt29,True,TA0003,T1027,HIGH,0.579572,12,store,0.002446,0.0006,NONE,ATTACK_VOCAB,True,True
120,We have observed APT29 use WMI to persist a backdoor and als,apt29,True,TA0003,T1027,HIGH,0.579572,13,the,0.144434,0.0357,NONE,STOPWORD,False,False
120,We have observed APT29 use WMI to persist a backdoor and als,apt29,True,TA0003,T1027,HIGH,0.579572,14,PowerShell,0.104381,0.0258,NONE,ATTACK_VOCAB,True,True
120,We have observed APT29 use WMI to persist a backdoor and als,apt29,True,TA0003,T1027,HIGH,0.579572,15,backdoor,0.10137,0.0251,NONE,ATTACK_VOCAB,True,True
120,We have observed APT29 use WMI to persist a backdoor and als,apt29,True,TA0003,T1027,HIGH,0.579572,16,code.,0.120461,0.0298,NONE,ATTACK_VOCAB,True,True
121,The response to this request is hidden in the source code of,oilrig,True,TA0005,TA0005,HIGH,4.121305,0,The,0.083476,0.2274,MEDIUM,STOPWORD,False,False
121,The response to this request is hidden in the source code of,oilrig,True,TA0005,TA0005,HIGH,4.121305,1,response,0.196687,0.5359,HIGH,ATTACK_VOCAB,True,True
121,The response to this request is hidden in the source code of,oilrig,True,TA0005,TA0005,HIGH,4.121305,2,to,0.107965,0.2942,MEDIUM,STOPWORD,False,False
121,The response to this request is hidden in the source code of,oilrig,True,TA0005,TA0005,HIGH,4.121305,3,this,0.142402,0.388,MEDIUM,STOPWORD,False,False
121,The response to this request is hidden in the source code of,oilrig,True,TA0005,TA0005,HIGH,4.121305,4,request,-0.118305,-0.3223,MEDIUM,ATTACK_VOCAB,True,True
121,The response to this request is hidden in the source code of,oilrig,True,TA0005,TA0005,HIGH,4.121305,5,is,0.1372,0.3738,MEDIUM,STOPWORD,False,False
121,The response to this request is hidden in the source code of,oilrig,True,TA0005,TA0005,HIGH,4.121305,6,hidden,0.367031,1.0,HIGH,ATTACK_VOCAB,True,True
121,The response to this request is hidden in the source code of,oilrig,True,TA0005,TA0005,HIGH,4.121305,7,in,0.008804,0.024,NONE,STOPWORD,False,False
121,The response to this request is hidden in the source code of,oilrig,True,TA0005,TA0005,HIGH,4.121305,8,the,0.065946,0.1797,LOW,STOPWORD,False,False
121,The response to this request is hidden in the source code of,oilrig,True,TA0005,TA0005,HIGH,4.121305,9,source,-0.124977,-0.3405,MEDIUM,ATTACK_VOCAB,True,True
121,The response to this request is hidden in the source code of,oilrig,True,TA0005,TA0005,HIGH,4.121305,10,code,0.127975,0.3487,MEDIUM,ATTACK_VOCAB,True,True
121,The response to this request is hidden in the source code of,oilrig,True,TA0005,TA0005,HIGH,4.121305,11,of,0.038306,0.1044,LOW,STOPWORD,False,False
121,The response to this request is hidden in the source code of,oilrig,True,TA0005,TA0005,HIGH,4.121305,12,following,0.008993,0.0245,NONE,ATTACK_VOCAB,True,True
121,The response to this request is hidden in the source code of,oilrig,True,TA0005,TA0005,HIGH,4.121305,13,Flickr,-0.07311,-0.1992,LOW,OTHER,False,False
121,The response to this request is hidden in the source code of,oilrig,True,TA0005,TA0005,HIGH,4.121305,14,lookalike,-0.251396,-0.6849,HIGH,ATTACK_VOCAB,True,True
121,The response to this request is hidden in the source code of,oilrig,True,TA0005,TA0005,HIGH,4.121305,15,page:,-0.193557,-0.5274,HIGH,ATTACK_VOCAB,True,True
122,"""58d2a83f777942.26535794.ps1"" is a multilayer obfuscated Pow",fin7,True,TA0002,TA0002,HIGH,0.93097,0,"""58d2a83f777942.26535794.ps1""",-0.45879,-0.6136,HIGH,OTHER,False,False
122,"""58d2a83f777942.26535794.ps1"" is a multilayer obfuscated Pow",fin7,True,TA0002,TA0002,HIGH,0.93097,1,is,-0.092208,-0.1233,LOW,STOPWORD,False,False
122,"""58d2a83f777942.26535794.ps1"" is a multilayer obfuscated Pow",fin7,True,TA0002,TA0002,HIGH,0.93097,2,a,-0.047146,-0.0631,LOW,STOPWORD,False,False
122,"""58d2a83f777942.26535794.ps1"" is a multilayer obfuscated Pow",fin7,True,TA0002,TA0002,HIGH,0.93097,3,multilayer,0.049565,0.0663,LOW,ATTACK_VOCAB,True,False
122,"""58d2a83f777942.26535794.ps1"" is a multilayer obfuscated Pow",fin7,True,TA0002,TA0002,HIGH,0.93097,4,obfuscated,0.007676,0.0103,NONE,ATTACK_VOCAB,True,True
122,"""58d2a83f777942.26535794.ps1"" is a multilayer obfuscated Pow",fin7,True,TA0002,TA0002,HIGH,0.93097,5,PowerShell,0.222864,0.2981,MEDIUM,ATTACK_VOCAB,True,True
122,"""58d2a83f777942.26535794.ps1"" is a multilayer obfuscated Pow",fin7,True,TA0002,TA0002,HIGH,0.93097,6,"script,",0.168294,0.2251,MEDIUM,ATTACK_VOCAB,True,True
122,"""58d2a83f777942.26535794.ps1"" is a multilayer obfuscated Pow",fin7,True,TA0002,TA0002,HIGH,0.93097,7,which,-0.010261,-0.0137,NONE,STOPWORD,False,False
122,"""58d2a83f777942.26535794.ps1"" is a multilayer obfuscated Pow",fin7,True,TA0002,TA0002,HIGH,0.93097,8,launches,0.747654,1.0,HIGH,ATTACK_VOCAB,True,True
122,"""58d2a83f777942.26535794.ps1"" is a multilayer obfuscated Pow",fin7,True,TA0002,TA0002,HIGH,0.93097,9,shellcode,-0.412858,-0.5522,HIGH,ATTACK_VOCAB,True,True
122,"""58d2a83f777942.26535794.ps1"" is a multilayer obfuscated Pow",fin7,True,TA0002,TA0002,HIGH,0.93097,10,for,-0.230064,-0.3077,MEDIUM,STOPWORD,False,False
122,"""58d2a83f777942.26535794.ps1"" is a multilayer obfuscated Pow",fin7,True,TA0002,TA0002,HIGH,0.93097,11,a,0.082049,0.1097,LOW,STOPWORD,False,False
122,"""58d2a83f777942.26535794.ps1"" is a multilayer obfuscated Pow",fin7,True,TA0002,TA0002,HIGH,0.93097,12,Cobalt,0.004871,0.0065,NONE,ATTACK_VOCAB,True,True
122,"""58d2a83f777942.26535794.ps1"" is a multilayer obfuscated Pow",fin7,True,TA0002,TA0002,HIGH,0.93097,13,Strike,0.055059,0.0736,LOW,ATTACK_VOCAB,True,True
122,"""58d2a83f777942.26535794.ps1"" is a multilayer obfuscated Pow",fin7,True,TA0002,TA0002,HIGH,0.93097,14,stager,0.177849,0.2379,MEDIUM,OTHER,False,False
123,A scheduled task is created named SysChecks which calls theÂ,carbanak,True,T1053.005,TA0002,HIGH,0.314694,0,A,0.04571,0.0137,NONE,STOPWORD,False,False
123,A scheduled task is created named SysChecks which calls theÂ,carbanak,True,T1053.005,TA0002,HIGH,0.314694,1,scheduled,3.327973,1.0,HIGH,ATTACK_VOCAB,True,True
123,A scheduled task is created named SysChecks which calls theÂ,carbanak,True,T1053.005,TA0002,HIGH,0.314694,2,task,1.495732,0.4494,MEDIUM,ATTACK_VOCAB,True,True
123,A scheduled task is created named SysChecks which calls theÂ,carbanak,True,T1053.005,TA0002,HIGH,0.314694,3,is,-0.045315,-0.0136,NONE,STOPWORD,False,False
123,A scheduled task is created named SysChecks which calls theÂ,carbanak,True,T1053.005,TA0002,HIGH,0.314694,4,created,-0.074388,-0.0224,NONE,ATTACK_VOCAB,True,True
123,A scheduled task is created named SysChecks which calls theÂ,carbanak,True,T1053.005,TA0002,HIGH,0.314694,5,named,-0.071957,-0.0216,NONE,ATTACK_VOCAB,True,True
123,A scheduled task is created named SysChecks which calls theÂ,carbanak,True,T1053.005,TA0002,HIGH,0.314694,6,SysChecks,-0.055159,-0.0166,NONE,OTHER,False,False
123,A scheduled task is created named SysChecks which calls theÂ,carbanak,True,T1053.005,TA0002,HIGH,0.314694,7,which,-0.008367,-0.0025,NONE,STOPWORD,False,False
123,A scheduled task is created named SysChecks which calls theÂ,carbanak,True,T1053.005,TA0002,HIGH,0.314694,8,calls,0.023712,0.0071,NONE,ATTACK_VOCAB,True,True
123,A scheduled task is created named SysChecks which calls theÂ,carbanak,True,T1053.005,TA0002,HIGH,0.314694,9,theÂ,0.090223,0.0271,NONE,STOPWORD,False,False
123,A scheduled task is created named SysChecks which calls theÂ,carbanak,True,T1053.005,TA0002,HIGH,0.314694,10,vbs,-0.155321,-0.0467,NONE,ATTACK_VOCAB,True,True
124,ensure the sample is not being analyzed on a virtual machine,apt29,True,TA0005,T1622,MEDIUM,0.179977,0,ensure,-0.067707,-0.1536,LOW,ATTACK_VOCAB,True,True
124,ensure the sample is not being analyzed on a virtual machine,apt29,True,TA0005,T1622,MEDIUM,0.179977,1,the,-0.097299,-0.2208,MEDIUM,STOPWORD,False,False
124,ensure the sample is not being analyzed on a virtual machine,apt29,True,TA0005,T1622,MEDIUM,0.179977,2,sample,-0.221284,-0.5021,HIGH,ATTACK_VOCAB,True,True
124,ensure the sample is not being analyzed on a virtual machine,apt29,True,TA0005,T1622,MEDIUM,0.179977,3,is,-0.139938,-0.3176,MEDIUM,STOPWORD,False,False
124,ensure the sample is not being analyzed on a virtual machine,apt29,True,TA0005,T1622,MEDIUM,0.179977,4,not,-0.10797,-0.245,MEDIUM,STOPWORD,False,False
124,ensure the sample is not being analyzed on a virtual machine,apt29,True,TA0005,T1622,MEDIUM,0.179977,5,being,-0.151433,-0.3436,MEDIUM,ATTACK_VOCAB,True,True
124,ensure the sample is not being analyzed on a virtual machine,apt29,True,TA0005,T1622,MEDIUM,0.179977,6,analyzed,-0.118762,-0.2695,MEDIUM,ATTACK_VOCAB,True,True
124,ensure the sample is not being analyzed on a virtual machine,apt29,True,TA0005,T1622,MEDIUM,0.179977,7,on,-0.060707,-0.1378,LOW,STOPWORD,False,False
124,ensure the sample is not being analyzed on a virtual machine,apt29,True,TA0005,T1622,MEDIUM,0.179977,8,a,-0.112844,-0.2561,MEDIUM,STOPWORD,False,False
124,ensure the sample is not being analyzed on a virtual machine,apt29,True,TA0005,T1622,MEDIUM,0.179977,9,virtual,-0.177436,-0.4026,MEDIUM,ATTACK_VOCAB,True,True
124,ensure the sample is not being analyzed on a virtual machine,apt29,True,TA0005,T1622,MEDIUM,0.179977,10,"machine,",-0.072437,-0.1644,LOW,ATTACK_VOCAB,True,True
124,ensure the sample is not being analyzed on a virtual machine,apt29,True,TA0005,T1622,MEDIUM,0.179977,11,using,0.158987,0.3608,MEDIUM,ATTACK_VOCAB,True,True
124,ensure the sample is not being analyzed on a virtual machine,apt29,True,TA0005,T1622,MEDIUM,0.179977,12,a,-0.013098,-0.0297,NONE,STOPWORD,False,False
124,ensure the sample is not being analyzed on a virtual machine,apt29,True,TA0005,T1622,MEDIUM,0.179977,13,"debugger,",0.440676,1.0,HIGH,ATTACK_VOCAB,True,True
124,ensure the sample is not being analyzed on a virtual machine,apt29,True,TA0005,T1622,MEDIUM,0.179977,14,or,0.013556,0.0308,NONE,STOPWORD,False,False
124,ensure the sample is not being analyzed on a virtual machine,apt29,True,TA0005,T1622,MEDIUM,0.179977,15,located,-0.067914,-0.1541,LOW,ATTACK_VOCAB,True,True
124,ensure the sample is not being analyzed on a virtual machine,apt29,True,TA0005,T1622,MEDIUM,0.179977,16,within,-0.026417,-0.0599,LOW,ATTACK_VOCAB,True,True
124,ensure the sample is not being analyzed on a virtual machine,apt29,True,TA0005,T1622,MEDIUM,0.179977,17,a,-0.004784,-0.0109,NONE,STOPWORD,False,False
124,ensure the sample is not being analyzed on a virtual machine,apt29,True,TA0005,T1622,MEDIUM,0.179977,18,sandbox,-0.017642,-0.04,NONE,ATTACK_VOCAB,True,True
125,It then loads the module DLL via an exported function named ,sandworm,True,TA0002,T1129,HIGH,2.72166,0,It,0.046971,0.1394,LOW,STOPWORD,False,False
125,It then loads the module DLL via an exported function named ,sandworm,True,TA0002,T1129,HIGH,2.72166,1,then,0.220461,0.6541,HIGH,STOPWORD,False,False
125,It then loads the module DLL via an exported function named ,sandworm,True,TA0002,T1129,HIGH,2.72166,2,loads,0.130926,0.3885,MEDIUM,ATTACK_VOCAB,True,True
125,It then loads the module DLL via an exported function named ,sandworm,True,TA0002,T1129,HIGH,2.72166,3,the,0.215131,0.6383,HIGH,STOPWORD,False,False
125,It then loads the module DLL via an exported function named ,sandworm,True,TA0002,T1129,HIGH,2.72166,4,module,0.097954,0.2906,MEDIUM,ATTACK_VOCAB,True,True
125,It then loads the module DLL via an exported function named ,sandworm,True,TA0002,T1129,HIGH,2.72166,5,DLL,0.276382,0.82,HIGH,ATTACK_VOCAB,True,True
125,It then loads the module DLL via an exported function named ,sandworm,True,TA0002,T1129,HIGH,2.72166,6,via,-0.093591,-0.2777,MEDIUM,STOPWORD,False,False
125,It then loads the module DLL via an exported function named ,sandworm,True,TA0002,T1129,HIGH,2.72166,7,an,0.170948,0.5072,HIGH,STOPWORD,False,False
125,It then loads the module DLL via an exported function named ,sandworm,True,TA0002,T1129,HIGH,2.72166,8,exported,-0.196994,-0.5845,HIGH,ATTACK_VOCAB,True,True
125,It then loads the module DLL via an exported function named ,sandworm,True,TA0002,T1129,HIGH,2.72166,9,function,0.337043,1.0,HIGH,ATTACK_VOCAB,True,True
125,It then loads the module DLL via an exported function named ,sandworm,True,TA0002,T1129,HIGH,2.72166,10,named,0.239947,0.7119,HIGH,ATTACK_VOCAB,True,True
125,It then loads the module DLL via an exported function named ,sandworm,True,TA0002,T1129,HIGH,2.72166,11,Crash,0.070567,0.2094,MEDIUM,ATTACK_VOCAB,True,True
126,The service manipulation process is the only persistence mec,sandworm,True,TA0003,TA0003,HIGH,3.914971,0,The,-0.015016,-0.0034,NONE,STOPWORD,False,False
126,The service manipulation process is the only persistence mec,sandworm,True,TA0003,TA0003,HIGH,3.914971,1,service,0.017898,0.004,NONE,ATTACK_VOCAB,True,True
126,The service manipulation process is the only persistence mec,sandworm,True,TA0003,TA0003,HIGH,3.914971,2,manipulation,-0.061068,-0.0138,NONE,ATTACK_VOCAB,True,True
126,The service manipulation process is the only persistence mec,sandworm,True,TA0003,TA0003,HIGH,3.914971,3,process,-0.068412,-0.0155,NONE,ATTACK_VOCAB,True,True
126,The service manipulation process is the only persistence mec,sandworm,True,TA0003,TA0003,HIGH,3.914971,4,is,0.059479,0.0135,NONE,STOPWORD,False,False
126,The service manipulation process is the only persistence mec,sandworm,True,TA0003,TA0003,HIGH,3.914971,5,the,-0.065829,-0.0149,NONE,STOPWORD,False,False
126,The service manipulation process is the only persistence mec,sandworm,True,TA0003,TA0003,HIGH,3.914971,6,only,-0.04989,-0.0113,NONE,ATTACK_VOCAB,True,True
126,The service manipulation process is the only persistence mec,sandworm,True,TA0003,TA0003,HIGH,3.914971,7,persistence,4.420031,1.0,HIGH,ATTACK_VOCAB,True,True
126,The service manipulation process is the only persistence mec,sandworm,True,TA0003,TA0003,HIGH,3.914971,8,mechanism,-0.099412,-0.0225,NONE,ATTACK_VOCAB,True,True
126,The service manipulation process is the only persistence mec,sandworm,True,TA0003,TA0003,HIGH,3.914971,9,for,-0.04934,-0.0112,NONE,STOPWORD,False,False
126,The service manipulation process is the only persistence mec,sandworm,True,TA0003,TA0003,HIGH,3.914971,10,the,-0.067601,-0.0153,NONE,STOPWORD,False,False
126,The service manipulation process is the only persistence mec,sandworm,True,TA0003,TA0003,HIGH,3.914971,11,malware.,-0.079021,-0.0179,NONE,ATTACK_VOCAB,True,True
126,The service manipulation process is the only persistence mec,sandworm,True,TA0003,TA0003,HIGH,3.914971,12,When,-0.06271,-0.0142,NONE,STOPWORD,False,False
126,The service manipulation process is the only persistence mec,sandworm,True,TA0003,TA0003,HIGH,3.914971,13,"used,",-0.097353,-0.022,NONE,ATTACK_VOCAB,True,True
126,The service manipulation process is the only persistence mec,sandworm,True,TA0003,TA0003,HIGH,3.914971,14,the,-0.080789,-0.0183,NONE,STOPWORD,False,False
126,The service manipulation process is the only persistence mec,sandworm,True,TA0003,TA0003,HIGH,3.914971,15,adversary,-0.073259,-0.0166,NONE,ATTACK_VOCAB,True,True
126,The service manipulation process is the only persistence mec,sandworm,True,TA0003,TA0003,HIGH,3.914971,16,can,-0.096306,-0.0218,NONE,STOPWORD,False,False
126,The service manipulation process is the only persistence mec,sandworm,True,TA0003,TA0003,HIGH,3.914971,17,select,-0.100154,-0.0227,NONE,ATTACK_VOCAB,True,True
126,The service manipulation process is the only persistence mec,sandworm,True,TA0003,TA0003,HIGH,3.914971,18,an,-0.079993,-0.0181,NONE,STOPWORD,False,False
126,The service manipulation process is the only persistence mec,sandworm,True,TA0003,TA0003,HIGH,3.914971,19,arbitrary,-0.078949,-0.0179,NONE,ATTACK_VOCAB,True,True
126,The service manipulation process is the only persistence mec,sandworm,True,TA0003,TA0003,HIGH,3.914971,20,system,-0.099305,-0.0225,NONE,ATTACK_VOCAB,True,True
126,The service manipulation process is the only persistence mec,sandworm,True,TA0003,TA0003,HIGH,3.914971,21,"service,",-0.081152,-0.0184,NONE,ATTACK_VOCAB,True,True
126,The service manipulation process is the only persistence mec,sandworm,True,TA0003,TA0003,HIGH,3.914971,22,direct,-0.084361,-0.0191,NONE,ATTACK_VOCAB,True,True
126,The service manipulation process is the only persistence mec,sandworm,True,TA0003,TA0003,HIGH,3.914971,23,it,-0.068935,-0.0156,NONE,STOPWORD,False,False
126,The service manipulation process is the only persistence mec,sandworm,True,TA0003,TA0003,HIGH,3.914971,24,to,-0.051952,-0.0118,NONE,STOPWORD,False,False
126,The service manipulation process is the only persistence mec,sandworm,True,TA0003,TA0003,HIGH,3.914971,25,refer,-0.056484,-0.0128,NONE,ATTACK_VOCAB,True,False
126,The service manipulation process is the only persistence mec,sandworm,True,TA0003,TA0003,HIGH,3.914971,26,to,-0.06648,-0.015,NONE,STOPWORD,False,False
126,The service manipulation process is the only persistence mec,sandworm,True,TA0003,TA0003,HIGH,3.914971,27,"CRASHOVERRIDE,",-0.049912,-0.0113,NONE,ATTACK_VOCAB,True,False
126,The service manipulation process is the only persistence mec,sandworm,True,TA0003,TA0003,HIGH,3.914971,28,and,0.001407,0.0003,NONE,STOPWORD,False,False
126,The service manipulation process is the only persistence mec,sandworm,True,TA0003,TA0003,HIGH,3.914971,29,ensure,-0.044736,-0.0101,NONE,ATTACK_VOCAB,True,True
126,The service manipulation process is the only persistence mec,sandworm,True,TA0003,TA0003,HIGH,3.914971,30,it,-0.027246,-0.0062,NONE,STOPWORD,False,False
126,The service manipulation process is the only persistence mec,sandworm,True,TA0003,TA0003,HIGH,3.914971,31,is,-0.002048,-0.0005,NONE,STOPWORD,False,False
126,The service manipulation process is the only persistence mec,sandworm,True,TA0003,TA0003,HIGH,3.914971,32,loaded,0.014468,0.0033,NONE,ATTACK_VOCAB,True,True
126,The service manipulation process is the only persistence mec,sandworm,True,TA0003,TA0003,HIGH,3.914971,33,on,0.03046,0.0069,NONE,STOPWORD,False,False
126,The service manipulation process is the only persistence mec,sandworm,True,TA0003,TA0003,HIGH,3.914971,34,system,-0.042612,-0.0096,NONE,ATTACK_VOCAB,True,True
126,The service manipulation process is the only persistence mec,sandworm,True,TA0003,TA0003,HIGH,3.914971,35,boot.,-0.038931,-0.0088,NONE,ATTACK_VOCAB,True,True
127,'Kills' legitimate the master process on the victim host,sandworm,True,TA0004,T1543,HIGH,1.191475,0,'Kills',0.36809,0.6958,HIGH,OTHER,False,False
127,'Kills' legitimate the master process on the victim host,sandworm,True,TA0004,T1543,HIGH,1.191475,1,legitimate,-0.239566,-0.4528,MEDIUM,ATTACK_VOCAB,True,True
127,'Kills' legitimate the master process on the victim host,sandworm,True,TA0004,T1543,HIGH,1.191475,2,the,-0.529055,-1.0,HIGH,STOPWORD,False,False
127,'Kills' legitimate the master process on the victim host,sandworm,True,TA0004,T1543,HIGH,1.191475,3,master,0.089673,0.1695,LOW,ATTACK_VOCAB,True,True
127,'Kills' legitimate the master process on the victim host,sandworm,True,TA0004,T1543,HIGH,1.191475,4,process,0.066755,0.1262,LOW,ATTACK_VOCAB,True,True
127,'Kills' legitimate the master process on the victim host,sandworm,True,TA0004,T1543,HIGH,1.191475,5,on,-0.182259,-0.3445,MEDIUM,STOPWORD,False,False
127,'Kills' legitimate the master process on the victim host,sandworm,True,TA0004,T1543,HIGH,1.191475,6,the,-0.089472,-0.1691,LOW,STOPWORD,False,False
127,'Kills' legitimate the master process on the victim host,sandworm,True,TA0004,T1543,HIGH,1.191475,7,victim,-0.246613,-0.4661,MEDIUM,ATTACK_VOCAB,True,True
127,'Kills' legitimate the master process on the victim host,sandworm,True,TA0004,T1543,HIGH,1.191475,8,host,-0.119005,-0.2249,MEDIUM,ATTACK_VOCAB,True,True
128,"downloads additional powershell modules from it, executing t",apt29,False,TA0002,T1105,LOW,0.056273,0,downloads,-0.162278,-0.1671,LOW,ATTACK_VOCAB,True,True
128,"downloads additional powershell modules from it, executing t",apt29,False,TA0002,T1105,LOW,0.056273,1,additional,0.008391,0.0086,NONE,ATTACK_VOCAB,True,True
128,"downloads additional powershell modules from it, executing t",apt29,False,TA0002,T1105,LOW,0.056273,2,powershell,0.228181,0.2349,MEDIUM,ATTACK_VOCAB,True,True
128,"downloads additional powershell modules from it, executing t",apt29,False,TA0002,T1105,LOW,0.056273,3,modules,0.066985,0.069,LOW,ATTACK_VOCAB,True,True
128,"downloads additional powershell modules from it, executing t",apt29,False,TA0002,T1105,LOW,0.056273,4,from,-0.024427,-0.0251,NONE,STOPWORD,False,False
128,"downloads additional powershell modules from it, executing t",apt29,False,TA0002,T1105,LOW,0.056273,5,"it,",0.402915,0.4148,MEDIUM,STOPWORD,False,False
128,"downloads additional powershell modules from it, executing t",apt29,False,TA0002,T1105,LOW,0.056273,6,executing,0.971354,1.0,HIGH,ATTACK_VOCAB,True,True
128,"downloads additional powershell modules from it, executing t",apt29,False,TA0002,T1105,LOW,0.056273,7,them,0.20299,0.209,MEDIUM,ATTACK_VOCAB,True,True
128,"downloads additional powershell modules from it, executing t",apt29,False,TA0002,T1105,LOW,0.056273,8,in,0.306871,0.3159,MEDIUM,STOPWORD,False,False
128,"downloads additional powershell modules from it, executing t",apt29,False,TA0002,T1105,LOW,0.056273,9,memory,-0.071213,-0.0733,LOW,ATTACK_VOCAB,True,True
129,Persistence  is established  by  creating  a  scheduled  tas,carbanak,True,TA0003,TA0002,MEDIUM,0.277088,0,Persistence,1.766781,1.0,HIGH,ATTACK_VOCAB,True,True
129,Persistence  is established  by  creating  a  scheduled  tas,carbanak,True,TA0003,TA0002,MEDIUM,0.277088,1,is,0.008828,0.005,NONE,STOPWORD,False,False
129,Persistence  is established  by  creating  a  scheduled  tas,carbanak,True,TA0003,TA0002,MEDIUM,0.277088,2,established,-0.037329,-0.0211,NONE,ATTACK_VOCAB,True,True
129,Persistence  is established  by  creating  a  scheduled  tas,carbanak,True,TA0003,TA0002,MEDIUM,0.277088,3,by,0.159611,0.0903,LOW,STOPWORD,False,False
129,Persistence  is established  by  creating  a  scheduled  tas,carbanak,True,TA0003,TA0002,MEDIUM,0.277088,4,creating,-0.194903,-0.1103,LOW,ATTACK_VOCAB,True,True
129,Persistence  is established  by  creating  a  scheduled  tas,carbanak,True,TA0003,TA0002,MEDIUM,0.277088,5,a,0.040924,0.0232,NONE,STOPWORD,False,False
129,Persistence  is established  by  creating  a  scheduled  tas,carbanak,True,TA0003,TA0002,MEDIUM,0.277088,6,scheduled,-0.127836,-0.0724,LOW,ATTACK_VOCAB,True,True
129,Persistence  is established  by  creating  a  scheduled  tas,carbanak,True,TA0003,TA0002,MEDIUM,0.277088,7,task,0.122492,0.0693,LOW,ATTACK_VOCAB,True,True
129,Persistence  is established  by  creating  a  scheduled  tas,carbanak,True,TA0003,TA0002,MEDIUM,0.277088,8,that,0.092863,0.0526,LOW,STOPWORD,False,False
129,Persistence  is established  by  creating  a  scheduled  tas,carbanak,True,TA0003,TA0002,MEDIUM,0.277088,9,runs,0.041345,0.0234,NONE,ATTACK_VOCAB,True,True
129,Persistence  is established  by  creating  a  scheduled  tas,carbanak,True,TA0003,TA0002,MEDIUM,0.277088,10,the,0.030709,0.0174,NONE,STOPWORD,False,False
129,Persistence  is established  by  creating  a  scheduled  tas,carbanak,True,TA0003,TA0002,MEDIUM,0.277088,11,main,0.01287,0.0073,NONE,ATTACK_VOCAB,True,True
129,Persistence  is established  by  creating  a  scheduled  tas,carbanak,True,TA0003,TA0002,MEDIUM,0.277088,12,malware,0.157905,0.0894,LOW,ATTACK_VOCAB,True,True
129,Persistence  is established  by  creating  a  scheduled  tas,carbanak,True,TA0003,TA0002,MEDIUM,0.277088,13,file,-0.030878,-0.0175,NONE,ATTACK_VOCAB,True,True
129,Persistence  is established  by  creating  a  scheduled  tas,carbanak,True,TA0003,TA0002,MEDIUM,0.277088,14,every,0.045028,0.0255,NONE,ATTACK_VOCAB,True,True
129,Persistence  is established  by  creating  a  scheduled  tas,carbanak,True,TA0003,TA0002,MEDIUM,0.277088,15,25,0.10533,0.0596,LOW,ATTACK_VOCAB,True,False
129,Persistence  is established  by  creating  a  scheduled  tas,carbanak,True,TA0003,TA0002,MEDIUM,0.277088,16,minutes,0.081304,0.046,NONE,ATTACK_VOCAB,True,True
130,that makes use of DNS to load additional shellcode from a re,fin7,True,TA0011,T1071.004,HIGH,1.138197,0,that,0.033214,0.0635,LOW,STOPWORD,False,False
130,that makes use of DNS to load additional shellcode from a re,fin7,True,TA0011,T1071.004,HIGH,1.138197,1,makes,-0.047421,-0.0907,LOW,ATTACK_VOCAB,True,True
130,that makes use of DNS to load additional shellcode from a re,fin7,True,TA0011,T1071.004,HIGH,1.138197,2,use,-0.031869,-0.0609,LOW,ATTACK_VOCAB,True,True
130,that makes use of DNS to load additional shellcode from a re,fin7,True,TA0011,T1071.004,HIGH,1.138197,3,of,-0.018052,-0.0345,NONE,STOPWORD,False,False
130,that makes use of DNS to load additional shellcode from a re,fin7,True,TA0011,T1071.004,HIGH,1.138197,4,DNS,-0.264045,-0.505,HIGH,ATTACK_VOCAB,True,True
130,that makes use of DNS to load additional shellcode from a re,fin7,True,TA0011,T1071.004,HIGH,1.138197,5,to,-0.133871,-0.256,MEDIUM,STOPWORD,False,False
130,that makes use of DNS to load additional shellcode from a re,fin7,True,TA0011,T1071.004,HIGH,1.138197,6,load,-0.13613,-0.2603,MEDIUM,ATTACK_VOCAB,True,True
130,that makes use of DNS to load additional shellcode from a re,fin7,True,TA0011,T1071.004,HIGH,1.138197,7,additional,-0.05604,-0.1072,LOW,ATTACK_VOCAB,True,True
130,that makes use of DNS to load additional shellcode from a re,fin7,True,TA0011,T1071.004,HIGH,1.138197,8,shellcode,-0.474568,-0.9076,HIGH,ATTACK_VOCAB,True,True
130,that makes use of DNS to load additional shellcode from a re,fin7,True,TA0011,T1071.004,HIGH,1.138197,9,from,-0.522908,-1.0,HIGH,STOPWORD,False,False
130,that makes use of DNS to load additional shellcode from a re,fin7,True,TA0011,T1071.004,HIGH,1.138197,10,a,0.087218,0.1668,LOW,STOPWORD,False,False
130,that makes use of DNS to load additional shellcode from a re,fin7,True,TA0011,T1071.004,HIGH,1.138197,11,remote,-0.320814,-0.6135,HIGH,ATTACK_VOCAB,True,True
130,that makes use of DNS to load additional shellcode from a re,fin7,True,TA0011,T1071.004,HIGH,1.138197,12,command,0.51511,0.9851,HIGH,ATTACK_VOCAB,True,True
130,that makes use of DNS to load additional shellcode from a re,fin7,True,TA0011,T1071.004,HIGH,1.138197,13,and,0.309645,0.5922,HIGH,STOPWORD,False,False
130,that makes use of DNS to load additional shellcode from a re,fin7,True,TA0011,T1071.004,HIGH,1.138197,14,control,0.349081,0.6676,HIGH,ATTACK_VOCAB,True,True
130,that makes use of DNS to load additional shellcode from a re,fin7,True,TA0011,T1071.004,HIGH,1.138197,15,server,-0.19989,-0.3823,MEDIUM,ATTACK_VOCAB,True,True
131,Carbanak uses the HTTP protocol,carbanak,True,S0030,T1041,HIGH,2.753129,0,Carbanak,7.357004,1.0,HIGH,ACTOR_NAME,True,True
131,Carbanak uses the HTTP protocol,carbanak,True,S0030,T1041,HIGH,2.753129,1,uses,-0.431656,-0.0587,LOW,ATTACK_VOCAB,True,True
131,Carbanak uses the HTTP protocol,carbanak,True,S0030,T1041,HIGH,2.753129,2,the,0.043961,0.006,NONE,STOPWORD,False,False
131,Carbanak uses the HTTP protocol,carbanak,True,S0030,T1041,HIGH,2.753129,3,HTTP,-0.292667,-0.0398,NONE,ATTACK_VOCAB,True,True
131,Carbanak uses the HTTP protocol,carbanak,True,S0030,T1041,HIGH,2.753129,4,protocol,0.259878,0.0353,NONE,ATTACK_VOCAB,True,True
132,the downloader uses a set of mathematical calculations to de,apt29,True,TA0009,T1005,HIGH,4.238923,0,the,-0.060159,-0.0474,NONE,STOPWORD,False,False
132,the downloader uses a set of mathematical calculations to de,apt29,True,TA0009,T1005,HIGH,4.238923,1,downloader,1.270238,1.0,HIGH,ATTACK_VOCAB,True,True
132,the downloader uses a set of mathematical calculations to de,apt29,True,TA0009,T1005,HIGH,4.238923,2,uses,-0.460388,-0.3624,MEDIUM,ATTACK_VOCAB,True,True
132,the downloader uses a set of mathematical calculations to de,apt29,True,TA0009,T1005,HIGH,4.238923,3,a,0.14389,0.1133,LOW,STOPWORD,False,False
132,the downloader uses a set of mathematical calculations to de,apt29,True,TA0009,T1005,HIGH,4.238923,4,set,0.022969,0.0181,NONE,ATTACK_VOCAB,True,True
132,the downloader uses a set of mathematical calculations to de,apt29,True,TA0009,T1005,HIGH,4.238923,5,of,0.297485,0.2342,MEDIUM,STOPWORD,False,False
132,the downloader uses a set of mathematical calculations to de,apt29,True,TA0009,T1005,HIGH,4.238923,6,mathematical,0.29474,0.232,MEDIUM,OTHER,False,False
132,the downloader uses a set of mathematical calculations to de,apt29,True,TA0009,T1005,HIGH,4.238923,7,calculations,-0.327607,-0.2579,MEDIUM,ATTACK_VOCAB,True,True
132,the downloader uses a set of mathematical calculations to de,apt29,True,TA0009,T1005,HIGH,4.238923,8,to,0.137387,0.1082,LOW,STOPWORD,False,False
132,the downloader uses a set of mathematical calculations to de,apt29,True,TA0009,T1005,HIGH,4.238923,9,determine,0.092707,0.073,LOW,ATTACK_VOCAB,True,True
132,the downloader uses a set of mathematical calculations to de,apt29,True,TA0009,T1005,HIGH,4.238923,10,the,-0.040259,-0.0317,NONE,STOPWORD,False,False
132,the downloader uses a set of mathematical calculations to de,apt29,True,TA0009,T1005,HIGH,4.238923,11,computer-s,0.407446,0.3208,MEDIUM,ATTACK_VOCAB,True,True
132,the downloader uses a set of mathematical calculations to de,apt29,True,TA0009,T1005,HIGH,4.238923,12,unique,-0.11545,-0.0909,LOW,ATTACK_VOCAB,True,True
132,the downloader uses a set of mathematical calculations to de,apt29,True,TA0009,T1005,HIGH,4.238923,13,"!ngerprint,",-0.261904,-0.2062,MEDIUM,OTHER,False,False
133,The group deployed destructive malware to delete Vles from t,sandworm,True,TA0040,T1490,MEDIUM,0.176536,0,The,-0.012956,-0.0264,NONE,STOPWORD,False,False
133,The group deployed destructive malware to delete Vles from t,sandworm,True,TA0040,T1490,MEDIUM,0.176536,1,group,-0.01017,-0.0208,NONE,ATTACK_VOCAB,True,True
133,The group deployed destructive malware to delete Vles from t,sandworm,True,TA0040,T1490,MEDIUM,0.176536,2,deployed,0.023725,0.0484,NONE,ATTACK_VOCAB,True,True
133,The group deployed destructive malware to delete Vles from t,sandworm,True,TA0040,T1490,MEDIUM,0.176536,3,destructive,-0.020944,-0.0427,NONE,ATTACK_VOCAB,True,True
133,The group deployed destructive malware to delete Vles from t,sandworm,True,TA0040,T1490,MEDIUM,0.176536,4,malware,-0.052633,-0.1074,LOW,ATTACK_VOCAB,True,True
133,The group deployed destructive malware to delete Vles from t,sandworm,True,TA0040,T1490,MEDIUM,0.176536,5,to,-0.085844,-0.1752,LOW,STOPWORD,False,False
133,The group deployed destructive malware to delete Vles from t,sandworm,True,TA0040,T1490,MEDIUM,0.176536,6,delete,-0.49008,-1.0,HIGH,ATTACK_VOCAB,True,True
133,The group deployed destructive malware to delete Vles from t,sandworm,True,TA0040,T1490,MEDIUM,0.176536,7,Vles,-0.038039,-0.0776,LOW,OTHER,False,False
133,The group deployed destructive malware to delete Vles from t,sandworm,True,TA0040,T1490,MEDIUM,0.176536,8,from,0.030309,0.0618,LOW,STOPWORD,False,False
133,The group deployed destructive malware to delete Vles from t,sandworm,True,TA0040,T1490,MEDIUM,0.176536,9,the,0.122825,0.2506,MEDIUM,STOPWORD,False,False
133,The group deployed destructive malware to delete Vles from t,sandworm,True,TA0040,T1490,MEDIUM,0.176536,10,hard,0.116971,0.2387,MEDIUM,ATTACK_VOCAB,True,True
133,The group deployed destructive malware to delete Vles from t,sandworm,True,TA0040,T1490,MEDIUM,0.176536,11,"drive,",-0.160336,-0.3272,MEDIUM,ATTACK_VOCAB,True,True
133,The group deployed destructive malware to delete Vles from t,sandworm,True,TA0040,T1490,MEDIUM,0.176536,12,force,0.160661,0.3278,MEDIUM,ATTACK_VOCAB,True,True
133,The group deployed destructive malware to delete Vles from t,sandworm,True,TA0040,T1490,MEDIUM,0.176536,13,"shutdowns,",0.28142,0.5742,HIGH,OTHER,False,False
133,The group deployed destructive malware to delete Vles from t,sandworm,True,TA0040,T1490,MEDIUM,0.176536,14,and,0.214818,0.4383,MEDIUM,STOPWORD,False,False
133,The group deployed destructive malware to delete Vles from t,sandworm,True,TA0040,T1490,MEDIUM,0.176536,15,impede,0.01257,0.0256,NONE,ATTACK_VOCAB,True,True
133,The group deployed destructive malware to delete Vles from t,sandworm,True,TA0040,T1490,MEDIUM,0.176536,16,rebooting,-0.421929,-0.8609,HIGH,ATTACK_VOCAB,True,True
133,The group deployed destructive malware to delete Vles from t,sandworm,True,TA0040,T1490,MEDIUM,0.176536,17,and,0.133894,0.2732,MEDIUM,STOPWORD,False,False
133,The group deployed destructive malware to delete Vles from t,sandworm,True,TA0040,T1490,MEDIUM,0.176536,18,recovery,-0.02176,-0.0444,NONE,ATTACK_VOCAB,True,True
133,The group deployed destructive malware to delete Vles from t,sandworm,True,TA0040,T1490,MEDIUM,0.176536,19,by,0.134291,0.274,MEDIUM,STOPWORD,False,False
133,The group deployed destructive malware to delete Vles from t,sandworm,True,TA0040,T1490,MEDIUM,0.176536,20,misconVguring,0.175129,0.3573,MEDIUM,OTHER,False,False
133,The group deployed destructive malware to delete Vles from t,sandworm,True,TA0040,T1490,MEDIUM,0.176536,21,"BitLocker,",0.067698,0.1381,LOW,OTHER,False,False
133,The group deployed destructive malware to delete Vles from t,sandworm,True,TA0040,T1490,MEDIUM,0.176536,22,rendering,0.155144,0.3166,MEDIUM,ATTACK_VOCAB,True,False
133,The group deployed destructive malware to delete Vles from t,sandworm,True,TA0040,T1490,MEDIUM,0.176536,23,computers,0.11898,0.2428,MEDIUM,ATTACK_VOCAB,True,True
133,The group deployed destructive malware to delete Vles from t,sandworm,True,TA0040,T1490,MEDIUM,0.176536,24,inoperable.,0.04614,0.0941,LOW,ATTACK_VOCAB,True,True
134,Impersonation using Kerberos pass-the-ticket attacks (Mimika,apt29,True,T1558,T1558,HIGH,1.297134,0,Impersonation,-0.608227,-0.0923,LOW,ATTACK_VOCAB,True,True
134,Impersonation using Kerberos pass-the-ticket attacks (Mimika,apt29,True,T1558,T1558,HIGH,1.297134,1,using,-0.038543,-0.0059,NONE,ATTACK_VOCAB,True,True
134,Impersonation using Kerberos pass-the-ticket attacks (Mimika,apt29,True,T1558,T1558,HIGH,1.297134,2,Kerberos,6.587896,1.0,HIGH,ATTACK_VOCAB,True,True
134,Impersonation using Kerberos pass-the-ticket attacks (Mimika,apt29,True,T1558,T1558,HIGH,1.297134,3,pass-the-ticket,5.00333,0.7595,HIGH,OTHER,False,False
134,Impersonation using Kerberos pass-the-ticket attacks (Mimika,apt29,True,T1558,T1558,HIGH,1.297134,4,attacks,0.471935,0.0716,LOW,ATTACK_VOCAB,True,True
134,Impersonation using Kerberos pass-the-ticket attacks (Mimika,apt29,True,T1558,T1558,HIGH,1.297134,5,(Mimikatz,0.45116,0.0685,LOW,ATTACK_VOCAB,True,True
134,Impersonation using Kerberos pass-the-ticket attacks (Mimika,apt29,True,T1558,T1558,HIGH,1.297134,6,PowerShell),-0.077735,-0.0118,NONE,ATTACK_VOCAB,True,True
135,The attackers send commands and new modules to be executed t,apt29,True,TA0011,T1105,HIGH,1.464051,0,The,0.05994,0.0415,NONE,STOPWORD,False,False
135,The attackers send commands and new modules to be executed t,apt29,True,TA0011,T1105,HIGH,1.464051,1,attackers,0.117402,0.0813,LOW,ATTACK_VOCAB,True,True
135,The attackers send commands and new modules to be executed t,apt29,True,TA0011,T1105,HIGH,1.464051,2,send,-0.234042,-0.1621,LOW,ATTACK_VOCAB,True,True
135,The attackers send commands and new modules to be executed t,apt29,True,TA0011,T1105,HIGH,1.464051,3,commands,1.443785,1.0,HIGH,ATTACK_VOCAB,True,True
135,The attackers send commands and new modules to be executed t,apt29,True,TA0011,T1105,HIGH,1.464051,4,and,0.235384,0.163,LOW,STOPWORD,False,False
135,The attackers send commands and new modules to be executed t,apt29,True,TA0011,T1105,HIGH,1.464051,5,new,-0.192167,-0.1331,LOW,ATTACK_VOCAB,True,True
135,The attackers send commands and new modules to be executed t,apt29,True,TA0011,T1105,HIGH,1.464051,6,modules,-0.093523,-0.0648,LOW,ATTACK_VOCAB,True,True
135,The attackers send commands and new modules to be executed t,apt29,True,TA0011,T1105,HIGH,1.464051,7,to,-0.013359,-0.0093,NONE,STOPWORD,False,False
135,The attackers send commands and new modules to be executed t,apt29,True,TA0011,T1105,HIGH,1.464051,8,be,-0.028374,-0.0197,NONE,STOPWORD,False,False
135,The attackers send commands and new modules to be executed t,apt29,True,TA0011,T1105,HIGH,1.464051,9,executed,-0.175218,-0.1214,LOW,ATTACK_VOCAB,True,True
135,The attackers send commands and new modules to be executed t,apt29,True,TA0011,T1105,HIGH,1.464051,10,to,0.024992,0.0173,NONE,STOPWORD,False,False
135,The attackers send commands and new modules to be executed t,apt29,True,TA0011,T1105,HIGH,1.464051,11,the,-0.036653,-0.0254,NONE,STOPWORD,False,False
135,The attackers send commands and new modules to be executed t,apt29,True,TA0011,T1105,HIGH,1.464051,12,victims,-0.131487,-0.0911,LOW,ATTACK_VOCAB,True,True
135,The attackers send commands and new modules to be executed t,apt29,True,TA0011,T1105,HIGH,1.464051,13,through,-0.12371,-0.0857,LOW,STOPWORD,False,False
135,The attackers send commands and new modules to be executed t,apt29,True,TA0011,T1105,HIGH,1.464051,14,the,-0.012095,-0.0084,NONE,STOPWORD,False,False
135,The attackers send commands and new modules to be executed t,apt29,True,TA0011,T1105,HIGH,1.464051,15,C&Cs.,-0.375885,-0.2603,MEDIUM,OTHER,False,False
136,Bateleur has anti-sandbox features but they do not appear to,fin7,True,TA0005,TA0007,HIGH,0.51772,0,Bateleur,0.132894,0.1061,LOW,OTHER,False,True
136,Bateleur has anti-sandbox features but they do not appear to,fin7,True,TA0005,TA0007,HIGH,0.51772,1,has,0.185739,0.1482,LOW,STOPWORD,False,False
136,Bateleur has anti-sandbox features but they do not appear to,fin7,True,TA0005,TA0007,HIGH,0.51772,2,anti-sandbox,1.25303,1.0,HIGH,OTHER,False,False
136,Bateleur has anti-sandbox features but they do not appear to,fin7,True,TA0005,TA0007,HIGH,0.51772,3,features,0.083358,0.0665,LOW,ATTACK_VOCAB,True,True
136,Bateleur has anti-sandbox features but they do not appear to,fin7,True,TA0005,TA0007,HIGH,0.51772,4,but,0.072085,0.0575,LOW,STOPWORD,False,False
136,Bateleur has anti-sandbox features but they do not appear to,fin7,True,TA0005,TA0007,HIGH,0.51772,5,they,0.047205,0.0377,NONE,STOPWORD,False,False
136,Bateleur has anti-sandbox features but they do not appear to,fin7,True,TA0005,TA0007,HIGH,0.51772,6,do,0.042089,0.0336,NONE,STOPWORD,False,False
136,Bateleur has anti-sandbox features but they do not appear to,fin7,True,TA0005,TA0007,HIGH,0.51772,7,not,0.05406,0.0431,NONE,STOPWORD,False,False
136,Bateleur has anti-sandbox features but they do not appear to,fin7,True,TA0005,TA0007,HIGH,0.51772,8,appear,0.039348,0.0314,NONE,ATTACK_VOCAB,True,True
136,Bateleur has anti-sandbox features but they do not appear to,fin7,True,TA0005,TA0007,HIGH,0.51772,9,to,0.05435,0.0434,NONE,STOPWORD,False,False
136,Bateleur has anti-sandbox features but they do not appear to,fin7,True,TA0005,TA0007,HIGH,0.51772,10,be,0.059911,0.0478,NONE,STOPWORD,False,False
136,Bateleur has anti-sandbox features but they do not appear to,fin7,True,TA0005,TA0007,HIGH,0.51772,11,used,0.074437,0.0594,LOW,ATTACK_VOCAB,True,True
136,Bateleur has anti-sandbox features but they do not appear to,fin7,True,TA0005,TA0007,HIGH,0.51772,12,at,0.163702,0.1306,LOW,STOPWORD,False,False
136,Bateleur has anti-sandbox features but they do not appear to,fin7,True,TA0005,TA0007,HIGH,0.51772,13,this,0.070437,0.0562,LOW,STOPWORD,False,False
136,Bateleur has anti-sandbox features but they do not appear to,fin7,True,TA0005,TA0007,HIGH,0.51772,14,time.Â,-0.031216,-0.0249,NONE,ATTACK_VOCAB,True,True
136,Bateleur has anti-sandbox features but they do not appear to,fin7,True,TA0005,TA0007,HIGH,0.51772,15,This,0.10166,0.0811,LOW,STOPWORD,False,False
136,Bateleur has anti-sandbox features but they do not appear to,fin7,True,TA0005,TA0007,HIGH,0.51772,16,includes,0.010325,0.0082,NONE,ATTACK_VOCAB,True,True
136,Bateleur has anti-sandbox features but they do not appear to,fin7,True,TA0005,TA0007,HIGH,0.51772,17,detection,0.127181,0.1015,LOW,ATTACK_VOCAB,True,True
136,Bateleur has anti-sandbox features but they do not appear to,fin7,True,TA0005,TA0007,HIGH,0.51772,18,of,0.061861,0.0494,NONE,STOPWORD,False,False
136,Bateleur has anti-sandbox features but they do not appear to,fin7,True,TA0005,TA0007,HIGH,0.51772,19,"Virtualbox,",-0.005134,-0.0041,NONE,ATTACK_VOCAB,True,False
136,Bateleur has anti-sandbox features but they do not appear to,fin7,True,TA0005,TA0007,HIGH,0.51772,20,"VMware,",0.084961,0.0678,LOW,ATTACK_VOCAB,True,False
136,Bateleur has anti-sandbox features but they do not appear to,fin7,True,TA0005,TA0007,HIGH,0.51772,21,or,0.091323,0.0729,LOW,STOPWORD,False,False
136,Bateleur has anti-sandbox features but they do not appear to,fin7,True,TA0005,TA0007,HIGH,0.51772,22,Parallels,0.055028,0.0439,NONE,OTHER,False,False
136,Bateleur has anti-sandbox features but they do not appear to,fin7,True,TA0005,TA0007,HIGH,0.51772,23,via,0.05958,0.0475,NONE,STOPWORD,False,False
136,Bateleur has anti-sandbox features but they do not appear to,fin7,True,TA0005,TA0007,HIGH,0.51772,24,SMBIOSBIOSVersion,-0.178503,-0.1425,LOW,OTHER,False,False
136,Bateleur has anti-sandbox features but they do not appear to,fin7,True,TA0005,TA0007,HIGH,0.51772,25,and,0.048381,0.0386,NONE,STOPWORD,False,False
136,Bateleur has anti-sandbox features but they do not appear to,fin7,True,TA0005,TA0007,HIGH,0.51772,26,any,0.046893,0.0374,NONE,STOPWORD,False,False
136,Bateleur has anti-sandbox features but they do not appear to,fin7,True,TA0005,TA0007,HIGH,0.51772,27,of,0.0515,0.0411,NONE,STOPWORD,False,False
136,Bateleur has anti-sandbox features but they do not appear to,fin7,True,TA0005,TA0007,HIGH,0.51772,28,the,0.054457,0.0435,NONE,STOPWORD,False,False
136,Bateleur has anti-sandbox features but they do not appear to,fin7,True,TA0005,TA0007,HIGH,0.51772,29,following,0.073404,0.0586,LOW,ATTACK_VOCAB,True,True
136,Bateleur has anti-sandbox features but they do not appear to,fin7,True,TA0005,TA0007,HIGH,0.51772,30,strings,0.113327,0.0904,LOW,ATTACK_VOCAB,True,True
136,Bateleur has anti-sandbox features but they do not appear to,fin7,True,TA0005,TA0007,HIGH,0.51772,31,in,0.038555,0.0308,NONE,STOPWORD,False,False
136,Bateleur has anti-sandbox features but they do not appear to,fin7,True,TA0005,TA0007,HIGH,0.51772,32,DeviceID,0.111264,0.0888,LOW,OTHER,False,False
137,The second module is used by the operators to execute an obf,fin7,True,TA0002,TA0002,HIGH,1.340041,0,The,0.04485,0.0401,NONE,STOPWORD,False,False
137,The second module is used by the operators to execute an obf,fin7,True,TA0002,TA0002,HIGH,1.340041,1,second,0.220519,0.1973,LOW,ATTACK_VOCAB,True,True
137,The second module is used by the operators to execute an obf,fin7,True,TA0002,TA0002,HIGH,1.340041,2,module,-0.006878,-0.0062,NONE,ATTACK_VOCAB,True,True
137,The second module is used by the operators to execute an obf,fin7,True,TA0002,TA0002,HIGH,1.340041,3,is,0.08977,0.0803,LOW,STOPWORD,False,False
137,The second module is used by the operators to execute an obf,fin7,True,TA0002,TA0002,HIGH,1.340041,4,used,0.048199,0.0431,NONE,ATTACK_VOCAB,True,True
137,The second module is used by the operators to execute an obf,fin7,True,TA0002,TA0002,HIGH,1.340041,5,by,0.072149,0.0646,LOW,STOPWORD,False,False
137,The second module is used by the operators to execute an obf,fin7,True,TA0002,TA0002,HIGH,1.340041,6,the,0.00847,0.0076,NONE,STOPWORD,False,False
137,The second module is used by the operators to execute an obf,fin7,True,TA0002,TA0002,HIGH,1.340041,7,operators,-0.043821,-0.0392,NONE,ATTACK_VOCAB,True,True
137,The second module is used by the operators to execute an obf,fin7,True,TA0002,TA0002,HIGH,1.340041,8,to,-0.032361,-0.029,NONE,STOPWORD,False,False
137,The second module is used by the operators to execute an obf,fin7,True,TA0002,TA0002,HIGH,1.340041,9,execute,1.117459,1.0,HIGH,ATTACK_VOCAB,True,True
137,The second module is used by the operators to execute an obf,fin7,True,TA0002,TA0002,HIGH,1.340041,10,an,0.028144,0.0252,NONE,STOPWORD,False,False
137,The second module is used by the operators to execute an obf,fin7,True,TA0002,TA0002,HIGH,1.340041,11,obfuscated,-0.373773,-0.3345,MEDIUM,ATTACK_VOCAB,True,True
137,The second module is used by the operators to execute an obf,fin7,True,TA0002,TA0002,HIGH,1.340041,12,PowerShell,-0.045638,-0.0408,NONE,ATTACK_VOCAB,True,True
137,The second module is used by the operators to execute an obf,fin7,True,TA0002,TA0002,HIGH,1.340041,13,script,-0.037457,-0.0335,NONE,ATTACK_VOCAB,True,True
138,COZY BEAR's preferred intrusion method is a broadly targeted,apt29,True,T1566.002,TA0001,HIGH,2.079917,0,COZY,-0.130422,-0.076,LOW,OTHER,False,True
138,COZY BEAR's preferred intrusion method is a broadly targeted,apt29,True,T1566.002,TA0001,HIGH,2.079917,1,BEAR's,-0.022849,-0.0133,NONE,OTHER,False,False
138,COZY BEAR's preferred intrusion method is a broadly targeted,apt29,True,T1566.002,TA0001,HIGH,2.079917,2,preferred,-0.327271,-0.1906,LOW,ATTACK_VOCAB,True,False
138,COZY BEAR's preferred intrusion method is a broadly targeted,apt29,True,T1566.002,TA0001,HIGH,2.079917,3,intrusion,-0.109907,-0.064,LOW,ATTACK_VOCAB,True,True
138,COZY BEAR's preferred intrusion method is a broadly targeted,apt29,True,T1566.002,TA0001,HIGH,2.079917,4,method,-0.0626,-0.0365,NONE,ATTACK_VOCAB,True,True
138,COZY BEAR's preferred intrusion method is a broadly targeted,apt29,True,T1566.002,TA0001,HIGH,2.079917,5,is,0.005422,0.0032,NONE,STOPWORD,False,False
138,COZY BEAR's preferred intrusion method is a broadly targeted,apt29,True,T1566.002,TA0001,HIGH,2.079917,6,a,-0.015095,-0.0088,NONE,STOPWORD,False,False
138,COZY BEAR's preferred intrusion method is a broadly targeted,apt29,True,T1566.002,TA0001,HIGH,2.079917,7,broadly,-0.093936,-0.0547,LOW,ATTACK_VOCAB,True,False
138,COZY BEAR's preferred intrusion method is a broadly targeted,apt29,True,T1566.002,TA0001,HIGH,2.079917,8,targeted,-0.142118,-0.0828,LOW,ATTACK_VOCAB,True,True
138,COZY BEAR's preferred intrusion method is a broadly targeted,apt29,True,T1566.002,TA0001,HIGH,2.079917,9,spearphish,0.840686,0.4897,MEDIUM,OTHER,False,False
138,COZY BEAR's preferred intrusion method is a broadly targeted,apt29,True,T1566.002,TA0001,HIGH,2.079917,10,campaign,0.067748,0.0395,NONE,ATTACK_VOCAB,True,True
138,COZY BEAR's preferred intrusion method is a broadly targeted,apt29,True,T1566.002,TA0001,HIGH,2.079917,11,that,0.123611,0.072,LOW,STOPWORD,False,False
138,COZY BEAR's preferred intrusion method is a broadly targeted,apt29,True,T1566.002,TA0001,HIGH,2.079917,12,typically,0.071098,0.0414,NONE,ATTACK_VOCAB,True,True
138,COZY BEAR's preferred intrusion method is a broadly targeted,apt29,True,T1566.002,TA0001,HIGH,2.079917,13,includes,0.106209,0.0619,LOW,ATTACK_VOCAB,True,True
138,COZY BEAR's preferred intrusion method is a broadly targeted,apt29,True,T1566.002,TA0001,HIGH,2.079917,14,web,0.038616,0.0225,NONE,ATTACK_VOCAB,True,True
138,COZY BEAR's preferred intrusion method is a broadly targeted,apt29,True,T1566.002,TA0001,HIGH,2.079917,15,links,1.716828,1.0,HIGH,ATTACK_VOCAB,True,True
138,COZY BEAR's preferred intrusion method is a broadly targeted,apt29,True,T1566.002,TA0001,HIGH,2.079917,16,to,0.087342,0.0509,LOW,STOPWORD,False,False
138,COZY BEAR's preferred intrusion method is a broadly targeted,apt29,True,T1566.002,TA0001,HIGH,2.079917,17,a,0.034525,0.0201,NONE,STOPWORD,False,False
138,COZY BEAR's preferred intrusion method is a broadly targeted,apt29,True,T1566.002,TA0001,HIGH,2.079917,18,malicious,0.138941,0.0809,LOW,ATTACK_VOCAB,True,True
138,COZY BEAR's preferred intrusion method is a broadly targeted,apt29,True,T1566.002,TA0001,HIGH,2.079917,19,dropper.,-0.057602,-0.0336,NONE,ATTACK_VOCAB,True,True
139,The dropper checks whether the host is 32-bit or 64-bit by c,wizardspider,True,TA0007,TA0007,HIGH,1.268186,0,The,0.37435,0.1576,LOW,STOPWORD,False,False
139,The dropper checks whether the host is 32-bit or 64-bit by c,wizardspider,True,TA0007,TA0007,HIGH,1.268186,1,dropper,0.761576,0.3207,MEDIUM,ATTACK_VOCAB,True,True
139,The dropper checks whether the host is 32-bit or 64-bit by c,wizardspider,True,TA0007,TA0007,HIGH,1.268186,2,checks,2.375058,1.0,HIGH,ATTACK_VOCAB,True,True
139,The dropper checks whether the host is 32-bit or 64-bit by c,wizardspider,True,TA0007,TA0007,HIGH,1.268186,3,whether,-0.33893,-0.1427,LOW,ATTACK_VOCAB,True,True
139,The dropper checks whether the host is 32-bit or 64-bit by c,wizardspider,True,TA0007,TA0007,HIGH,1.268186,4,the,-0.008834,-0.0037,NONE,STOPWORD,False,False
139,The dropper checks whether the host is 32-bit or 64-bit by c,wizardspider,True,TA0007,TA0007,HIGH,1.268186,5,host,0.08823,0.0371,NONE,ATTACK_VOCAB,True,True
139,The dropper checks whether the host is 32-bit or 64-bit by c,wizardspider,True,TA0007,TA0007,HIGH,1.268186,6,is,-0.185061,-0.0779,LOW,STOPWORD,False,False
139,The dropper checks whether the host is 32-bit or 64-bit by c,wizardspider,True,TA0007,TA0007,HIGH,1.268186,7,32-bit,-0.283792,-0.1195,LOW,OTHER,False,False
139,The dropper checks whether the host is 32-bit or 64-bit by c,wizardspider,True,TA0007,TA0007,HIGH,1.268186,8,or,-0.018537,-0.0078,NONE,STOPWORD,False,False
139,The dropper checks whether the host is 32-bit or 64-bit by c,wizardspider,True,TA0007,TA0007,HIGH,1.268186,9,64-bit,-0.31321,-0.1319,LOW,OTHER,False,False
139,The dropper checks whether the host is 32-bit or 64-bit by c,wizardspider,True,TA0007,TA0007,HIGH,1.268186,10,by,-0.098636,-0.0415,NONE,STOPWORD,False,False
139,The dropper checks whether the host is 32-bit or 64-bit by c,wizardspider,True,TA0007,TA0007,HIGH,1.268186,11,callingIsWow64Processand,-0.19862,-0.0836,LOW,OTHER,False,False
139,The dropper checks whether the host is 32-bit or 64-bit by c,wizardspider,True,TA0007,TA0007,HIGH,1.268186,12,writes,-0.357753,-0.1506,LOW,ATTACK_VOCAB,True,True
139,The dropper checks whether the host is 32-bit or 64-bit by c,wizardspider,True,TA0007,TA0007,HIGH,1.268186,13,one,-0.090624,-0.0382,NONE,ATTACK_VOCAB,True,True
139,The dropper checks whether the host is 32-bit or 64-bit by c,wizardspider,True,TA0007,TA0007,HIGH,1.268186,14,of,-0.191476,-0.0806,LOW,STOPWORD,False,False
139,The dropper checks whether the host is 32-bit or 64-bit by c,wizardspider,True,TA0007,TA0007,HIGH,1.268186,15,two,-0.136835,-0.0576,LOW,ATTACK_VOCAB,True,True
139,The dropper checks whether the host is 32-bit or 64-bit by c,wizardspider,True,TA0007,TA0007,HIGH,1.268186,16,embedded,-0.062853,-0.0265,NONE,ATTACK_VOCAB,True,True
139,The dropper checks whether the host is 32-bit or 64-bit by c,wizardspider,True,TA0007,TA0007,HIGH,1.268186,17,payload,0.033801,0.0142,NONE,ATTACK_VOCAB,True,True
139,The dropper checks whether the host is 32-bit or 64-bit by c,wizardspider,True,TA0007,TA0007,HIGH,1.268186,18,executables,-0.310169,-0.1306,LOW,ATTACK_VOCAB,True,True
139,The dropper checks whether the host is 32-bit or 64-bit by c,wizardspider,True,TA0007,TA0007,HIGH,1.268186,19,corresponding,0.018677,0.0079,NONE,ATTACK_VOCAB,True,False
139,The dropper checks whether the host is 32-bit or 64-bit by c,wizardspider,True,TA0007,TA0007,HIGH,1.268186,20,to,-0.054935,-0.0231,NONE,STOPWORD,False,False
139,The dropper checks whether the host is 32-bit or 64-bit by c,wizardspider,True,TA0007,TA0007,HIGH,1.268186,21,the,-0.040633,-0.0171,NONE,STOPWORD,False,False
139,The dropper checks whether the host is 32-bit or 64-bit by c,wizardspider,True,TA0007,TA0007,HIGH,1.268186,22,host's,-0.020654,-0.0087,NONE,ATTACK_VOCAB,True,True
139,The dropper checks whether the host is 32-bit or 64-bit by c,wizardspider,True,TA0007,TA0007,HIGH,1.268186,23,architecture,-0.024434,-0.0103,NONE,ATTACK_VOCAB,True,True
140,Creates a TaskService object and Gets the task folder that c,oilrig,True,TA0002,TA0002,MEDIUM,0.219227,0,Creates,0.159619,0.4434,MEDIUM,ATTACK_VOCAB,True,True
140,Creates a TaskService object and Gets the task folder that c,oilrig,True,TA0002,TA0002,MEDIUM,0.219227,1,a,-0.00999,-0.0278,NONE,STOPWORD,False,False
140,Creates a TaskService object and Gets the task folder that c,oilrig,True,TA0002,TA0002,MEDIUM,0.219227,2,TaskService,-0.359952,-1.0,HIGH,OTHER,False,False
140,Creates a TaskService object and Gets the task folder that c,oilrig,True,TA0002,TA0002,MEDIUM,0.219227,3,object,0.137814,0.3829,MEDIUM,ATTACK_VOCAB,True,True
140,Creates a TaskService object and Gets the task folder that c,oilrig,True,TA0002,TA0002,MEDIUM,0.219227,4,and,-0.048805,-0.1356,LOW,STOPWORD,False,False
140,Creates a TaskService object and Gets the task folder that c,oilrig,True,TA0002,TA0002,MEDIUM,0.219227,5,Gets,0.014046,0.039,NONE,OTHER,False,True
140,Creates a TaskService object and Gets the task folder that c,oilrig,True,TA0002,TA0002,MEDIUM,0.219227,6,the,0.048222,0.134,LOW,STOPWORD,False,False
140,Creates a TaskService object and Gets the task folder that c,oilrig,True,TA0002,TA0002,MEDIUM,0.219227,7,task,0.184624,0.5129,HIGH,ATTACK_VOCAB,True,True
140,Creates a TaskService object and Gets the task folder that c,oilrig,True,TA0002,TA0002,MEDIUM,0.219227,8,folder,-0.213172,-0.5922,HIGH,ATTACK_VOCAB,True,True
140,Creates a TaskService object and Gets the task folder that c,oilrig,True,TA0002,TA0002,MEDIUM,0.219227,9,that,-0.095218,-0.2645,MEDIUM,STOPWORD,False,False
140,Creates a TaskService object and Gets the task folder that c,oilrig,True,TA0002,TA0002,MEDIUM,0.219227,10,contains,0.068685,0.1908,LOW,ATTACK_VOCAB,True,True
140,Creates a TaskService object and Gets the task folder that c,oilrig,True,TA0002,TA0002,MEDIUM,0.219227,11,the,0.124083,0.3447,MEDIUM,STOPWORD,False,False
140,Creates a TaskService object and Gets the task folder that c,oilrig,True,TA0002,TA0002,MEDIUM,0.219227,12,list,-0.154249,-0.4285,MEDIUM,ATTACK_VOCAB,True,True
140,Creates a TaskService object and Gets the task folder that c,oilrig,True,TA0002,TA0002,MEDIUM,0.219227,13,of,-0.020342,-0.0565,LOW,STOPWORD,False,False
140,Creates a TaskService object and Gets the task folder that c,oilrig,True,TA0002,TA0002,MEDIUM,0.219227,14,the,0.102672,0.2852,MEDIUM,STOPWORD,False,False
140,Creates a TaskService object and Gets the task folder that c,oilrig,True,TA0002,TA0002,MEDIUM,0.219227,15,current,0.234454,0.6513,HIGH,ATTACK_VOCAB,True,True
140,Creates a TaskService object and Gets the task folder that c,oilrig,True,TA0002,TA0002,MEDIUM,0.219227,16,tasks,0.241028,0.6696,HIGH,ATTACK_VOCAB,True,True
141,POSHSPY's use of WMI to both store and persist the backdoor ,apt29,True,T1047,TA0002,HIGH,1.310862,0,POSHSPY's,-0.168873,-0.0426,NONE,OTHER,False,False
141,POSHSPY's use of WMI to both store and persist the backdoor ,apt29,True,T1047,TA0002,HIGH,1.310862,1,use,0.992186,0.2504,MEDIUM,ATTACK_VOCAB,True,True
141,POSHSPY's use of WMI to both store and persist the backdoor ,apt29,True,T1047,TA0002,HIGH,1.310862,2,of,-0.167312,-0.0422,NONE,STOPWORD,False,False
141,POSHSPY's use of WMI to both store and persist the backdoor ,apt29,True,T1047,TA0002,HIGH,1.310862,3,WMI,3.962113,1.0,HIGH,ATTACK_VOCAB,True,True
141,POSHSPY's use of WMI to both store and persist the backdoor ,apt29,True,T1047,TA0002,HIGH,1.310862,4,to,0.14476,0.0365,NONE,STOPWORD,False,False
141,POSHSPY's use of WMI to both store and persist the backdoor ,apt29,True,T1047,TA0002,HIGH,1.310862,5,both,0.053443,0.0135,NONE,ATTACK_VOCAB,True,True
141,POSHSPY's use of WMI to both store and persist the backdoor ,apt29,True,T1047,TA0002,HIGH,1.310862,6,store,-0.0884,-0.0223,NONE,ATTACK_VOCAB,True,True
141,POSHSPY's use of WMI to both store and persist the backdoor ,apt29,True,T1047,TA0002,HIGH,1.310862,7,and,-0.00702,-0.0018,NONE,STOPWORD,False,False
141,POSHSPY's use of WMI to both store and persist the backdoor ,apt29,True,T1047,TA0002,HIGH,1.310862,8,persist,-0.07211,-0.0182,NONE,ATTACK_VOCAB,True,True
141,POSHSPY's use of WMI to both store and persist the backdoor ,apt29,True,T1047,TA0002,HIGH,1.310862,9,the,-0.025846,-0.0065,NONE,STOPWORD,False,False
141,POSHSPY's use of WMI to both store and persist the backdoor ,apt29,True,T1047,TA0002,HIGH,1.310862,10,backdoor,0.0687,0.0173,NONE,ATTACK_VOCAB,True,True
141,POSHSPY's use of WMI to both store and persist the backdoor ,apt29,True,T1047,TA0002,HIGH,1.310862,11,code,-0.005794,-0.0015,NONE,ATTACK_VOCAB,True,True
141,POSHSPY's use of WMI to both store and persist the backdoor ,apt29,True,T1047,TA0002,HIGH,1.310862,12,makes,-0.138119,-0.0349,NONE,ATTACK_VOCAB,True,True
141,POSHSPY's use of WMI to both store and persist the backdoor ,apt29,True,T1047,TA0002,HIGH,1.310862,13,it,-0.021587,-0.0054,NONE,STOPWORD,False,False
141,POSHSPY's use of WMI to both store and persist the backdoor ,apt29,True,T1047,TA0002,HIGH,1.310862,14,nearly,0.01524,0.0038,NONE,ATTACK_VOCAB,True,False
141,POSHSPY's use of WMI to both store and persist the backdoor ,apt29,True,T1047,TA0002,HIGH,1.310862,15,invisible,-0.090866,-0.0229,NONE,OTHER,False,False
141,POSHSPY's use of WMI to both store and persist the backdoor ,apt29,True,T1047,TA0002,HIGH,1.310862,16,to,-0.024769,-0.0063,NONE,STOPWORD,False,False
141,POSHSPY's use of WMI to both store and persist the backdoor ,apt29,True,T1047,TA0002,HIGH,1.310862,17,anyone,0.016112,0.0041,NONE,ATTACK_VOCAB,True,False
141,POSHSPY's use of WMI to both store and persist the backdoor ,apt29,True,T1047,TA0002,HIGH,1.310862,18,not,-0.05677,-0.0143,NONE,STOPWORD,False,False
141,POSHSPY's use of WMI to both store and persist the backdoor ,apt29,True,T1047,TA0002,HIGH,1.310862,19,familiar,0.047312,0.0119,NONE,ATTACK_VOCAB,True,True
141,POSHSPY's use of WMI to both store and persist the backdoor ,apt29,True,T1047,TA0002,HIGH,1.310862,20,with,-0.005478,-0.0014,NONE,STOPWORD,False,False
141,POSHSPY's use of WMI to both store and persist the backdoor ,apt29,True,T1047,TA0002,HIGH,1.310862,21,the,-0.036824,-0.0093,NONE,STOPWORD,False,False
141,POSHSPY's use of WMI to both store and persist the backdoor ,apt29,True,T1047,TA0002,HIGH,1.310862,22,intricacies,0.009162,0.0023,NONE,OTHER,False,False
141,POSHSPY's use of WMI to both store and persist the backdoor ,apt29,True,T1047,TA0002,HIGH,1.310862,23,of,-0.045677,-0.0115,NONE,STOPWORD,False,False
141,POSHSPY's use of WMI to both store and persist the backdoor ,apt29,True,T1047,TA0002,HIGH,1.310862,24,WMI.,-0.189969,-0.0479,NONE,ATTACK_VOCAB,True,True
142,the attackers inserted macros into the documents designed to,apt29,True,T1105,T1204,MEDIUM,0.101892,0,the,-0.008413,-0.0146,NONE,STOPWORD,False,False
142,the attackers inserted macros into the documents designed to,apt29,True,T1105,T1204,MEDIUM,0.101892,1,attackers,0.019103,0.0332,NONE,ATTACK_VOCAB,True,True
142,the attackers inserted macros into the documents designed to,apt29,True,T1105,T1204,MEDIUM,0.101892,2,inserted,-0.192961,-0.3355,MEDIUM,ATTACK_VOCAB,True,False
142,the attackers inserted macros into the documents designed to,apt29,True,T1105,T1204,MEDIUM,0.101892,3,macros,-0.100651,-0.175,LOW,ATTACK_VOCAB,True,True
142,the attackers inserted macros into the documents designed to,apt29,True,T1105,T1204,MEDIUM,0.101892,4,into,0.029168,0.0507,LOW,STOPWORD,False,False
142,the attackers inserted macros into the documents designed to,apt29,True,T1105,T1204,MEDIUM,0.101892,5,the,-0.034225,-0.0595,LOW,STOPWORD,False,False
142,the attackers inserted macros into the documents designed to,apt29,True,T1105,T1204,MEDIUM,0.101892,6,documents,-0.19225,-0.3343,MEDIUM,ATTACK_VOCAB,True,True
142,the attackers inserted macros into the documents designed to,apt29,True,T1105,T1204,MEDIUM,0.101892,7,designed,0.008087,0.0141,NONE,ATTACK_VOCAB,True,True
142,the attackers inserted macros into the documents designed to,apt29,True,T1105,T1204,MEDIUM,0.101892,8,to,0.018852,0.0328,NONE,STOPWORD,False,False
142,the attackers inserted macros into the documents designed to,apt29,True,T1105,T1204,MEDIUM,0.101892,9,install,0.297121,0.5166,HIGH,ATTACK_VOCAB,True,True
142,the attackers inserted macros into the documents designed to,apt29,True,T1105,T1204,MEDIUM,0.101892,10,a,-0.00768,-0.0134,NONE,STOPWORD,False,False
142,the attackers inserted macros into the documents designed to,apt29,True,T1105,T1204,MEDIUM,0.101892,11,malware,-0.575112,-1.0,HIGH,ATTACK_VOCAB,True,True
142,the attackers inserted macros into the documents designed to,apt29,True,T1105,T1204,MEDIUM,0.101892,12,downloader,0.307899,0.5354,HIGH,ATTACK_VOCAB,True,True
142,the attackers inserted macros into the documents designed to,apt29,True,T1105,T1204,MEDIUM,0.101892,13,on,0.080293,0.1396,LOW,STOPWORD,False,False
142,the attackers inserted macros into the documents designed to,apt29,True,T1105,T1204,MEDIUM,0.101892,14,the,0.036522,0.0635,LOW,STOPWORD,False,False
142,the attackers inserted macros into the documents designed to,apt29,True,T1105,T1204,MEDIUM,0.101892,15,system.,-0.049541,-0.0861,LOW,ATTACK_VOCAB,True,True
142,the attackers inserted macros into the documents designed to,apt29,True,T1105,T1204,MEDIUM,0.101892,16,Successful,0.006249,0.0109,NONE,ATTACK_VOCAB,True,True
142,the attackers inserted macros into the documents designed to,apt29,True,T1105,T1204,MEDIUM,0.101892,17,exploitation,-0.037054,-0.0644,LOW,ATTACK_VOCAB,True,True
142,the attackers inserted macros into the documents designed to,apt29,True,T1105,T1204,MEDIUM,0.101892,18,would,0.029809,0.0518,LOW,STOPWORD,False,False
142,the attackers inserted macros into the documents designed to,apt29,True,T1105,T1204,MEDIUM,0.101892,19,result,-0.034991,-0.0608,LOW,ATTACK_VOCAB,True,True
142,the attackers inserted macros into the documents designed to,apt29,True,T1105,T1204,MEDIUM,0.101892,20,in,0.003753,0.0065,NONE,STOPWORD,False,False
142,the attackers inserted macros into the documents designed to,apt29,True,T1105,T1204,MEDIUM,0.101892,21,the,-0.094521,-0.1644,LOW,STOPWORD,False,False
142,the attackers inserted macros into the documents designed to,apt29,True,T1105,T1204,MEDIUM,0.101892,22,download,0.301076,0.5235,HIGH,ATTACK_VOCAB,True,True
142,the attackers inserted macros into the documents designed to,apt29,True,T1105,T1204,MEDIUM,0.101892,23,of,0.00859,0.0149,NONE,STOPWORD,False,False
142,the attackers inserted macros into the documents designed to,apt29,True,T1105,T1204,MEDIUM,0.101892,24,a,-0.060158,-0.1046,LOW,STOPWORD,False,False
142,the attackers inserted macros into the documents designed to,apt29,True,T1105,T1204,MEDIUM,0.101892,25,PNG,-0.209613,-0.3645,MEDIUM,ATTACK_VOCAB,True,True
142,the attackers inserted macros into the documents designed to,apt29,True,T1105,T1204,MEDIUM,0.101892,26,image,-0.055868,-0.0971,LOW,ATTACK_VOCAB,True,True
142,the attackers inserted macros into the documents designed to,apt29,True,T1105,T1204,MEDIUM,0.101892,27,file,-0.017893,-0.0311,NONE,ATTACK_VOCAB,True,True
142,the attackers inserted macros into the documents designed to,apt29,True,T1105,T1204,MEDIUM,0.101892,28,from,-0.099036,-0.1722,LOW,STOPWORD,False,False
142,the attackers inserted macros into the documents designed to,apt29,True,T1105,T1204,MEDIUM,0.101892,29,a,-0.045071,-0.0784,LOW,STOPWORD,False,False
142,the attackers inserted macros into the documents designed to,apt29,True,T1105,T1204,MEDIUM,0.101892,30,compromised,-0.122604,-0.2132,MEDIUM,ATTACK_VOCAB,True,True
142,the attackers inserted macros into the documents designed to,apt29,True,T1105,T1204,MEDIUM,0.101892,31,webserver.,-0.287537,-0.5,MEDIUM,ATTACK_VOCAB,True,True
143,"After executing the shellcode, a backdoor based on Carberp, ",carbanak,True,TA0011,T1105,HIGH,1.558522,0,After,-0.114798,-0.2298,MEDIUM,STOPWORD,False,False
143,"After executing the shellcode, a backdoor based on Carberp, ",carbanak,True,TA0011,T1105,HIGH,1.558522,1,executing,-0.094855,-0.1898,LOW,ATTACK_VOCAB,True,True
143,"After executing the shellcode, a backdoor based on Carberp, ",carbanak,True,TA0011,T1105,HIGH,1.558522,2,the,-0.132775,-0.2657,MEDIUM,STOPWORD,False,False
143,"After executing the shellcode, a backdoor based on Carberp, ",carbanak,True,TA0011,T1105,HIGH,1.558522,3,"shellcode,",-0.499639,-1.0,HIGH,ATTACK_VOCAB,True,True
143,"After executing the shellcode, a backdoor based on Carberp, ",carbanak,True,TA0011,T1105,HIGH,1.558522,4,a,-0.076017,-0.1521,LOW,STOPWORD,False,False
143,"After executing the shellcode, a backdoor based on Carberp, ",carbanak,True,TA0011,T1105,HIGH,1.558522,5,backdoor,-0.044262,-0.0886,LOW,ATTACK_VOCAB,True,True
143,"After executing the shellcode, a backdoor based on Carberp, ",carbanak,True,TA0011,T1105,HIGH,1.558522,6,based,0.000319,0.0006,NONE,ATTACK_VOCAB,True,True
143,"After executing the shellcode, a backdoor based on Carberp, ",carbanak,True,TA0011,T1105,HIGH,1.558522,7,on,-0.132308,-0.2648,MEDIUM,STOPWORD,False,False
143,"After executing the shellcode, a backdoor based on Carberp, ",carbanak,True,TA0011,T1105,HIGH,1.558522,8,"Carberp,",-0.098132,-0.1964,LOW,ATTACK_VOCAB,True,False
143,"After executing the shellcode, a backdoor based on Carberp, ",carbanak,True,TA0011,T1105,HIGH,1.558522,9,is,0.05817,0.1164,LOW,STOPWORD,False,False
143,"After executing the shellcode, a backdoor based on Carberp, ",carbanak,True,TA0011,T1105,HIGH,1.558522,10,installed,-0.012269,-0.0246,NONE,ATTACK_VOCAB,True,True
143,"After executing the shellcode, a backdoor based on Carberp, ",carbanak,True,TA0011,T1105,HIGH,1.558522,11,on,-0.073015,-0.1461,LOW,STOPWORD,False,False
143,"After executing the shellcode, a backdoor based on Carberp, ",carbanak,True,TA0011,T1105,HIGH,1.558522,12,the,0.016107,0.0322,NONE,STOPWORD,False,False
143,"After executing the shellcode, a backdoor based on Carberp, ",carbanak,True,TA0011,T1105,HIGH,1.558522,13,system,-0.132256,-0.2647,MEDIUM,ATTACK_VOCAB,True,True
144,checking the system drive size viaGetDrive.TotalSize of more,fin7,True,TA0005,TA0007,HIGH,1.088202,0,checking,-0.109253,-0.2253,MEDIUM,ATTACK_VOCAB,True,True
144,checking the system drive size viaGetDrive.TotalSize of more,fin7,True,TA0005,TA0007,HIGH,1.088202,1,the,0.028311,0.0584,LOW,STOPWORD,False,False
144,checking the system drive size viaGetDrive.TotalSize of more,fin7,True,TA0005,TA0007,HIGH,1.088202,2,system,0.009793,0.0202,NONE,ATTACK_VOCAB,True,True
144,checking the system drive size viaGetDrive.TotalSize of more,fin7,True,TA0005,TA0007,HIGH,1.088202,3,drive,0.009827,0.0203,NONE,ATTACK_VOCAB,True,True
144,checking the system drive size viaGetDrive.TotalSize of more,fin7,True,TA0005,TA0007,HIGH,1.088202,4,size,-0.141647,-0.2921,MEDIUM,ATTACK_VOCAB,True,True
144,checking the system drive size viaGetDrive.TotalSize of more,fin7,True,TA0005,TA0007,HIGH,1.088202,5,viaGetDrive.TotalSize,-0.484898,-1.0,HIGH,OTHER,False,False
144,checking the system drive size viaGetDrive.TotalSize of more,fin7,True,TA0005,TA0007,HIGH,1.088202,6,of,0.000117,0.0002,NONE,STOPWORD,False,False
144,checking the system drive size viaGetDrive.TotalSize of more,fin7,True,TA0005,TA0007,HIGH,1.088202,7,more,0.031083,0.0641,LOW,ATTACK_VOCAB,True,True
144,checking the system drive size viaGetDrive.TotalSize of more,fin7,True,TA0005,TA0007,HIGH,1.088202,8,than,0.034649,0.0715,LOW,STOPWORD,False,False
144,checking the system drive size viaGetDrive.TotalSize of more,fin7,True,TA0005,TA0007,HIGH,1.088202,9,2456,0.063872,0.1317,LOW,OTHER,False,False
144,checking the system drive size viaGetDrive.TotalSize of more,fin7,True,TA0005,TA0007,HIGH,1.088202,10,bytes,0.136746,0.282,MEDIUM,ATTACK_VOCAB,True,True
144,checking the system drive size viaGetDrive.TotalSize of more,fin7,True,TA0005,TA0007,HIGH,1.088202,11,to,0.048978,0.101,LOW,STOPWORD,False,False
144,checking the system drive size viaGetDrive.TotalSize of more,fin7,True,TA0005,TA0007,HIGH,1.088202,12,possibly,0.054755,0.1129,LOW,ATTACK_VOCAB,True,True
144,checking the system drive size viaGetDrive.TotalSize of more,fin7,True,TA0005,TA0007,HIGH,1.088202,13,thwart,0.390007,0.8043,HIGH,ATTACK_VOCAB,True,True
144,checking the system drive size viaGetDrive.TotalSize of more,fin7,True,TA0005,TA0007,HIGH,1.088202,14,anti-sandbox,0.120739,0.249,MEDIUM,OTHER,False,False
144,checking the system drive size viaGetDrive.TotalSize of more,fin7,True,TA0005,TA0007,HIGH,1.088202,15,check,-0.248004,-0.5115,HIGH,ATTACK_VOCAB,True,True
145,"It relies on the Gri""on JScript backdoor",fin7,True,T1059,TA0002,HIGH,0.78015,0,It,0.04918,0.0444,NONE,STOPWORD,False,False
145,"It relies on the Gri""on JScript backdoor",fin7,True,T1059,TA0002,HIGH,0.78015,1,relies,0.627525,0.5665,HIGH,ATTACK_VOCAB,True,True
145,"It relies on the Gri""on JScript backdoor",fin7,True,T1059,TA0002,HIGH,0.78015,2,on,-0.136866,-0.1236,LOW,STOPWORD,False,False
145,"It relies on the Gri""on JScript backdoor",fin7,True,T1059,TA0002,HIGH,0.78015,3,the,0.003502,0.0032,NONE,STOPWORD,False,False
145,"It relies on the Gri""on JScript backdoor",fin7,True,T1059,TA0002,HIGH,0.78015,4,"Gri""on",-0.094193,-0.085,LOW,OTHER,False,False
145,"It relies on the Gri""on JScript backdoor",fin7,True,T1059,TA0002,HIGH,0.78015,5,JScript,1.107705,1.0,HIGH,ATTACK_VOCAB,True,True
145,"It relies on the Gri""on JScript backdoor",fin7,True,T1059,TA0002,HIGH,0.78015,6,backdoor,-0.223155,-0.2015,MEDIUM,ATTACK_VOCAB,True,True
